0.936
0.402
0.006
0.898
0.006
0.03
0.174
0
0.008
0
0
0.002
0.126
0
0.026
0.006
0.002
0.01
0.004
0.002
0
0.044
0.016
0.006
0.012
0.018
0.002
0.05
0.014
0.03
0
0.056
0.006
0.004
0.002
0.018
0.06987555139
0.01
0.006
0.006
0.044
0.014
0.442
0.074
0.026
0.3498767146
0
0.008
0.958
0.048
0.004
0.004
0.012
0.028
0.018
0.01
0.05
0.012
0.034
0.004
0.004
0.028
0.046
0.174
0.03
0.182
0.076
0.014
0.128
0.016
0.004
0.562
0.032
0.012
0.002
0.036
0.004
0.006
0.044
0
0.028
0.03
0.012
0.036
0.014
0.02
0.078
0
0.812
0.006
0.016
0.012
0.026
0.132
0.03
0.028
0.046
0.02
0
0.014
0.154
0.009770564158
0.006
0.002
0.018
0.172
0
0.042
0.008
0.686
0.012
0.006
0.004
0.008
0.68
0
0.006
0.032
0.018
0.004
0.016
0.02
0.004
0.008
0.014
0.06187637941
0.006
0.048
0.004
0.014
0.138
0.004
0.0117669939
0.01
0.946
0.002
0.012
0.006
0.046
0
0.002
0.006
0
0.106
0.012
0.006
0.002
0.03
0.028
0.014
0.038
0.124
0.036
0.088
0.026
0.008
0.03
0.034
0.91
0.09
0.014
0.006
0.812
0
0.166
0.086
0.016
0.048
0.006
0.008
0.036
0.016
0.01
0.004
0.016
0.01
0.006
0.018
0.006
0.068
0.05
0.008
0.01
0.024
0.826
0.042
0.006
0.008
0.002
0.002
0.006
0.014
0.058
0.02
0.018
0.428
0.024
0
0.044
0.016
0.004
0.014
0.058
0.104
0.002
0.012
0.032
0
0.022
0.014
0.01
0.038
0.01
0.298
0.004
0.002
0.022
0.066
0.008
0.01
0.12
0.016
0
0.016
0.01
0.026
0.016
0.038
0.002
0.004
0.072
0.01
0.002
0.006
0.004
0
0.004
0.01
0.04
0.01
0.03
0.014
0.088
0.022
0.01
0.006
0.024
0.036
0.022
0.042
0.028
0.108
0.394
0.008
0.036
0.406
0
0.02
0.038
0.006
0.05362920496
0.036
0.024
0.136
0
0.008
0.006
0.03
0.048
0.028
0.003509856365
0.002
0
0.002
0.014
0.006
0.014
0.044
0.01
0.01
0.006
0.08
0.028
0.798
0.012
0.014
0.01
0.09
0.062
0.026
0
0.022
0.002
0
0.002
0
0.002
0.024
0.034
0.058
0.03
0.002
0.02
0.01
0.004
0.004
0.006
0.02
0.028
0.05
0.026
0.002
0
0.038
0.026
0.016
0.018
0.002
0
0.132
0.002
0.026
0.038
0.148
0.01
0.07137298778
0.002
0.052
0.004
0.01
0.004
0.008
0.004
0.06
0.006
0.0559362815
0.022
0.016
0.012
0.014
0.006
0.602
0.048
0.012
0.034
0.764
0.01
0.014
0
0.026
0.008
0.014
0.022
0.086
0.004
0.004
0.1637672562
0.034
0.106
0.004
0.008
0.002
0.052
0
0
0.052
0.006
0.002
0.068
0.018
0.004
0.006
0.008
0.04
0.028
0.026
0.072
0
0.004
0.088
0.002
0.01
0.018
0.612
0.002
0.05323848211
0.018
0.022
0.038
0.03
0.032
0.494
0.06
0.056
0.002
0.022
0.008
0.012
0.002
0.022
0.006
0.02
0.958
0.012
0
0.002
0.086
0.004
0.742
0.006
0.008
0.004
0.01
0.478
0.04
0.024
0.02187743414
0.49
0.022
0.052
0.01
0.494
0
0.03
0.012
0.03
0
0.008
0.004
0.008
0
0.108
0.736
0.002
0
0
0.066
0.03
0.008
0.014
0.046
0.036
0.002
0.038
0.004
0.02753645487
0.022
0
0.01
0.018
0.02
0.004
0.034
0.01
0.002
0.028
0
0.012
0.008
0.2847485485
0.018
0.034
0.022
0
0.004
0.004
0.254
0
0.002
0.012
0.3
0.018
0.014
0.022
0.032
0.026
0.018
0.006
0.004
0.038
0.494
0.01387773972
0
0
0.002
0.024
0
0.003963301104
0.016
0.028
0.006
0.014
0.006
0.03
0.002
0.012
0
0.002
0.006
0.032
0.004
0.234
0.002
0.014
0.232
0.848
0.002
0.01
0.001937561149
0.014
0.01
0.036
0.028
0.012
0.018
0.006
0
0
0.004
0
0.024
0.006
0.008
0.008
0.068
0.02
0.018
0.008
0.024
0.968
0.008
0.006
0.006
0.864
0.014
0.006
0.022
0.028
0.012
0.004
0.012
0.006
0.608
0.31
0.004
0.004
0.016
0.024
0.046
0.004
0.02
0.014
0.008
0.032
0.014
0.04
0.272
0.006
0.048
0.122
0.006
0.002
0.3356690038
0.016
0.002
0.02793594035
0.05
0.004
0.02
0.012
0.01
0.004
0.012
0.654
0.084
0.012
0.308
0.14
0.018
0.042
0
0.048
0.01
0.1778749895
0.008
0.004
0.158
0.068
0.48
0
0.016
0.006
0.01
0.07
0.026
0.014
0.042
0.18
0.076
0.08
0.02
0.018
0.032
0.014
0.002
0.01
0.004
0.016
0.01
0.006
0.03
0.02
0.004
0
0.048
0.016
0.006
0.082
0.002
0
0.006
0.006
0.076
0
0.016
0.014
0.032
0.01
0.062
0.044
0.56
0.002
0.018
0.016
0.05
0.004
0.012
0.064
0.006
0.036
0.08
0
0.204
0.002
0.046
0.004
0.004
0.01
0.056
0.014
0.154
0.024
0.018
0.006
0.002
0.02
0.002
0.002
0.01
0.002
0.248
0.03
0.508
0.008
0
0.02
0.054
0.004
0.016
0.0955326599
0.006
0.072
0.016
0.066
0.004
0
0.014
0.002
0.008
0.012
0.004
0.02
0.01
0.008
0.1
0.11
0.88
0
0.012
0.02587496981
0.032
0.008
0.016
0.132
0.048
0.022
0.004
0.01
0.566
0
0.074
0.024
0.016
0.332
0.006
0.002
0.002
0.006
0.006
0.002
0.002
0.004
0.006
0.024
0.054
0.138
0.45
0.076
0.1115075654
0.016
0.002
0.004
0.116
0.05
0.032
0.01
0.028
0.008
0.012
0.006
0.036
0.01
0.042
0.046
0.004
0
0.848
0.03
0.014
0.006
0
0.072
0.894
0.004
0
0.028
0.006
0.018
0.12
0.41
0.404
0.004
0
0.11
0.01
0.102
0.02
0.026
0.444
0.004
0.104
0.008
0.062
0.408
0.036
0.734
0.006
0
0.03
0.002
0.002
0.004
0.002
0.188
0.01
0.012
0.032
0.004
0.06390697319
0.02783755378
0.02
0.018
0.006
0.006
0
0.004
0.012
0.014
0.032
0.004
0.03
0.072
0.044
0.022
0.02
0.002
0.026
0.096
0.002
0.006
0.054
0.016
0.014
0.002
0.048
0.004
0
0.024
0.082
0.332
0.04
0.004
0.022
0.256
0.014
0.006
0.024
0.028
0.776
0.12
0.01
0.02787772986
0.008
0.022
0.016
0.014
0.002
0
0.518
0.048
0.012
0.042
0.008
0.06
0.004
0
0.006
0.332
0.01
0.02
0.21
0.018
0.024
0.003752058947
0.02
0.006
0.046
0.218
0.022
0.018
0.046
0.18
0.596
0.008
0.028
0.008
0.004
0.006
0.012
0.016
0.004
0.008
0.038
0.012
0.002
0.108
0.028
0.036
0.022
0.012
0.05
0.02
0.006
0.004
0.002
0.056
0.026
0.5495686465
0.002
0.028
0.04
0.008
0.032
0.012
0
0.01
0.008
0.058
0.01
0.002
0.012
0.02
0.016
0.47
0.014
0.004
0
0.008
0.012
0.082
0.014
0
0.306
0.004
0.084
0
0.014
0.01
0.01
0.01
0.006
0.018
0.001768253217
0.014
0.01
0.014
0.25
0.858
0.036
0.028
0.03
0.016
0
0
0.002
0.008
0.04
0
0.006
0.02
0.1858764386
0.018
0.01773463342
0.074
0.006
0.008
0.058
0
0.784
0.004
0.056
0.032
0
0
0.004
0.002
0.032
0.058
0.002
0.002
0.014
0.006
0.014
0.024
0.004
0.004
0.936
0.08569012655
0
0.004
0.006
0.116
0.866
0.624
0.01
0.006
0.004
0.008
0.124
0.004
0.012
0.05
0.014
0.054
0.0198206429
0.044
0.178
0.012
0.038
0.006
0.01
0.1819563855
0.004
0.322
0.008
0.282
0
0.002
0.044
0
0.004
0.036
0.008
0.002
0.004
0.004
0.048
0.008
0.014
0
0.034
0.046
0.002
0.006
0.008
0.012
0.002
0.01
0.004
0.016
0.184
0.006
0.634
0
0.008
0.018
0.016
0.026
0.016
0.034
0.018
0.818
0.012
0.016
0.006
0
0.1539154689
0.098
0.002
0.314
0
0.026
0.412
0
0.004
0.02
0.04957746438
0.012
0
0.028
0.006
0.001671299608
0.046
0.122
0.02
0.084
0.004
0.002
0.018
0.012
0.016
0.01
0.004
0.004
0
0.092
0.04
0.904
0.024
0.0116448182
0.006
0.016
0.004
0.01187726657
0.004
0.026
0.008
0.592
0.008
0.01
0.002
0.018
0.03187456566
0.048
0.016
0.024
0.022
0.01176869068
0.74
0.002
0.076
0.004
0.048
0.01
0.038
0.056
0.006
0.032
0.012
0.02
0.028
0.002
0.004
0.04
0.02587492053
0.006
0.04
0.08393694775
0.01
0.12
0.022
0.02
0.012
0.118
0.002
0.058
0.012
0.006
0.02
0.016
0.056
0.02
0
0.032
0.008
0.012
0.008
0.028
0.01
0.03
0.008
0.026
0.274
0.006
0.024
0.01
0.002
0.098
0.026
0.006
0.016
0.004
0.012
0.02
0
0.006
0.034
0.008
0.002
0.04
0.01
0.002
0.022
0
0.022
0.002
0.044
0.006
0.042
0
0.01
0.062
0.006
0.014
0.002
0.122
0.004
0.008
0.034
0.008
0.014
0.018
0.024
0.012
0.032
0.002
0.014
0.022
0.005875285246
0.024
0.006
0.034
0.03
0.006
0.924
0.022
0.032
0.074
0
0.038
0
0.038
0.002
0.156
0.008
0.004
0.048
0.192
0.044
0.002
0.012
0
0.002
0.004
0
0.006
0.666
0.024
0.01
0.648
0.002
0
0.09393643892
0.022
0.002
0.006
0.122
0.04
0.722
0.012
0.034
0.016
0.046
0.016
0.05
0.002
0.09
0.006
0.022
0.008
0.028
0.014
0
0.008
0.06
0.02
0.028
0.014
0.014
0.01
0.014
0.25
0
0.008
0.012
0.09
0.03
0.012
0
0.008
0.008
0.014
0.546
0.008
0.004
0.002
0
0.004
0.022
0.1696047195
0.068
0.038
0.052
0.1
0.012
0.032
0.01
0.02
0.008
0.05
0.002
0.098
0
0.006
0
0.006
0.01
0.002
0.002
0.004
0.194
0.006
0.006
0.088
0.612
0.292
0.016
0.074
0.024
0.006
0.236
0.012
0.01
0.102
0.01
0.006
0.028
0
0.028
0.012
0.008
0.008
0
0.022
0.002
0.006
0
0.256
0.004
0.004
0.058
0.006
0.06187538382
0.008
0.01
0.01
0.01772528719
0.009768568178
0.004
0.016
0.006
0.02
0.002
0.038
0.008
0.024
0.016
0.04185309772
0.018
0.004
0.014
0.016
0.002
0.012
0.012
0
0.004
0.002
0.002
0.08
0.002
0.006
0.802
0.02
0.004
0.002
0.012
0.01
0.018
0.026
0.018
0.008
0.018
0.006
0.004
0.002
0
0.006
0.028
0.018
0
0.02
0.032
0.016
0.018
0.046
0.052
0.002
0.034
0.018
0.294
0.084
0.072
0.024
0.058
0.02982125523
0.128
0.002
0.016
0.02
0
0.084
0.04
0
0.008
0.044
0.016
0.006
0.008
0.004
0.002
0.126
0.01
0.014
0.009916804605
0.034
0.004
0.018
0
0.444
0.04
0.012
0.014
0.086
0.056
0.032
0.024
0.036
0
0.01
0.008
0.004
0.182
0.004
0.098
0.04
0.5725480312
0.02
0.006
0
0.004
0.012
0.014
0.096
0.006
0
0.008
0
0.002
0.004
0.002
0.002
0.014
0.002
0.016
0.034
0.002
0.002
0.018
0.01
0.024
0.024
0.01
0.116
0.008
0.004
0.01
0.004
0.032
0.1
0
0.05
0.104
0.492
0.038
0
0.006
0.05375100421
0.002
0.01
0.032
0.176
0
0.02
0.04
0.012
0.03
0.044
0.006
0.002
0.008
0.03
0.002
0.172
0.01
0.02
0.018
0
0
0.002
0.02793508959
0.042
0.048
0.046
0.008
0.002
0.84
0.0319150988
0.502
0.006
0
0.156
0.02
0.008
0.042
0.166
0.026
0.054
0.012
0.014
0.04
0.012
0.018
0.03
0.014
0.002
0.048
0.074
0.416
0.002
0.014
0.022
0.076
0.79
0.006
0.02
0.006
0.01
0.016
0.006
0.002
0.006
0.724
0
0.01
0.03
0.79
0.006
0.022
0.014
0.026
0.018
0.002
0.06
0.02
0.018
0.01
0.058
0.004
0.074
0.022
0.026
0.004
0.026
0.102
0
0.026
0.092
0.02
0.002
0.002
0.01
0.026
0.008
0.002
0.028
0.064
0
0.012
0
0.008
0.006
0
0.226
0.038
0.012
0.016
0.094
0.01
0.064
0.004
0.012
0
0.522
0.01
0.03
0.026
0.024
0.026
0
0.08
0.016
0.026
0.004
0.012
0.004
0.012
0.014
0.014
0.016
0.006
0.014
0.066
0.006
0
0.002
0
0.012
0.018
0.002
0
0.002
0.048
0.04
0.006
0.006
0.004
0.022
0.002
0.028
0.006
0.002
0.016
0.004
0.014
0.042
0.174
0.012
0.002
0.038
0.066
0.024
0.032
0.058
0.018
0.03
0.01
0.006
0
0.004
0.022
0.01
0.038
0.014
0.004
0.012
0.01
0.052
0.002
0.018
0.02
0.048
0.052
0.002
0.092
0.002
0.072
0.112
0.05
0.01
0.022
0.022
0.008
0.006
0.554
0.636
0.022
0.026
0.01
0.006
0.012
0.114
0.006
0.05
0.01
0.01
0.036
0.002
0.084
0.016
0.006
0.006
0.014
0
0.03
0.002
0.208
0.006
0.008
0.3099360611
0.008
0
0.006
0.002
0.006
0.01
0.05376856818
0.006
0.024
0.02
0
0.022
0.018
0.034
0.61
0
0.048
0.006
0.024
0.01
0.024
0.03576846319
0.04
0
0.016
0.014
0.048
0.044
0.04431824471
0.2
0.336
0.008
0.006
0.03
0.002
0.026
0.002
0
0.024
0.014
0.3225008459
0.03
0.762
0.02
0.08
0.008
0.02
0.2638125737
0.028
0.026
0.008
0
0.004
0.00995722942
0.004
0.004
0.009874476946
0.004
0.144
0.008
0.01
0.242
0.002
0.012
0.02
0.008
0.006
0.026
0.014
0.084
0.008
0.132
0.006
0.07
0
0.02
0.172
0.034
0.002
0
0.03
0.036
0.002
0.016
0
0.002
0.038
0.01
0.002
0
0.004
0
0.024
0.034
0.708
0.012
0.034
0.032
0.22
0.006
0.09
0.014
0
0.002
0.03
0.01
0.012
0.032
0.016
0.142
0.006
0.474
0.024
0
0.038
0.896
0.056
0.542
0.028
0.014
0.01
0.966
0
0.022
0.002
0.01
0.022
0.014
0.114
0
0.006
0.01
0.08
0.378
0.02
0.002
0.008
0.008
0.022
0.004
0.028
0.014
0.4
0.024
0.004
0.002
0.022
0.012
0.016
0.004
0.006
0.01
0.014
0.01758031654
0.004
0.022
0.094
0.004
0.01
0.026
0.02
0.2167745926
0.042
0.018
0.044
0.006
0.942
0.18
0.262
0.024
0.002
0.012
0.036
0.05
0.012
0.01
0.966
0.028
0.034
0.8
0.04
0.006
0.002
0.97
0.316
0.002
0.044
0.028
0.014
0.001935572819
0.004
0.002
0.006
0.016
0.022
0.078
0
0
0.772
0.008
0.028
0.01
0.01
0.032
0.002
0.01
0.026
0.006
0.01
0.012
0.704
0.014
0.01
0.06576729116
0.004
0.022
0.054
0.014
0.006
0.006
0.17
0.028
0
0.004
0.098
0.006
0.064
0.162
0.54
0.046
0.444
0.006
0.002
0.002
0.002
0.004
0.008
0.01
0.044
0.012
0.004
0.456
0.684
0.01
0.06
0.02
0.03
0.01
0.044
0.02
0.028
0.016
0.054
0.006
0.006
0.2448643447
0.046
0
0.012
0.008
0.018
0.04
0.012
0.028
0.002
0.4
0.068
0.028
0.66
0.014
0.006
0.048
0.164
0.006
0.03
0.014
0.1
0.002
0.822
0.014
0.006
0.016
0.008
0.034
0.058
0
0.008
0.006
0.03987803544
0.012
0.064
0.002
0.026
0.02
0.014
0.092
0.004
0.016
0.324
0.018
0
0.004
0
0.018
0.012
0.004
0.164
0.044
0.002
0.028
0.018
0.012
0.02358283892
0.004
0
0.16
0.004
0.004
0.016
0.03
0.014
0.016
0.068
0.018
0.028
0.148
0.094
0.016
0.058
0.716
0.008
0.006
0.016
0
0.004
0.002
0.05
0.034
0.002
0.056
0.032
0.01
0.004
0.156
0.004
0.024
0
0.036
0.026
0.006
0.074
0.156
0.004
0.02
0.008
0.018
0.008
0.008
0.02
0.088
0.028
0.012
0.098
0.006
0.014
0.004
0.016
0.048
0.218
0.03
0.002
0.01987527539
0.104
0.096
0.736
0.012
0.132
0.004
0.008
0.066
0.004
0.006
0.002
0.066
0.028
0.016
0.004
0.008
0.058
0.06
0
0.01
0.006
0
0.012
0.006
0
0.012
0.09
0.004
0.04
0.022
0.032
0.008
0.004
0.028
0.038
0
0.014
0.04
0.006
0.002
0.022
0.004
0.02787755243
0.07
0.004
0.004
0.006
0.258
0.006
0.008
0.044
0.012
0.022
0.012
0.096
0.004
0.1359359403
0
0.152
0.022
0.31
0.03
0.006
0
0.04
0.03
0.002
0
0.002
0.024
0.034
0.008
0
0.018
0.032
0.008
0
0.01
0.004
0.742
0.024
0.014
0.004
0.008
0.006
0.054
0
0.03
0.012
0.03325387157
0.032
0.02
0.002
0.026
0.024
0.008
0
0.094
0.036
0
0.06
0.062
0.014
0.046
0.002
0.044
0.006
0.006
0.008
0.002
0.222
0.012
0.114
0.024
0.968
0.03573484953
0.014
0.054
0
0
0.034
0.006
0.392
0.016
0
0.006
0.654
0.396
0.004
0.012
0.1707932666
0.094
0.402
0.01
0.008
0.016
0.386
0.022
0.012
0.026
0.006
0.004
0.004
0.01
0.006
0.002
0.008
0.012
0.028
0.138
0.002
0.02
0.002
0.018
0.018
0.034
0.054
0.534
0
0.1138763301
0.066
0.002
0.008
0.028
0.04
0.02
0.004
0.006
0.03176618977
0.416
0.146
0.016
0.328
0.056
0.2055807642
0.01
0.006
0.042
0.014
0.002
0.02
0.002
0.276
0.002
0.006
0.01
0.02
0.004
0.004
0.116
0.01
0.028
0.04
0
0.088
0.008
0.012
0
0.008
0.032
0.106
0.018
0.004
0
0.008
0.014
0.51
0.002
0.012
0.984
0.082
0.156
0.176
0
0.042
0.006
0.006
0
0.08
0.028
0.118
0.006
0
0.204
0.004
0.004
0.012
0.074
0.002
0.034
0.054
0.058
0.01
0
0.154
0.024
0.008
0.078
0.002
0.004
0.078
0.006
0
0.014
0
0.072
0.6
0.004
0.02
0
0.238
0.01
0
0.008
0.094
0.016
0.814
0.052
0.024
0.018
0.012
0
0.002
0.048
0.012
0.01
0.002
0.012
0.032
0.042
0
0.006
0.002
0.022
0.012
0.026
0.022
0.01
0.014
0.1
0.01
0.012
0.096
0.018
0.106
0
0.142
0.034
0.006
0.02
0.01
0
0.08
0.006
0.034
0.038
0.006
0
0
0.028
0.028
0.034
0.016
0.024
0.034
0.03
0
0.1539359403
0.004
0.01
0.02
0.006
0.012
0.002
0.008
0.002
0.026
0.012
0.022
0.008
0.354
0.02576533358
0.1
0.046
0.024
0.002
0.056
0.014
0.02
0.002
0.838
0.026
0.014
0.002
0.018
0.008
0.174
0.002
0.004
0.01
0.008
0.578
0.244
0.026
0.024
0.022
0.006
0.008
0.004
0.012
0.012
0.102
0.004
0.012
0.002
0.002
0.016
0.03
0
0.014
0.168
0.014
0.002
0.138
0.144
0.002
0.006
0.048
0.038
0.098
0.028
0.008
0.048
0.194
0
0.008
0.022
0.086
0.028
0.012
0.108
0.002
0.004
0.032
0.008
0.05
0.016
0.032
0.006
0.002
0.014
0.002
0.42
0.004
0.002
0.006
0.012
0.092
0.082
0.002
0.038
0.824
0.02787759186
0.014
0.044
0.916
0.796
0.008
0.284
0.02
0.034
0.012
0.018
0.02
0.034
0.014
0.338
0.012
0.534
0.024
0.006
0.004
0.01
0.002
0.002
0
0.078
0.7137678333
0.428
0.022
0.016
0.028
0.032
0.026
0.004
0.008
0.004
0.006
0.006
0.016
0.518
0.124
0.054
0.014
0.006
0.022
0.004
0.012
0.148
0.072
0.034
0.362
0.056
0.05768663792
0
0.792
0.016
0.036
0.002
0.012
0.004
0.434
0
0.036
0
0.006
0.018
0.034
0.01
0
0.01195712222
0.004
0.006
0.008
0.016
0
0.002
0.028
0.002
0.01
0.006
0.088
0.024
0.09
0.05
0
0.09
0.014
0.014
0.008
0
0.004
0.072
0
0.194
0.062
0.006
0.022
0.016
0.01
0.024
0.174
0
0.57
0
0.002
0
0.014
0
0.004
0.046
0.062
0.006
0
0.124
0.034
0
0.006
0.008
0.016
0.106
0.042
0.04
0.01
0.368
0.002
0.018
0.046
0.404
0.056
0.05976690647
0.02787614283
0.008
0.022
0.034
0.226
0.052
0.042
0.01
0.002
0.012
0.386
0
0.014
0.002
0.832
0.002
0.006
0.098
0.004
0.01
0.012
0.03587685256
0.008
0.264
0.002
0.01
0.548
0.01795674329
0.006
0.01
0.06
0.018
0.004
0
0.012
0.08387675399
0.024
0.002
0.016
0.022
0.01787805515
0
0
0
0.038
0.018
0.012
0.004
0.01
0.014
0.002
0.008
0.01
0.706
0.02996762774
0.18
0.01
0.026
0.022
0.002
0.016
0.044
0.002
0.004
0.004
0.008
0.026
0.054
0
0.016
0.014
0.024
0
0.024
0
0.03195688274
0.002
0
0.006
0.018
0.012
0.016
0.04
0.006
0.01
0.008
0.018
0.022
0.018
0.016
0.036
0.34
0.352
0.036
0.006
0.024
0
0.004
0.006
0
0
0.026
0.178
0.032
0.024
0.124
0.002
0.03
0.076
0.006
0.04387676384
0.014
0.002
0.008
0.002
0.016
0.03
0.024
0.382
0.072
0.004
0.01
0.014
0.02
0.02
0.018
0.002
0.03
0.02
0.008
0.042
0.006
0.006
0.004
0.008
0.274
0.01
0.628
0.018
0
0.01
0.004
0.106
0
0.268
0.012
0.064
0.008
0.006
0.01
0.008
0.132
0.426
0.01
0.01
0.006
0.002
0
0.012
0.002
0.064
0.004
0.03
0
0.004
0.024
0.002
0.024
0.006
0.014
0.38
0.002
0.016
0.004
0
0.002
0.084
0.014
0
0.008
0.002
0
0.004
0.056
0.012
0.002
0
0.01
0.008
0.03
0.018
0.01
0.002
0.044
0.438
0.06
0.012
0.008
0.018
0.004
0.87
0.02
0.014
0.016
0.018
0
0.018
0.012
0.566
0.002
0.036
0.004
0.018
0.004
0.036
0.03
0
0.086
0
0.008
0.012
0.006
0.02
0.028
0.016
0.1779565144
0.018
0.302
0.07
0.03
0.018
0
0.038
0.008
0.006
0.14
0.006
0.012
0.002
0.02
0.008
0.56
0.066
0.002
0.028
0.046
0.016
0.002
0.06
0.002
0
0.026
0
0.002
0.018
0.252
0.042
0.024
0.842
0.016
0.004
0.274
0
0.008
0.002
0.1
0.01
0.928
0.016
0
0.004
0.006
0.804
0.018
0.032
0.044
0.094
0.01
0.018
0
0.044
0.018
0.032
0
0.012
0.004
0.002
0.036
0.264
0.04
0.096
0.002
0.064
0.112
0.022
0.2219364861
0.062
0.008
0.032
0.088
0.088
0
0.02
0.022
0.018
0
0.042
0.002
0.026
0.01
0.006
0.004
0.654
0.02
0.142
0.086
0.016
0.006
0.028
0
0.05
0.06564148485
0.03
0.002
0.038
0.014
0.052
0.5299367589
0.006
0.012
0.004
0.438
0.01
0.175957608
0.04
0.006
0.01
0
0.002
0
0.034
0.02
0.006
0.02
0.02
0.006
0.006
0.056
0.026
0.022
0
0.014
0.004
0.004
0.048
0.008
0.582
0.026
0.018
0.046
0.044
0.082
0.004
0.006
0.002
0.094
0.093060375
0
0.004
0.018
0.686
0.014
0.074
0.008
0.264
0.032
0.042
0.016
0.008
0.016
0.822
0.034
0.192
0.012
0.024
0.004
0.104
0.008
0.062
0.12
0.002
0.002
0.074
0.364
0.01
0
0.006
0.018
0.078
0.146
0.006
0.016
0.026
0.018
0.008
0.004
0.12
0.1338763597
0.004
0
0.014
0.004
0.006
0.004
0
0.028
0.002
0.014
0.048
0.02
0.074
0.008
0.202
0.928
0.028
0.004
0.02
0.032
0.744
0.004
0.01
0.01
0.002
0.022
0.008
0.194
0.036
0.006
0.018
0.008
0.046
0.016
0.024
0.016
0.01
0.016
0.012
0.01
0.012
0.018
0.338
0.11
0.006
0.004
0.004
0.03
0.362
0.006
0.988
0.006
0
0
0.006
0.002
0.008
0.008
0.006
0.006
0.068
0.004
0.002
0.088
0
0
0.004
0.104
0
0.036
0.006
0.012
0.01
0.02
0.018
0.08
0.006
0.096
0.012
0.414
0.014
0.008
0.026
0.006
0.012
0.034
0.192
0.018
0.006
0.02
0.042
0.014
0.086
0.006
0.018
0.006
0.012
0.004
0.05
0.012
0.02
0
0
0.012
0.006
0
0.05987483181
0.402
0.01
0.008
0.012
0.034
0.012
0.012
0.014
0
0.002
0
0.014
0.04387809458
0.762
0.044
0.016
0.012
0.006
0.012
0.002
0.119097885
0.008
0.008
0
0.094
0.008
0.038
0.028
0.102
0.002
0.036
0.004
0.002
0.022
0.022
0.004
0.06
0.02
0.02
0.056
0.414
0.006
0.02
0.014
0
0.022
0.126
0.004
0.026
0.698
0.016
0.028
0.004
0.006
0.012
0.108
0.008
0.1459564893
0.006
0.014
0.246
0
0
0.02
0.01
0.03
0.006
0.216
0.042
0.028
0.006
0.026
0.004
0.988
0.094
0.006
0.012
0.012
0.59
0.028
0.002
0.8
0.06
0.018
0.114
0.014
0.012
0.02
0.018
0.032
0
0.014
0.006
0
0.06
0.004
0.036
0
0.01
0.034
0.03
0.008
0.008
0.002
0.012
0.1319359141
0.03193563583
0.028
0.004
0
0.002
0.002
0.016
0.052
0.004
0.04
0.006
0.66
0.028
0.016
0.024
0.786
0.018
0.006
0.026
0.01
0.01
0.002
0.006
0.032
0.072
0.09
0.02
0.024
0.01
0.036
0
0.004
0.064
0.006
0.012
0
0.09393571985
0.02
0.002
0.014
0.12
0.008
0.002
0.008
0.086
0.02
0.03
0
0.002
0.034
0.016
0.062
0.002
0.004
0.054
0.028
0
0.004
0.026
0.006
0.008
0.01
0.006
0.024
0.03
0
0.01
0.042
0.024
0.858
0.108
0.008
0.002
0
0.02
0.104
0
0.01
0.038
0.01
0.008
0.032
0
0.03
0.014
0.198
0.012
0.13
0.004
0.022
0.044
0.016
0.45
0.002
0.002
0.012
0.9618768821
0.008
0.052
0.036
0.002
0.1
0.014
0.012
0.006
0.07
0.01
0.022
0.2537681482
0.016
0.014
0.002
0.012
0
0
0.058
0.02
0.032
0.002
0.01
0.006
0.004
0.022
0.01
0.00393628675
0
0.912
0.01382047592
0
0.066
0.202
0.048
0.004
0
0.018
0.018
0.006
0.008
0.018
0.006
0.01
0.026
0.004
0.02
0.002
0.014
0.18
0.014
0
0.002
0.008
0.038
0.004
0.01
0.2017677109
0.01
0.002
0.02
0.016
0.014
0.012
0.02
0.012
0.012
0.136
0.014
0.132
0.056
0.012
0.04
0
0.008
0.038
0.63
0.012
0
0.014
0.002
0.01
0.032
0.01
0.1
0.006
0.02
0.006
0.008
0.076
0.01
0.014
0.02
0.434
0
0.034
0.034
0.01
0.084
0.012
0.028
0.018
0.014
0.424
0.008
0.08
0.006
0.01
0
0.914
0.018
0.02
0.008
0.016
0.014
0.002
0.034
0.006
0.076
0.018
0.034
0.032
0.004
0.048
0.014
0.382
0.006
0.018
0.016
0.016
0.022
0.002
0.01
0.01
0.036
0.962
0.002
0.048
0
0.002
0.418
0.004
0.004
0.014
0.016
0
0.016
0.008
0.85
0.028
0.004
0.548
0.004
0.02
0.014
0.106
0.006
0.016
0.004
0.008
0.01
0.012
0.01
0.062
0.018
0.038
0.038
0.006
0.14
0.004
0.008
0
0.002
0.04
0.008
0.008
0.04
0.046
0.036
0.33
0
0.274
0.014
0.002
0.288
0.022
0.002
0.008
0.006
0.03
0
0.036
0.748
0.03
0.008
0.004
0.018
0.02
0.01
0.006
0.02
0.154
0.002
0.114
0.002
0.036
0.024
0.018
0.008
0.002
0.008
0.004
0.868
0.01
0.014
0.014
0.08
0.38
0.04
0.002
0.004
0.345581521
0.038
0.002
0
0.008
0.002
0.006
0.002
0.27
0.002
0.048
0.186
0.014
0.01187585697
0
0.012
0.006
0.112
0.01
0.012
0.552
0.03587527539
0.006
0.1058751768
0.3999370684
0.006
0.014
0.002
0.228
0.01
0.024
0.002
0.004
0.01
0.028
0.116
0.052
0.004
0.016
0
0.282
0.064
0.04987764114
0.582
0.046
0.038
0.008
0
0.008
0.004
0.02
0.022
0.008
0.008
0.014
0.052
0.002
0.004
0.012
0.012
0.006
0.022
0.012
0.01595712222
0.002
0.03
0.002
0.222
0.002
0.006
0.038
0.002
0.022
0.026
0.166
0.04
0.002
0.026
0.01
0.04
0.02387527539
0.1109915147
0.004
0.002
0.014
0.08
0.008
0.042
0.53
0.002
0.006
0.04
0
0.962
0.006
0.03
0.012
0
0.052
0.008
0.028
0.022
0.014
0.008
0.002
0.298
0.028
0.012
0.01
0.046
0.8854590871
0.01
0.632
0.016
0.006
0.006
0.008
0.012
0.002
0.006
0.034
0.11
0.006
0.014
0.022
0.004
0.004
0.014
0.064
0.5
0.016
0.006
0.012
0.042
0
0.03
0.036
0.046
0.042
0.04
0.02
0.044
0.004
0
0.004
0.004
0.048
0.068
0.012
0.846
0.042
0.004
0.008
0.072
0.016
0.002
0
0.01376393656
0.0479367432
0.06
0.044
0.056
0.044
0.004
0.022
0.014
0.058
0.136
0.004
0.018
0.002
0.066
0.004
0.006
0.004
0.01
0.008
0.046
0.002
0.522
0.036
0.032
0.044
0.002
0.002
0.052
0.006
0.038
0.004
0.014
0.016
0.182
0.024
0.004
0.444
0
0.008
0.002
0.004
0.196
0.034
0
0.04
0.004
0.02993643892
0.102
0.01
0.67
0.06
0.024
0.03
0.018
0.014
0.402
0.03
0
0.012
0.002
0.012
0.016
0.044
0.232
0.024
0.006
0.008
0
0.122
0.006
0.63
0.004
0.02
0.01
0.128
0.006
0.014
0.042
0.052
0.008
0.01
0.044
0.056
0.038
0.008
0.066
0
0.01
0.02
0.002
0.008
0.01
0.016
0.01
0.018
0.002
0.005948851377
0.004
0.002
0.046
0.122
0.042
0.002
0.12
0
0.004
0
0.006
0.02
0.006
0.014
0.004
0.014
0.002
0.004
0
0.048
0.0978781143
0.022
0.002
0.008
0.008
0.002
0
0.002
0.012
0.594
0.166
0.006
0.01
0.004
0.484
0
0.002
0.122
0.004
0.002
0.022
0
0
0.016
0.008
0
0.024
0.17
0.03987890288
0.006
0.01
0.054
0.024
0.01
0.014
0.046
0.008
0.008
0.03
0.014
0.024
0.002
0.008
0.222
0.012
0.002
0.022
0.002
0.04
0.038
0.016
0.06
0.084
0.006
0.01
0.11
0.018
0.034
0.002
0.002
0.11
0.068
0.006
0.012
0.02
0.008
0.336
0.02
0
0.012
0.018
0.014
0
0.006
0.81
0.004
0.016
0.004
0.002
0.008
0.002
0.046
0.49
0.028
0.004
0.034
0.002
0.718
0.098
0.024
0.85
0.012
0.004
0.08
0.008
0
0.006
0.012
0.002
0.01
0
0.01
0.012
0.128
0.03
0.578
0.018
0.042
0.006
0.004
0.026
0.008
0.026
0.054
0.018
0.03
0.012
0.008
0.022
0.114
0.022
0.008
0.034
0.016
0.012
0.008
0.006
0
0.002
0.004
0.13
0.016
0.022
0.202
0.226
0.038
0.014
0.01
0.006
0.026
0.06
0.046
0.006
0.004
0.396
0.09
0.024
0.022
0.032
0.018
0.042
0.159877237
0.044
0.014
0.022
0.002
0.028
0.006
0.026
0.028
0.006
0.026
0.342
0.022
0.446
0.004
0.032
0
0.008
0.03
0.01
0.052
0.038
0.11
0.02
0.074
0.682
0.006
0.008
0.024
0.04982047592
0
0.004
0.008
0.7858772764
0.01
0.004
0.109877444
0.008
0.012
0.026
0.014
0.032
0.05
0.01
0.048
0.08153630292
0.012
0.044
0
0.01
0.002
0.022
0.276
0.002
0.01
0.058
0.026
0.016
0.002
0.124
0.014
0.012
0.016
0.076
0.574
0.004
0.11
0.036
0.016
0
0.026
0.054
0
0.076
0.002
0.012
0.078
0.016
0.002
0.014
0.002
0.138
0.006
0.008
0.016
0.042
0.004
0.034
0.024
0.08787611326
0.018
0.176
0.006
0.11
0.09
0.02
0.018
0.008
0.002
0.658
0.2477680083
0.008
0.014
0.012
0.434
0.028
0.008
0.02
0.116
0.032
0.04
0.008
0.002
0.2838779566
0.004
0.1
0.014
0.002
0.002
0.018
0.048
0.006
0.018
0.002
0.208
0.004
0.04
0.02
0.038
0.004
0.036
0.016
0
0.012
0.018
0.034
0.04187526553
0.024
0.008
0.008
0.728
0
0.004
0.01976695893
0
0.02575319254
0.014
0.126
0.06
0.022
0
0.016
0.094
0.004
0.01
0.004
0.05
0.016
0.022
0.008
0.024
0.23
0.06
0
0.032
0.058
0.01
0.008
0.018
0
0.004
0.014
0.014
0.024
0.024
0.012
0.068
0.006
0.028
0.02
0.02
0.006
0.102
0.072
0.002
0.026
0.002
0.01
0.008
0.158
0.101936738
0.004
0.102
0.436
0.008
0.01
0.022
0
0.63
0.016
0.008
0.01
0.012
0.018
0
0.002
0.172
0.014
0.012
0.016
0.394
0.058
0.1733086449
0.012
0.056
0.098
0.008
0.05
0.01
0.048
0.006
0.016
0
0.006
0.022
0.1858772961
0.066
0.026
0.006
0.002
0.016
0.006
0.026
0.038
0
0.468
0.014
0.01
0.004
0.01
0.01
0.026
0.024
0.032
0.616
0.006
0.014
0.848
0.072
0.002
0.014
0.094
0.048
0.002
0.006
0.114
0.02
0.044
0.012
0.008
0.008
0.004
0.924
0.012
0.006
0.062
0.036
0.012
0.002
0.012
0.036
0.004
0.004
0.018
0.768
0
0.018
0.046
0.176
0.008
0.042
0.02
0.05787583726
0.008
0.88
0.016
0
0.008
0.01
0.072
0.004
0.078
0.01
0.024
0.008
0.046
0.342
0.102
0.026
0.006
0.01
0.014
0.144
0.02
0.004
0.014
0.248
0.028
0.46
0.002
0.01
0.054
0.004
0.012
0.044
0.074
0.022
0.004
0.03
0.004
0.456
0.002
0.002
0.03
0.01
0.016
0.02
0.012
0.01
0.038
0.01
0.006
0.044
0.014
0.252
0.068
0
0.018
0.006
0.002
0.008
0
0.01
0.044
0.022
0.01
0.016
0.1013969528
0.002
0.056
0.004
0.014
0.008
0.022
0.064
0
0.004
0.008
0.008
0.006
0.01
0.162
0.004
0.002
0.08
0.36
0.018
0.026
0.00776828821
0.014
0.01
0.006
0.008
0
0.012
0.008
0.0719150988
0
0.054
0.02
0.002
0.394
0.032
0
0.016
0.184
0.5073610962
0.032
0.022
0
0
0.452
0.004
0.04
0.008
0.002
0.004
0.054
0.494
0
0.002
0.002
0.012
0.012
0.004
0.024
0.002
0.024
0
0.004
0.14
0.01
0.02
0.33
0.006
0.004
0.012
0.038
0
0.044
0
0.004
0
0.018
0.004
0.028
0
0.008
0.032
0
0.056
0.004
0.116
0.004
0.006
0.032
0.016
0.026
0.038
0.002
0.838
0.006
0.048
0.004
0
0.004
0.022
0.004
0.01
0
0.008
0.62
0.016
0.072
0.02
0.002
0.022
0.636
0.762
0.072
0.004
0.034
0.008
0.106
0.126
0.01
0.002
0.012
0.006
0.026
0.016
0
0
0.004
0.002
0.002
0.002
0.018
0
0.008
0.002
0.008
0.008
0.056
0.014
0.004
0.026
0.016
0.03
0.018
0.008
0.026
0.008
0.002
0.022
0.032
0.02
0.01
0.006
0.526
0.002
0.042
0.012
0.004
0.018
0.002
0.116
0.01
0.018
0.002
0.032
0
0.006
0.008
0.016
0.004
0.004
0.004
0.002
0.02
0.062
0.04
0.336
0.026
0.02
0.112
0.006
0.022
0.016
0.466
0.158
0.022
0.004
0.004
0.012
0.014
0.002
0.014
0.004
0.008
0.002
0.084
0.006
0.046
0.008
0.022
0.026
0.01
0.014
0.002
0.01
0.122
0.012
0
0.002
0.02
0.01
0.052
0.006
0.104
0
0.058
0.002
0.002
0.04
0.022
0.004
0.002
0
0
0.004
0.778
0.042
0.154
0.054
0.684
0.03
0.088
0.032
0.004
0.04
0.02
0.008
0
0.028
0.374
0.006
0.006
0.016
0.002
0.016
0.018
0.104
0.016
0.012
0
0
0.016
0
0.05
0.794
0
0.01
0.012
0.008
0.006
0.024
0.078
0
0.012
0
0.04187491067
0.078
0.008
0.0412483423
0.056
0.016
0.008
0.658
0.018
0.026
0.086
0.088
0.1578528027
0.046
0.004
0.028
0.002
0.29
0
0.002
0.32
0.002
0.446
0.05
0.86
0.008
0.002
0.156
0.02
0
0.04
0
0.018
0.006
0.016
0
0.026
0.018
0.004
0.658
0.036
0.254
0.04
0
0.022
0.004
0.13
0.03787665541
0.034
0.032
0.954
0.012
0
0.02
0.026
0.016
0.016
0.002
0.006
0.07
0.056
0.81
0.194
0.794
0.024
0.018
0.016
0.018
0.938
0.048
0
0.064
0.004
0
0.024
0.05
0.03
0.004
0.016
0.026
0.7318201837
0.042
0.024
0.028
0.092
0.006
0.006
0.03
0.026
0
0.776
0.01
0.042
0.006
0.05
0
0.14
0.004
0.002
0.002
0.062
0.064
0
0.096
0.01
0.036
0.002
0.022
0.004
0.008
0.018
0.012
0
0.002
0
0.018
0.03
0.002
0.416
0.004
0.02
0.09
0.554
0.048
0.1298756204
0.01
0
0
0.002
0.009956746862
0.022
0.756
0.2618205733
0.002
0.39
0.048
0.002
0.096
0.008
0.022
0.006
0.19
0.014
0.01
0.132
0.05
0.006
0.012
0.012
0.014
0.032
0.002
0.008
0.006
0.016
0
0.012
0.054
0.214
0.026
0.016
0.26
0.034
0.084
0.144
0.02
0.006
0.002
0.1296146422
0.858
0.002
0.002
0.09
0.08
0.02
0.002
0.002
0.04
0.014
0.004
0.004
0.014
0
0.01
0.09
0.01
0.478
0
0.008
0
0.012
0.09
0.006
0.048
0.024
0.004
0.006
0.044
0.022
0.3
0.022
0
0.018
0.038
0.004
0
0.004
0.024
0.002
0.022
0.004
0.154
0.006
0.026
0.002
0.002
0.218
0.04
0.062
0.014
0.45
0.003755942729
0.034
0.014
0.01
0.04
0.01
0.096
0.07
0.018
0.034
0.01
0.02
0.02
0.004
0.006
0.042
0.026
0.022
0.074
0.018
0.006
0.006
0
0.01
0.12
0.002
0.004
0.3978780552
0.002
0.212
0
0.024
0.028
0.038
0.066
0.002
0.03
0.016
0.012
0.014
0.01
0.002
0.008
0.016
0.034
0.108
0.022
0.008
0.034
0.01
0.888
0.002
0.006
0.01
0.002
0.6419159553
0.004
0.012
0.002
0.042
0.004
0.028
0.074
0.028
0.396
0.008
0.028
0.012
0.026
0.004
0.02
0.008
0.008
0.42
0.02
0.002
0.016
0.096
0.016
0.004
0.026
0.01
0.246
0
0.04
0.032
0.016
0.01
0.016
0.016
0.048
0.018
0.004
0.004
0.038
0.004
0.006
0.09
0.008
0.008
0.06993651238
0.036
0.002
0.076
0.092
0.02
0.1
0.38
0.018
0
0.83
0.002
0.068
0.028
0.002
0.082
0.072
0.03
0.086
0.014
0.016
0.014
0.016
0.012
0.006
0.002
0.006
0
0.008
0.072
0.014
0.026
0.032
0.028
0.002
0.006
0.032
0.008
0.028
0.328
0.104
0.468
0.008
0.066
0.008
0.114
0.002
0.004
0.028
0.108
0.004
0.018
0.042
0.024
0.02
0.032
0.01
0.004
0.03
0.15
0.024
0.018
0.01
0.024
0.276
0.002
0.14
0.002
0.008
0.002
0.006
0.02
0.002
0.006
0.006
0.084
0.004
0.024
0
0.026
0.002
0.012
0.02
0
0.144
0.002
0.006
0.086
0.06
0
0.06
0.006
0.014
0.496
0
0.01
0.134
0.004
0.032
0.01
0.04
0.004
0.006
0.036
0.002
0.012
0.03
0.012
0.156
0.002
0.5795838152
0.05
0.004
0.018
0.026
0.016
0.794
0.004
0.006
0.02
0.118
0.032
0.01
0.008
0.034
0.04
0.082
0.034
0.574
0.012
0.034
0
0.75
0
0.002
0.006
0.04976967096
0.006
0.004
0.018
0.01
0.004
0.01
0.12
0.004
0
0.01371847192
0.002
0.142
0.106
0.008
0.002
0.018
0.016
0.014
0.066
0.014
0.006
0.002
0.058
0.064
0.002
0.008
0.036
0.046
0.002
0.008
0.012
0.01
0.002
0.5015221468
0.004
0.026
0.006
0
0.068
0.004
0.026
0.03595668249
0.008
0.008
0.002
0.012
0.002
0.06
0
0.012
0.112
0
0.01
0.004
0.018
0.018
0.038
0.03
0.006
0.024
0.004
0.032
0.842
0.004
0.15
0.01
0.004
0.07
0.018
0
0
0.004
0.002
0.084
0.036
0
0.01
0.012
0.104
0.026
0.052
0.012
0.004
0.012
0.026
0.092
0.016
0.002
0.008
0.002
0.006
0
0.03
0.026
0.002
0.006
0.028
0.014
0.034
0.01766790415
0.006
0.064
0.24
0.004
0.008
0.038
0.002
0.014
0.006
0.034
0.294
0.014
0.004
0.01
0.022
0.018
0.003877503142
0.044
0.092
0
0.014
0.05
0.01
0.004
0.008
0.016
0.012
0.128
0.022
0.002
0.014
0.016
0.004
0.01781818095
0.034
0.036
0.03
0.008
0.254
0.02
0.002
0
0.02
0.028
0.012
0.006
0.28
0.026
0.01
0.014
0.052
0.004
0.008
0.01
0.216
0.004
0.008
0.15
0.02
0.118
0.174
0.012
0.004
0.016
0.002
0.01
0.126
0.064
0.042
0.03
0.5018763794
0.01
0
0
0.008
0.01
0.002
0.004
0
0.002
0.006
0.01
0.022
0.005936124059
0.016
0.008
0.016
0.004
0.386
0.004
0.036
0.002
0.024
0.082
0.014
0.038
0.03
0.006
0.002
0
0
0
0.012
0
0.01191548941
0.016
0.034
0.034
0.01
0.018
0.008
0.008
0.044
0.018
0.056
0.004
0
0.056
0.028
0.016
0.018
0.042
0.202
0.107760313
0.022
0.012
0.216
0.012
0.06
0.002
0.51
0.008
0.008
0.008
0
0.032
0
0.02
0.006
0.008
0.004
0.02
0.002
0.012
0.022
0.01
0.156
0.02
0.006
0.028
0.006
0.062
0.026
0.006
0.008
0.008
0.008
0
0.02
0.044
0.026
0.062
0.002
0.012
0.002
0.068
0.064
0.399010751
0.028
0.06
0.582
0.01
0.004
0.12
0.636
0.054
0
0.03
0.014
0.012
0.006
0.008
0.014
0
0.04
0
0.026
0.012
0
0.02
0.002
0.028
0.008
0.01
0.004
0.002
0.264
0
0.01376729116
0.014
0.14
0.008
0.01
0.008
0.022
0.006
0.072
0.028
0.01
0.058
0.024
0.018
0.006
0
0.008
0.006
0.022
0.04
0.002
0.014
0.012
0.01
0.16
0.018
0.01
0.166
0.032
0.002
0.068
0.064
0.016
0.004
0.014
0.83
0.016
0.114
0.012
0.03
0.058
0.012
0.04
0.034
0
0.052
0.036
0.01
0.106
0.66
0.012
0
0.002
0.005935184149
0.006
0.018
0.022
0.028
0.008
0.004
0.58
0.016
0.01
0.02
0.07
0.016
0.59
0.012
0.032
0.002
0
0.01
0.204
0.002
0.01
0.04
0.022
0.006
0.004
0.01
0.018
0.002
0.13
0.054
0.008
0.638
0.002
0
0.006
0.018
0.058
0
0.004
0.818
0.078
0.032
0.016
0
0
0.1217680083
0.002
0.002
0.02393636546
0.004
0.002
0.006
0.03
0.008
0.016
0.03
0.008
0.006
0.004
0.56
0.12
0.006
0
0
0.026
0.014
0
0.026
0.01
0.058
0.012
0.09
0.082
0.016
0.206
0.022
0.252
0.02
0.054
0.002
0.058
0.024
0.002
0.008
0.06
0.044
0.002
0.02
0.004
0.02
0.014
0.01782057332
0
0
0.172
0
0
0.01787718771
0.03987620198
0.004
0.008
0.58
0.004
0.008
0.234
0.006
0.032
0.052
0.014
0.014
0.014
0.004
0.026
0.02
0
0.008
0.024
0.004
0.006
0.004
0.004
0.008
0.01
0.038
0.036
0.002
0.004
0.796
0.04
0.036
0.054
0.468
0.01
0.122
0.004
0.008
0.096
0.354
0.014
0.058
0.032
0.004
0.17
0.064
0.002
0.09787690185
0.002
0.084
0.694
0
0.01
0.012
0
0.02
0
0.024
0.044
0.004
0.236
0.01
0
0.02
0.01
0.012
0.018
0.004
0.03367099484
0
0.02776856818
0.754
0.022
0.046
0.014
0.018
0
0.002
0.014
0.028
0.00993628675
0.014
0.022
0.054
0.012
0.044
0.036
0.006
0.008
0.004
0.008
0
0.004
0.878
0.006
0.072
0.004
0.096
0.494
0.032
0
0.002
0.002
0.002
0.02
0.014
0.022
0.006
0.02
0.3152637214
0
0.034
0.036
0.018
0.002
0.046
0.014
0.04
0.01
0.012
0.018
0.012
0.054
0.022
0.048
0.008
0.012
0.058
0.01
0.026
0.032
0.02
0.004
0.008
0.002
0.6016309477
0.003765123961
0.394
0.022
0.002
0.01
0.018
0.018
0.2814379247
0
0.1
0.01
0.262
0.004
0.04
0.012
0.012
0.004
0.006
0.012
0.464
0.168
0.54
0.002
0.028
0.01
0.002
0.042
0.002
0.014
0.01
0.04
0.412
0.026
0.004
0.008
0.026
0
0.018
0.014
0.038
0.002
0.034
0.036
0.008
0.354
0.8999360138
0.009915427743
0.03
0.02
0.04
0.004
0
0.006
0.036
0.016
0.008
0
0.1659669226
0.078
0.006
0.036
0.002
0.008
0.014
0.058
0.042
0.008
0.016
0.694
0.028
0.002
0.006
0
0.004
0.536
0.066
0.062
0.088
0.004
0.002
0.032
0.01
0.92
0.004
0.024
0.008
0.002
0.004
0.016
0
0.042
0.028
0.07325434891
0.006
0.02793566734
0.08
0.052
0.016
0.062
0.018
0.004
0.012
0
0.046
0
0.214
0.006
0.002
0.07
0.002
0.006
0.002
0
0.276
0.022
0.016
0.018
0.778
0.012
0.002
0.014
0.002
0.028
0.018
0.006
0.012
0.012
0.04
0.006
0.008
0.024
0.006
0.096
0.002
0.026
0
0.01
0
0.018
0.058
0.008
0.032
0.022
0.018
0.012
0.002
0.052
0.018
0.5078213805
0.006
0.026
0.034
0
0.07
0.006
0.13
0.04175398112
0.003956782623
0
0.52
0.028
0.224
0.024
0.004
0.016
0.008
0.022
0.004
0.282
0
0.022
0.042
0.378
0
0
0.006
0.854
0.004
0.006
0.418
0.026
0.008
0.02
0.25
0.008
0.016
0
0.006
0.014
0.014
0.024
0.044
0.026
0
0
0.02137765989
0.008
0.002
0.02
0
0.032
0.13
0.004
0.016
0.002
0.054
0.008
0.004
0.042
0.024
0.02
0.014
0.004
0.006
0
0.018
0.024
0.034
0.0338764977
0.006
0.014
0
0.032
0.212
0.012
0.08
0.004
0.124
0.002
0.02
0.01
0.006
0.06
0.002
0.006
0.004
0.024
0.132
0.026
0.01
0.036
0.004
0.038
0.808
0.048
0
0
0.004
0.018
0.008
0.06193578285
0.058
0.02771950509
0.006
0.124
0.032
0.012
0.012
0.046
0.002
0.006
0
0
0.04
0.008
0.002
0.286
0.014
0.08576849818
0.006
0.002
0.014
0.342
0.094
0.03976690647
0.022
0.004
0.046
0.104
0.04
0.004
0.01
0.008
0.006
0.032
0.042
0.06
0.002
0.03
0
0.006
0.004
0.006
0.0319363917
0.036
0.028
0.004
0.008
0.03975135908
0.006
0.028
0.016
0.014
0.002
0.06163203083
0.084
0.032
0.108
0.022
0.004
0.006
0.02
0.022
0.038
0.014
0.016
0.008
0.014
0.01
0.01
0.026
0.04158415842
0.03576695893
0.002
0.888
0.014
0
0.004
0.014
0.006
0.008
0.014
0.028
0.648
0.004
0.038
0
0.06
0.014
0.002
0.022
0
0
0.36
0.008
0.002
0.036
0.058
0.004
0.034
0.008
0.006
0.006
0.348
0.01
0.01
0.01
0.006
0.006
0.01
0.014
0.012
0
0.042
0.048
0.006
0.002
0.04
0.124
0.01775312354
0.014
0.004
0.696
0
0.01
0.02
0.356
0.064
0.012
0.086
0.048
0.014
0.004
0.494
0.002
0.082
0.94
0.006
0.032
0.718
0.052
0.01
0.01
0.01
0.012
0.1358777397
0.014
0.008
0.014
0.018
0.012
0.004
0
0.01
0.002
0.004
0.008
0.002
0.002
0.022
0.006
0.02
0.018
0.004
0
0.166
0.004
0.006
0.04573484953
0.03
0.07
0.002
0.03
0.002
0.696
0.03
0.048
0.016
0
0.834
0.004
0
0
0.056
0.07
0.002
0.006
0.1138773651
0.026
0.012
0.012
0.014
0.008
0
0.84
0.002
0
0.006
0.012
0.394
0.05
0.012
0.012
0.003915564786
0.006
0.028
0.028
0
0.034
0.186
0.01
0.002
0.006
0.016
0
0.07
0.122
0.02
0.014
0.002
0.036
0.036
0.134
0.004
0.026
0.026
0.028
0.016
0.728
0.804
0.004
0.008
0.004
0.042
0.01
0.01
0.004
0.014
0
0.002
0.012
0.014
0.788
0.01
0.02591535922
0.016
0.026
0.002
0.002
0.028
0.008
0.016
0.848
0.704
0.228
0.024
0.018
0.096
0.004
0
0.026
0.038
0.018
0.002
0.016
0.074
0.002
0.01
0
0.002
0.01
0.042
0.042
0
0.004
0.056
0
0.036
0.142
0.042
0.002
0.024
0.004
0.014
0
0.034
0.018
0.005876359693
0.026
0.782
0.002
0.004
0.034
0.032
0.014
0.03
0.698
0.002
0.008
0.772
0.082
0.146
0.006
0.016
0.064
0.026
0.022
0.02
0.05
0.08376690647
0.052
0.012
0.01
0.006
0.008
0.014
0.03
0
0.024
0.304
0.6197687432
0.01
0.01
0.026
0.004
0.022
0.016
0.012
0.026
0
0
0.018
0.022
0.032
0.1339366278
0.098
0.004
0.014
0
0.02
0.01
0.004
0
0.006
0.002
0.038
0.794
0.032
0.014
0.004
0.014
0.03
0.014
0.01
0.058
0.004
0.01
0.022
0.108
0.222
0.308
0.116
0.018
0.02
0.032
0
0.008
0.018
0.002
0.916
0.85
0.012
0.006
0
0.21
0.004
0.01
0.044
0.012
0.168
0.012
0.902
0.04
0.014
0
0.016
0.008
0.024
0.026
0.12
0.014
0.01
0.448
0.03381851465
0.004
0.018
0
0.016
0.026
0.006
0
0.002
0.012
0.054
0.152
0.008
0.018
0.064
0.062
0.024
0.004
0.102
0.008
0.012
0.006
0.004
0.012
0.01
0.022
0.03
0.014
0.8458871745
0.07
0
0.012
0.002
0.014
0.084
0.014
0.006
0.02176470479
0.06
0.022
0.002
0.008
0.01
0.034
0.032
0.01
0.05
0.064
0.5738770004
0.714
0.016
0.064
0.01
0.004
0.036
0.02
0.2
0.052
0.016
0.004
0.028
0.016
0.118
0.028
0.002
0.002
0
0.192
0.006
0.06
0.002
0.028
0.004
0.012
0.002
0.012
0.006
0.182
0.012
0.156
0.026
0.07595655014
0.028
0.02
0
0
0.202
0.008
0.062
0.162
0.016
0.054
0.06
0.17
0.002
0.02
0.026
0
0.032
0.042
0.002
0.108
0.062
0.052
0.006
0.002
0.016
0
0.018
0.004
0.302
0.008
0.008
0.008
0.004
0.032
0.05
0
0.006
0.01
0.022
0.03
0.692
0.004
0.002
0.53
0.012
0.124
0.004
0.038
0.008
0.054
0.002
0.004
0.026
0.221878134
0.034
0.014
0.018
0.664
0.002
0.788
0.014
0.002
0.07
0.024
0.08987773972
0.012
0
0.022
0.014
0.022
0.006
0
0.02
0.028
0.02
0.012
0.002
0.014
0.016
0.022
0.858
0.008
0.056
0.036
0.056
0.004
0.082
0.072
0.01
0.022
0.008
0.004
0.04
0.004
0.024
0.03781470217
0.02
0.066
0
0.17
0.1
0.008
0.002
0.002
0.004
0.034
0.024
0.042
0.062
0.04
0.01
0.005877266566
0.006
0.002
0.01
0.004
0.09
0.03
0.058
0.006
0.004
0.01
0.008
0.5
0.002
0.002
0.012
0.184
0.002
0.908
0.45
0.012
0.012
0.002
0
0.016
0.044
0.004
0.002
0.01
0.314
0.058
0.008
0.028
0.004
0.012
0.06
0.296
0.006
0.032
0.03
0.03375462116
0.01
0.034
0.008
0
0.028
0.01
0
0.044
0.012
0.002
0
0.062
0.098
0.022
0.068
0
0.014
0
0
0.002
0.032
0.024
0.01
0.472
0.04
0.008
0.402
0.014
0.022
0.016
0.064
0.022
0.072
0.028
0.048
0.05
0.002
0.002
0.016
0.014
0.044
0.004
0.006
0.006
0
0.57
0.088
0.012
0.028
0.002
0.038
0.02359285702
0
0.006
0.548
0.604
0.03793645466
0.018
0
0.56
0.006
0.05
0.002
0.086
0.016
0.002
0.076
0.008
0.004
0.112
0.002
0.054
0.02
0.006
0.016
0.002
0.008
0
0.07
0.002
0.066
0.014
0.024
0.014
0.008
0.12
0.016
0.594
0.008
0.022
0
0.072
0
0.008
0.044
0.024
0.044
0.002
0.004
0.04
0.02
0.07
0.042
0.006
0.03
0.062
0.026
0.002
0.028
0.024
0.026
0.012
0.064
0.002
0
0.008
0.112
0.008
0.014
0.002
0.012
0.004
0.006
0.102
0.006
0.09
0.02
0.028
0.004
0.002
0.004
0.006
0.074
0.022
0.026
0.338
0.012
0.32
0.004
0
0.002
0
0.06
0
0.066
0.008
0.162
0
0.022
0.008
0.004
0.112
0.09
0.002
0.03
0.184
0.002
0.016
0.016
0.17
0.048
0.002
0.03171787301
0.03
0
0.004
0.02
0.646
0.006
0.006
0.004
0.169581521
0.014
0.014
0.05
0.034
0.008
0
0.054
0.006
0.038
0.01
0.006
0.012
0.038
0.286
0.01
0.084
0
0.006
0.092
0.002
0.01
0.776
0.006
0.038
0.046
0.012
0.006
0.29
0.438
0.7555772839
0.014
0.03
0.028
0.896
0.008
0.012
0.012
0.006
0.708
0.098
0
0.014
0.01570605376
0.01
0.002
0.016
0.016
0.006
0.006
0
0.016
0.004
0.004
0.006
0.002
0.026
0.098
0.03
0.012
0.004
0.076
0
0.05
0.012
0.004
0.016
0.038
0.022
0
0.002
0.01376781586
0.034
0.004
0.88
0.014
0.058
0.148
0.066
0
0.04
0.014
0.004
0.03
0.112
0.006
0.218
0.016
0.024
0.008
0
0.414
0.002
0.01
0.028
0.946
0.009936470403
0.082
0.038
0.018
0.026
0.004
0.002
0.006
0
0.012
0.002
0.002
0
0.014
0.008
0
0.004
0.002
0.016
0.006
0.74
0.02
0.082
0.046
0.018
0.014
0.008
0.01
0.092
0.012
0.05
0.01
0.056
0.036
0.018
0.008
0.022
0.014
0.038
0.048
0.058
0
0.358
0.02
0.042
0
0.41
0.008
0.03
0.03
0.026
0.02943752811
0.018
0.008
0.02787763129
0.07
0.044
0.256
0.072
0
0.006
0.016
0.006
0.122
0.046
0.016
0.01
0.004
0.04
0.008
0
0.162
0.058
0.042
0.012
0.006
0.012
0.004
0.01
0.01
0.044
0.008
0.004
0
0.042
0.014
0
0.078
0.002
0.008
0.004
0.004
0.03
0.008
0.002
0.116
0
0.04587661598
0.03
0.006
0.022
0.008
0.048
0.012
0.014
0.002
0.128
0.026
0.88
0.228
0.012
0.038
0.02
0.032
0
0
0.044
0.072
0.098
0.09987534439
0.024
0.002
0.002
0.012
0.016
0.002
0
0.006
0
0.002
0
0.02
0.024
0.032
0.036
0
0.562
0.006
0.008
0.006
0.002
0.004
0.012
0.032
0.014
0.464
0.004
0.036
0.04387736514
0
0.002
0.006
0.01
0.004
0.018
0.003875669681
0.146
0.026
0.01
0.008
0.024
0.006
0.058
0.036
0.698
0.068
0.656
0.018
0.14
0.0454947687
0.536
0.176
0.038
0.01
0.002
0.018
0.012
0
0.014
0.398
0.012
0.078
0.004
0.066
0.004
0.01
0.007670994835
0.114
0.062
0.03
0.562
0.856
0
0.008
0.004
0.1
0.018
0.002
0
0.002
0.002
0.002
0.1758213527
0.008
0.018
0.004
0.078
0.004
0.01
0
0.004
0.01
0.002
0.134
0.002
0.028
0.012
0.004
0
0.004
0.024
0.0098750881
0.002
0.008
0.016
0.016
0.018
0.006
0.004
0.014
0.36
0.002
0.018
0.018
0.014
0.596
0.002
0.016
0.054
0.004
0.002
0.002
0.066
0
0.006
0.002
0.026
0.032
0
0.014
0.024
0.006
0.006
0.42
0.01
0.048
0.046
0.004
0.192
0.03
0.07
0.008
0.006
0.008
0.036
0.02
0.004
0.008
0.024
0.004
0.008
0.016
0.004
0.052
0.068
0.022
0.056
0.024
0.754
0.064
0.008
0.002
0.004
0.012
0.04
0.028
0.014
0.156
0.012
0.02
0.09652665759
0
0.008
0.018
0.004
0.194
0.106
0.04980149311
0.002
0.018
0.062
0.014
0.01
0.036
0.036
0.006
0.01
0
0.196
0.1699372047
0.004
0.004
0.02
0.004
0.002
0.016
0.032
0.032
0.002
0.028
0.032
0.004
0.024
0.006
0.068
0.048
0.004
0.012
0.016
0.004
0.002
0
0.08
0.002
0.136
0.006
0
0.012
0.014
0.002
0.028
0.058
0.004
0.042
0.006
0.01
0
0.058
0.942
0.05
0.096
0.004
0.128
0.004
0.048
0.008
0.016
0.016
0.006
0
0.006
0.004
0.066
0.358
0.04
0.006
0.006
0
0.018
0.004
0.006
0.002
0.032
0.008
0.004
0.008
0.02
0.02
0.008
0.024
0.004
0.028
0.066
0.042
0.02
0.006
0.006
0.064
0.038
0.026
0.006
0.044
0.01
0.006
0.04758207092
0.016
0
0.024
0.014
0.006
0.028
0.056
0.002
0.02
0.02
0.028
0.004
0.074
0.014
0.022
0.01
0.016
0.024
0
0.016
0
0.058
0.01
0.062
0.024
0
0.218
0.058
0
0.032
0
0.224
0.164
0.36
0.002
0.004
0.694
0.008
0.434
0.034
0.002
0.878
0
0.716
0.006
0.022
0.036
0.012
0
0.012
0.002
0.006
0.006
0.002
0.032
0.004
0.51
0.004
0.006
0.018
0.306
0.036
0.01
0.048
0.018
0.038
0.004
0
0.258
0.044
0
0.01
0.012
0.008
0.446
0.074
0.012
0.006
0.002
0.002
0.026
0.002
0.03
0.002
0.014
0.07
0.002
0.074
0.39
0
0.086
0.014
0.002
0.004
0.022
0
0.05
0.03
0.022
0.002
0.034
0.074
0.006
0.016
0.018
0.699541877
0.008
0.076
0.002
0.006
0.14
0.022
0.002
0.168
0.003751950516
0.006
0.012
0.02
0.3718758274
0.222
0.042
0.028
0.098
0.028
0.002
0.014
0.616
0.046
0
0.098
0.004
0.016
0.016
0.012
0.034
0.002
0.02
0.064
0.076
0.878
0.058
0.003257421412
0.002
0.028
0.004
0.14
0.016
0.008
0.036
0.01
0.006
0.004
0.058
0.05
0.018
0.156
0
0.038
0.014
0.002
0
0.172
0.012
0.28
0.068
0.006
0.026
0.04
0.002
0
0.138
0.022
0.016
0.002
0.01379100775
0.008
0.028
0.01
0.008
0.002
0.028
0.002
0.004
0.006
0.028
0.016
0.018
0.004
0.016
0.02
0.008
0.004
0.008
0.028
0.05
0.85
0.88
0.008
0
0.01
0.3579159553
0.016
0.016
0.004
0.004
0.006
0.004
0.008
0.058
0.014
0.016
0.012
0.894
0.002
0.058
0.044
0.002
0.156
0.006
0.016
0.038
0.002
0.004
0
0.012
0.008
0
0.014
0.02
0.05
0.002
0.022
0.076
0.016
0.1179365229
0
0.002
0.02176814824
0.006
0.008
0.026
0.01787711871
0.016
0.004
0.738
0.014
0.016
0.012
0
0
0.062
0.016
0.032
0.01
0.002
0.008
0.182
0.098
0.002
0.006
0.05
0.076
0
0.074
0.034
0.006
0.186
0.006
0.012
0.822
0.006
0.03376736111
0.002
0.274
0.004
0.002
0.002
0.022
0.162
0.008
0.044
0.274
0.66
0.008
0.928
0
0.022
0.032
0.01
0.002
0.012
0.03187792701
0.016
0.002
0.012
0.002
0.028
0
0.002
0.03
0.004
0.07795638555
0.166
0.018
0.002
0.026
0.01
0
0.004
0.016
0.016
0.004
0.106
0.01
0
0.022
0.1
0.086
0.016
0
0.036
0.02
0.08299709944
0.006
0.002
0.042
0.002
0.038
0.008
0.01
0.048
0.06
0.178
0.022
0.02
0.012
0.054
0.028
0.008
0.066
0.094
0
0.15
0.012
0.0279362815
0.56
0.014
0.014
0.034
0.85
0.832
0.014
0.038
0.05
0.112
0.028
0
0.004
0.004
0.404
0.002
0.014
0.00793752446
0.016
0.086
0
0
0.444
0.1097691107
0.034
0.902
0.06387746371
0.02
0.042
0.02
0
0.0178781143
0.004
0.054
0.044
0.008
0.064
0.004
0.002
0.012
0.218
0.002
0.006
0.01
0.012
0.008
0.006
0.004
0.012
0.39
0.004
0.01
0.004
0.002
0.004
0.028
0.014
0.002
0.002
0.042
0.004
0.016
0.038
0.008
0.008
0
0.008
0
0.008
0.002
0.002
0
0.01
0.02
0.01
0
0.468
0.012
0.102
0.086
0.024
0.026
0.014
0.02
0.002
0.008
0.02
0.11
0.294
0.602
0
0.012
0.014
0.006
0.026
0.042
0.004
0.002
0.048
0.05
0.032
0.194
0.276
0.002
0.016
0.004
0.002
0.008
0.06
0.002
0.008
0.408
0.02
0.002
0
0.01
0.008
0.048
0.042
0.006
0.066
0.048
0.034
0.098
0.01
0
0.508
0
0.008
0.02558547946
0.002
0.158
0.01
0.002
0.152
0.116
0.348
0.012
0.002
0.006
0.012
0.016
0.01
0.01
0.048
0.032
0.0176682784
0.006
0.02
0.022
0.016
0.108
0.048
0
0.006
0.526
0.08387722714
0.288
0.076
0.03
0.074
0.006
0.012
0.01
0
0.038
0.018
0.016
0.054
0.114
0.022
0.004
0.03
0.014
0.036
0
0.014
0.008
0.636
0.07
0.006
0.01
0.132
0.056
0.064
0.02
0.06993599284
0.002
0.018
0.032
0.01
0.012
0
0.012
0.01
0.004
0.04568905527
0.056
0.162
0.004
0.016
0.07387869588
0.01
0.004
0
0.036
0.026
0.064
0.006
0.004
0.006
0.012
0.004
0.174
0.002
0.02
0.032
0.012
0.386
0.022
0.008
0.06936375997
0.042
0.002
0.032
0.018
0.042
0.01
0.022
0.038
0.118
0.086
0.002
0.0158750881
0.154
0.014
0.006
0.05
0.064
0.11
0.044
0
0.006
0.004
0.01
0.02
0.518
0.042
0.034
0.018
0.014
0.008
0.006
0.042
0.05
0.018
0.006
0.012
0.004
0.01
0.016
0.048
0
0.002
0.802
0.034
0.03
0.06
0.012
0.15
0.014
0
0.032
0.038
0.024
0.004
0.006
0.002
0.812
0.092
0.002
0.014
0.068
0.032
0.002
0.07
0.008
0
0.392
0.012
0.01
0.044
0.482
0.026
0.016
0.064
0.008
0.024
0.01
0.64
0.016
0.004
0.01
0.074
0.12
0.012
0.038
0.016
0.016
0.014
0.164
0.222
0.124
0.002
0.168
0.002
0.012
0.034
0.022
0.034
0.044
0.038
0.006
0.004
0.012
0.058
0.012
0
0.104
0.114
0.01
0.414
0.02
0.018
0.074
0.004
0.01
0.01
0.11
0.034
0.008
0.018
0.042
0.004
0.002
0.008
0
0.006
0.014
0.024
0.088
0.008
0.002
0.078
0.036
0.01
0.008
0.004
0
0.006
0.007669987235
0.01
0
0.026
0.07
0.022
0.008
0.004
0.002
0.008
0.014
0.002
0.024
0.016
0
0.01
0.014
0.064
0.028
0.012
0.008
0.074
0.012
0.005675385582
0.012
0.016
0.002
0.054
0.01
0.058
0.056
0.002
0.028
0.01
0.008
0.006
0.012
0.002
0
0.002
0.058
0.018
0.002
0
0.024
0.002
0.421582362
0
0.3
0.006
0.01
0.02
0.018
0.166
0.01593642318
0.008
0.01
0.052
0.018
0.042
0.008
0
0.144
0.004
0.002
0.008
0.002
0.004
0.03
0.0559359036
0.036
0.01581989157
0.006
0.04
0.022
0.006
0.066
0
0.002
0.01
0.076
0.018
0.048
0.036
0.494
0.014
0.042
0.026
0.002
0.002
0.008
0.52
0.064
0.026
0.088
0.004
0.006
0.004
0.05362920496
0.012
0.014
0.014
0.85
0.024
0.152
0.002
0.3218788437
0.024
0.002
0.005967890459
0
0.034
0.006
0.01
0
0.022
0.006
0.016
0.004
0.022
0.182
0.002
0.008
0.6779365176
0.022
0.006
0.608
0.004
0.01
0.794
0.004
0.028
0.006
0.008
0
0
0.252
0.022
0.018
0.004
0.002
0.81
0.008
0.106
0.004
0.03
0.028
0.004
0.008
0.412
0.014
0.004
0.038
0.002
0.02
0.118
0.016
0.04
0.006
0.046
0.012
0.012
0.014
0.03
0
0.236
0.266
0.016
0.808
0
0.752
0.028
0
0.068
0.05
0.02
0.026
0.1239356358
0.008
0.04
0.072
0
0.03
0.008
0.002
0.002
0.002
0.036
0.02
0.014
0.036
0.062
0.004
0.008
0.01
0.022
0
0.018
0.032
0.004
0.034
0.042
0.062
0.16
0.032
0.008
0.024
0.008
0.004
0.108
0.098
0.0319358406
0.166
0
0.026
0.02
0
0.028
0.012
0.136
0
0.006
0.009752827817
0.074
0.152
0.008
0.004
0.004
0.604
0.016
0.082
0.012
0.002
0.084
0.002
0.022
0
0.004
0.006
0.002
0.056
0.068
0.01
0
0.016
0.002
0.032
0.016
0.026
0
0.01
0.172
0.034
0.022
0.002
0.202
0.024
0.014
0.274
0.014
0.066
0.018
0.01
0.002
0.002
0.02576496676
0.024
0.008
0
0.07
0
0.014
0.042
0.02
0.892
0.004
0.01387554154
0.032
0.13
0.006
0.004
0.222
0.029767536
0.066
0.016
0.008
0.138
0.004
0.002
0.056
0.014
0.074
0.012
0.496
0.002
0.003876477981
0.018
0.026
0.024
0.056
0.028
0.038
0.07
0
0.082
0.056
0.586
0.104
0.048
0.038
0.012
0.008
0.002
0.004
0.06193647565
0.002
0.218
0.014
0.052
0.002
0.08
0.166
0.056
0.004
0.06
0.008
0.024
0.028
0.02
0.122
0.008
0.152
0.018
0
0
0.008
0.008
0.022
0.004
0.05
0.024
0.004
0.004
0.042
0.014
0.066
0.212
0.012
0.024
0.01
0.006
0.016
0.005770494088
0.002
0.006
0.005667833992
0.002
0.006
0.01982150577
0.01
0.024
0.122
0.004
0
0.002
0.01
0.022
0.01
0.064
0.002
0.37
0
0.012
0.006
0
0.142
0.002
0.002
0.004
0.014
0.004
0
0.008
0.026
0.006
0.04
0.002
0.002
0.004
0.012
0.176
0.014
0.02
0.006
0.012
0.004
0.05
0.01
0.018
0.024
0.008
0.004
0.006
0.052
0.004
0.052
0.01
0.002
0.134
0.022
0.82
0.022
0.026
0.216
0.04187683284
0.032
0.016
0.002
0.008
0.01
0.012
0.342
0.194
0.05
0.118
0.006
0.008
0.002
0.195936166
0.01
0.01
0.012
0.006
0.002
0.014
0.002
0.042
0.766
0.088
0.002
0.206
0.296
0
0.012
0.884
0.002
0.012
0.022
0.018
0.004
0.436
0.072
0.09
0.016
0.018
0.002
0.048
0
0.002
0.026
0.362
0.066
0.01
0.024
0.004
0.014
0.002
0.032
0.01
0.008
0.162
0.006
0.302
0.176
0.024
0.038
0.004
0.276
0.032
0.002
0.002
0.076
0.028
0.012
0.022
0.046
0
0.01
0.009765490811
0.034
0.21
0.048
0.02
0.102
0.01
0
0.048
0
0.046
0.026
0.002
0.396
0.018
0.858
0.6662967102
0.05
0.17
0.006
0.086
0.026
0.044
0.064
0.004
0.01
0.254
0
0
0.006
0.012
0.018
0.026
0.004
0.002
0.652
0.014
0.814
0.01
0.002
0.04593670648
0.038
0.004
0.194
0.016
0.018
0.01
0.008
0.022
0.154
0.002
0.012
0.014
0.004
0.016
0.004
0.006
0.032
0.088
0.062
0.086
0.744
0.02
0.002
0.006
0.164
0.014
0.002
0
0.126
0
0.59
0.01
0.034
0.066
0.002
0.004
0.002
0.582
0.01
0.006
0.007820935131
0.002
0.02
0.042
0.006
0.01
0.032
0.008
0.056
0.016
0.474
0.034
0.048
0.084
0.234
0.68
0.096
0.212
0.166
0.052
0.03
0.08
0.08
0.002
0.032
0.08787773972
0.008
0.31
0.016
0.006
0.686
0.01
0.032
0.026
0.002
0.034
0.128
0.004
0.004
0.006
0.142
0.008
0.002
0.004
0
0.054
0.016
0.01
0.038
0.012
0.006
0.006
0.016
0.01
0.016
0.004
0.008
0.032
0.01
0.036
0.088
0.014
0.024
0.004
0.002
0.026
0.02
0
0.004
0.028
0.002
0.002
0.018
0.006
0.018
0.004
0.006
0.012
0
0.03
0.06371810569
0.002
0.01
0.004
0.012
0.022
0.062
0.05
0.054
0.01
0.096
0.094
0.22
0.038
0.162
0.02
0.034
0.006
0.012
0.144
0.024
0.004
0.006
0.364
0.016
0.692
0.032
0
0.07
0.012
0.044
0.002
0.007539571159
0.25
0.02
0.09
0.546
0.002
0.762
0.02376781586
0.014
0.032
0.014
0.002
0.004
0
0.1258769511
0.002
0.002
0.02
0.006
0.018
0.02
0.026
0
0.01
0.852
0.004
0.002
0.068
0.008
0.002
0.004
0.002
0
0.002
0.024
0.058
0.014
0.06
0.382
0.006
0.024
0.032
0.02
0.006
0.054
0
0.008
0.07787534439
0.03
0.004
0.034
0
0.016
0.038
0
0.004
0.004
0.038
0.114
0.044
0.018
0.01
0.04
0.008
0.04
0.168
0.046
0.906
0
0.04
0.742
0.03
0.02
0.01
0.014
0.016
0.1199368114
0.002
0.04
0.014
0.018
0.004
0.194
0.028
0.004
0.028
0.012
0.014
0.018
0.028
0.006
0.004
0.006
0.008
0.692
0.036
0.01
0.046
0.012
0.034
0.036
0
0.122
0.158
0.036
0.002
0.002
0.008
0.246
0.152
0.076
0.06
0
0.006
0.024
0.002
0.014
0
0.086
0.006
0
0.4578780552
0.018
0.024
0
0.016
0.014
0.03
0.06
0.014
0
0
0.004
0.018
0.006
0.012
0.004
0.002
0.008
0.004
0.04
0.054
0.014
0.036
0.002
0.006
0.002
0.01
0.154
0.004
0.008
0.118
0.028
0.022
0.7615868747
0.03
0.008
0.016
0.132
0.004
0
0
0.018
0.004
0.018
0.138
0.028
0.014
0.004
0.006
0
0.008
0.002
0.048
0.05593644942
0.006
0
0.004
0.072
0.012
0.046
0.006
0.008
0.002
0
0.004
0.036
0.024
0
0.586
0.976
0.014
0.022
0
0.05
0.044
0.014
0.004
0.01
0.158
0.034
0.014
0.022
0.006
0.122
0.024
0.006
0
0.01
0.002
0.04
0.002
0.026
0.562
0.03781838951
0.014
0.006
0.07
0.024
0.054
0.072
0.016
0.5
0.01
0.006
0.008
0.004
0.172
0.048
0.04976876068
0.002
0.01
0.068
0.01
0.018
0.004
0.032
0.116
0.834
0.002
0.002
0.02
0.02
0.036
0.018
0.032
0.01
0.004
0.022
0.004
0.002
0.002
0.024
0
0
0.014
0
0.5457095885
0.03
0.152
0.002
0.012
0.018
0
0
0.054
0.01
0.238
0.21
0
0.016
0.022
0.006
0
0.102
0.16
0.078
0.006
0.096
0.01
0.004
0.108
0.032
0.008
0.042
0.034
0.064
0.006
0.006
0.012
0.092
0.112
0.018
0.03
0.016
0.002
0
0.008
0.04
0.002
0.736
0.006
0
0.026
0.006
0.006
0.008
0.764
0.018
0.022
0.024
0.852
0.218
0.036
0.01
0.012
0.008
0.028
0.002
0.086
0.002
0.036
0.022
0.852
0.028
0.05
0.01
0.008
0.008
0
0
0.108
0.074
0.81
0.862
0.608
0.002
0.008
0.024
0.03
0.024
0.032
0.006
0.04
0.002
0.022
0.008
0.016
0.022
0.854
0.136
0
0.856
0.01
0.032
0.072
0.008
0.018
0.004
0.04540775976
0.038
0.306
0.006
0.02
0
0.006
0.004
0.88
0.018
0.05193687432
0.04
0.016
0.014
0.012
0.002
0.01
0.012
0.006
0
0.066
0.054
0.012
0
0.018
0.036
0.008
0.004
0.006
0.02
0.03
0.068
0.006
0.124
0.02
0.004
0.03781314261
0.272
0.752
0.006
0.032
0.044
0.004
0.018
0
0.162
0.002
0
0.002
0.014
0.012
0.008
0.886
0.124
0.07576730865
0.064
0.098
0.074
0.028
0.44
0.01
0.116
0
0.004
0.008
0.23
0.022
0.016
0.026
0.014
0.022
0.004
0.106
0.01776779836
0.004
0.128
0.02
0.07
0.014
0.04
0
0.016
0.03
0.012
0.016
0.028
0.3
0.02
0.002
0.026
0.01
0.01
0.024
0.036
0.01
0.006
0.028
0.022
0
0.108
0.044
0
0.002
0
0.018
0.014
0.056
0.004
0.03
0.004
0.058
0.29
0.03593709982
0.02
0.1
0.04
0.004
0.34
0.06114763383
0.004
0.024
0.022
0.002
0.086
0.008
0.014
0.042
0.006
0.322
0.006
0.012
0.004
0.006
0.036
0.048
0.012
0.254
0.747505735
0.002
0.02
0.08
0.022
0
0.018
0.118
0.03
0.016
0.002
0.002
0.012
0.016
0.1
0.004
0.012
0.022
0.002
0
0
0.012
0.022
0.026
0
0.012
0.022
0.016
0.012
0.148
0.08
0.04383932024
0.02
0.004
0.034
0
0.032
0.01576793831
0.044
0.064
0.002
0
0.018
0.006
0
0.004
0.006
0.006
0.016
0.008
0.01
0.038
0.036
0.006
0.022
0
0.676
0.042
0.002
0.012
0.002
0.054
0.018
0.014
0.028
0.002
0.04
0
0.012
0.004
0.008
0.082
0
0.004
0.028
0.012
0.018
0.134
0.07787621183
0
0.084
0.006
0.478
0.008
0.1109915147
0
0
0.004
0.064
0.052
0.01
0.024
0.002
0.01
0.04
0.008
0.014
0.024
0.008
0
0.042
0.086
0.026
0.152
0.01
0.014
0.67
0.016
0.008
0.086
0.008
0.01
0.006
0.008
0.91
0.006
0.062
0.33
0.014
0.878
0.016
0.178
0.006
0.368
0.002
0.008
0.006
0.142
0.002
0.016
0.008
0
0.01
0
0.024
0.004
0.02
0.102
0.974
0.092
0.016
0.014
0.024
0.004
0.054
0.034
0.01
0.0419364809
0.02
0.01
0.094
0.018
0.9938771286
0.08
0
0.016
0.072
0.012
0.002
0.012
0.014
0.02
0.016
0.036
0.038
0.018
0.018
0.004
0
0.082
0.058
0.014
0.026
0.002
0.43
0.12
0.02983694832
0.016
0.02
0.386
0.01567331755
0.066
0
0.012
0
0.038
0.008
0.006
0.3898765864
0.056
0.008
0.554
0.004
0.05
0
0.108
0.028
0.014
0.002
0.018
0.01
0.028
0.746
0
0.004
0.012
0.012
0
0.008
0.028
0.31
0.022
0
0.786
0.01581904309
0
0.526
0.02991496173
0.01
0.038
0
0.052
0.008
0.004
0.003876389265
0.04393563583
0.088
0.004
0.005367548206
0.006
0.012
0.006
0.012
0.012
0.088
0.318
0.072
0.098
0
0.104
0.148
0.06
0.002
0.04376617229
0.124
0.016
0.002
0.014
0.008
0.024
0.014
0.174
0
0.02
0.024
0.024
0.04
0.008
0.004
0.028
0.002
0.006
0.01
0.014
0.006
0.05
0.07
0.022
0.056
0.02393628675
0.024
0.03758283892
0.158
0.014
0.336
0
0.19
0.012
0.022
0.012
0.436
0.052
0.014
0.008
0.006
0.01
0.008
0.006
0.012
0.232
0.056
0.003586436076
0.008
0.074
0.001957461604
0
0.63
0.066
0.004
0.094
0
0.004
0.006
0.026
0.002
0.024
0.002
0.054
0.03
0.08
0.002
0.392
0.12
0.022
0.256
0.01
0.056
0.088
0.016
0.002
0.026
0.008
0.02
0.024
0.002
0.04
0.044
0
0.3676696125
0.022
0.03
0.004
0.042
0.024
0.028
0.01
0.02387632026
0.014
0.022
0
0.058
0.006
0.012
0.006
0.128
0.4
0.004
0.02
0.054
0.002
0.012
0.03
0.126
0
0
0.002
0.32
0.052
0
0
0.01
0.006
0.028
0.002
0.03
0
0.008
0
0.02
0
0.004
0.022
0.02
0
0.872
0.002
0.05
0.004
0.024
0.004
0.004
0.002
0.002
0.052
0.022
0.022
0
0
0.006
0.07
0.006
0.002
0.008
0.042
0.024
0.012
0.02
0.002
0.02
0.006
0
0.006
0.016
0.448
0.012
0.074
0
0.01
0.012
0.054
0.02
0.006
0.054
0.02573781035
0.002
0.004
0.016
0.426
0.026
0.006
0.006
0.01
0.016
0.004
0.02
0.012
0.016
0.06
0.458
0.012
0.054
0.032
0.018
0.02
0.464
0.012
0.012
0.002
0.002
0.044
0.032
0.004
0.002
0.032
0.01
0.012
0.02
0.066
0.02
0.006
0.008
0.016
0
0.012
0.044
0.002
0.022
0.01
0.004
0.024
0.024
0.004
0.006
0.004
0.06987651741
0.004
0
0.014
0.026
0.016
0.002
0.008
0.018
0.03793752446
0.014
0.002
0
0
0.01
0.04
0.012
0.02387692156
0.008
0.006
0.024
0.012
0.008
0.008
0.02575387269
0.046
0.172
0.024
0.012
0.004
0.004
0.182
0.004
0.006
0.124
0.026
0.006
0.09793641269
0
0
0.008
0.004
0.01
0.014
0.03
0.008
0.902
0.098
0.064
0.264
0.006
0.002
0.002
0
0.026
0.018
0.016
0.016
0.012
0.046
0.004
0.018
0.016
0.016
0.718
0.022
0.036
0.005876803273
0
0.008
0.026
0.018
0
0.002
0.006
0.002
0.008
0.022
0.006
0.036
0.01
0.492
0.004
0.004
0.014
0.002
0.014
0.004
0.002
0.016
0.01
0.002
0.084
0.008
0.018
0.012
0.674
0.012
0.006
0.004
0.146
0.034
0.006
0.006
0.016
0.01
0.042
0
0.01
0.006
0
0.006
0.042
0.004
0.002
0.002
0
0.06993563583
0.36
0.008
0.002
0.006
0
0.042
0
0.032
0.008
0.014
0.014
0.014
0.058
0.01
0.036
0.162
0
0.238
0.01
0.028
0.006
0
0.708
0.006
0.008
0.012
0.004
0.038
0.008
0.068
0.194
0.008
0.44
0.79
0.008
0.044
0
0.002
0
0.324
0.016
0
0.004
0.008
0.004
0.004
0.026
0.018
0.008
0.01
0.006
0.058
0.002
0.008
0.004
0.02335558441
0.002
0.04
0.024
0.066
0.008
0
0.078
0.03
0.2736705279
0.046
0.218
0.104
0.084
0.022
0.022
0
0.012
0.008
0.004
0
0.016
0.01
0.044
0
0.016
0.004
0.056
0.002
0.07
0.03
0.018
0.006
0.01
0.008
0.006
0.006
0.03
0.084
0.004
0.044
0
0.006
0.03
0.012
0.036
0.006
0.028
0.142
0.002
0.012
0.016
0.022
0.008
0.03
0.014
0.008
0.026
0.006
0.01
0.004
0
0.07
0.016
0.006
0.018
0.008
0.014
0.026
0.01
0
0.496
0
0.002
0.222
0.01
0.004
0.01
0.04
0.004
0.004
0.008
0.006
0.006
0.03
0.076
0.008
0.008
0.008
0.06
0
0.004
0.514
0.002
0.018
0.074
0.058
0.03
0.002
0
0.17
0.044
0.01
0.01
0.006
0
0.016
0
0.364
0.008
0.02
0.002
0.284
0
0.01
0.01
0.008
0.002
0.694
0.382
0.09587792701
0.16
0.016
0.012
0.014
0.012
0.02
0.002
0.186
0.002
0.036
0.014
0.018
0.176
0.008
0.004
0.068
0.014
0.03
0.014
0.04393658058
0.012
0.016
0
0.004
0.05
0.002
0.008
0.006
0
0.162
0.052
0.014
0.01
0.474
0.016
0.09176998616
0.01
0.004
0
0.11
0.036
0.974
0.004
0.012
0.052
0.014
0.002
0.018
0.01
0.02
0.052
0.01
0.022
0.024
0
0.002
0.062
0.064
0.62
0
0.29
0.044
0
0.004
0.036
0.07
0
0.024
0.002
0.004
0.02591536607
0.024
0.048
0.146
0.008
0.002
0.012
0.062
0.1099156676
0
0
0.01187520639
0.212
0.664
0.016
0.116
0.1238198081
0.352
0.014
0.05
0.058
0.06
0.09
0.004
0.006
0.016
0.03
0.007764669864
0.026
0
0.008
0.012
0.004
0.004
0.056
0.2739152564
0.02
0.056
0.186
0.006
0.002
0.006
0.056
0.01
0.028
0.016
0.002
0.02
0.036
0.026
0.004
0.008
0.04
0.008
0.05738200827
0.992
0
0.018
0.014
0.008
0
0.018
0.004
0.008
0.034
0.038
0.03
0.002
0.032
0.006
0.002
0.05393612406
0.014
0.006
0.018
0.004
0
0.008
0.01991561275
0
0.012
0.004
0.322
0.022
0.002
0.092
0.034
0.638
0.022
0
0.04
0.002
0.014
0
0.006
0.032
0.15
0.01
0.012
0.024
0.008
0.008
0.002
0.002
0.04
0.002
0.01
0.058
0.01787813401
0.01
0.004
0.03
0.016
0.086
0.016
0.256
0.3
0.004
0.002
0.036
0.018
0.002
0.003878094581
0
0.01
0.538
0.018
0.016
0.008
0
0.006
0.006
0.062
0.008
0.01
0.014
0.006
0.052
0.084
0.176
0.006
0.014
0.016
0.002
0.034
0
0.236
0.006
0.004
0.01
0.008
0.202
0.002
0.012
0
0.01
0.008
0.062
0.15
0.01
0.008
0.486
0.02
0.01
0.258
0.002
0.024
0.032
0.01
0.022
0
0.05
0.014
0.004
0.014
0.034
0.006
0.006
0.036
0.01
0.044
0.022
0.416
0.012
0.008
0.016
0.12
0.044
0.018
0.042
0
0.318
0.672
0.074
0.004
0.03
0.602
0.076
0.018
0.01743508131
0.032
0.004
0.026
0.016
0.536
0
0.036
0.004
0
0.042
0.006
0.012
0.028
0.1359360926
0.02
0.002
0.004
0.006
0.086
0.116
0.064
0.006
0.07
0.012
0.01
0.01
0.018
0.038
0.064
0.002
0.262
0.752
0.04
0.004
0.032
0.016
0.586
0.018
0.052
0.01
0.01993648614
0.044
0.002
0.022
0.008
0.038
0.004
0.008
0.002
0.052
0.006
0.016
0.01
0.004
0
0.012
0.04
0.556
0.01376592763
0.004
0.062
0.03
0.012
0.172
0.004
0.018
0.568
0.006
0.056
0.012
0
0.024
0.052
0.02
0.492
0.014
0.02
0.002
0
0.002
0.006
0.064
0.006
0.02
0.014
0.042
0.128
0.008
0.2038236223
0.02387748343
0.002
0
0
0.001767518511
0.01
0
0.042
0.026
0.004
0.804
0.066
0.002
0.008
0.034
0.04
0.006
0.006
0.022
0.012
0.006
0.002
0.004
0.034
0.004
0.906
0.054
0.004
0.008
0.006
0.008
0.014
0.012
0.002
0.22
0.022
0.006
0
0.004
0
0.006
0.004
0.022
0.006
0.082
0.024
0.01
0.05
0.004
0.002
0
0.808
0
0.032
0.074
0.022
0.04
0.06
0.046
0.006
0
0.016
0.12
0.02
0.018
0.028
0.026
0.06
0.03
0.046
0.014
0.092
0.034
0.006
0.01
0.016
0.002
0.39
0.006
0.006
0.024
0.032
0.002
0.034
0.028
0
0.01
0.004
0.1
0.028
0.008
0.012
0.006
0.022
0.908
0.002
0.062
0.008
0.022
0.01
0.008
0.07
0.002
0.05789315402
0.068
0.038
0.052
0.01
0.166
0.022
0.2411936239
0.016
0.006
0.706
0.016
0.008
0.024
0
0.014
0.008
0
0.014
0.002
0.004
0.006
0.042
0.004
0.038
0.006
0.01
0.018
0.004
0.01
0.018
0.106
0.012
0.124
0.014
0.004
0.002
0.782
0.09
0.012
0.196
0.008
0.002
0.03187728628
0.048
0.03
0.026
0.002
0.006
0
0.71
0.006
0.002
0.006
0.002
0.048
0.006
0.008
0.008
0.003675808983
0.03790644709
0.002
0.004
0.006
0.004
0.02776533358
0.028
0.014
0.014
0.09
0.034
0.038
0.024
0.004
0.01
0.002
0.002
0.008
0.008
0.01
0.014
0.062
0.026
0.012
0.302
0.004
0.082
0.17
0.028
0.054
0.156
0.02
0.042
0.006
0.002
0.016
0.002
0.052
0.004
0.002
0.008
0.05
0
0.014
0.352
0.05
0.938
0.062
0.01
0
0.014
0.048
0.012
0.044
0.044
0.04790753732
0.004
0.116
0.006
0.016
0
0.004
0.014
0.008
0.05
0.03
0.038
0.05
0.01
0.008
0.012
0.266
0.002
0.004
0.016
0.038
0.022
0
0.002
0
0.19
0.04
0.106
0.002
0.006
0.024
0.014
0.024
0.064
0.15
0.006
0.118
0.105667343
0.018
0.632
0.072
0.028
0.26
0.008
0.06
0.01
0
0.026
0.026
0.006
0.002
0.008
0.006
0.008
0.082
0.02
0
0.018
0.004
0
0.02787714828
0.014
0.166
0.028
0.008
0.076
0.128
0
0.014
0.044
0
0.002
0.028
0.05
0.064
0.022
0.16
0.006
0
0.096
0.002
0.008
0.024
0.02
0.002
0.002
0.008
0.006
0.018
0.014
0.028
0.014
0.052
0.004
0.03
0.002
0.004
0
0.558
0.028
0.014
0.004
0.026
0.058
0.014
0.012
0
0.05
0.006
0.052
0.004
0.002
0.008
0.104
0.018
0.018
0.006
0.004
0.01
0.008
0.01
0.03
0
0
0.032
0.012
0.006
0.01
0.006
0.06376744855
0.026
0.03
0.024
0.084
0
0.01
0.012
0.012
0.006
0.006
0.004
0.038
0.24
0.092
0.04
0.016
0.004
0.028
0.022
0.034
0.548
0.03
0.004
0.004
0.074
0.04991500971
0.008
0
0.034
0.004
0.014
0.002
0
0.154
0.004
0
0.028
0.174
0.044
0.262
0.002
0.022
0.002
0.038
0.006
0.018
0.008
0.05
0.006
0.036
0.004
0.004
0.01
0.022
0.036
0.014
0.774
0.188
0
0.006
0.016
0.056
0.158
0.224
0.052
0.004
0.004
0.022
0.02
0.02
0.042
0.004
0.022
0.03
0.38
0
0
0.06
0.01
0
0
0.632
0.012
0.024
0.01
0.032
0.026
0.014
0.05
0.014
0.006
0.042
0.15
0.006
0.858
0.56
0.006
0.002
0.024
0.042
0.04
0
0.022
0.034
0.002
0.088
0.006
0.008
0.042
0.004
0.004
0.004
0.026
0.014
0.616
0.002
0.048
0.0438758274
0.044
0.014
0.022
0.026
0.016
0.092
0.008
0.052
0.054
0
0.004
0.054
0.028
0
0.004
0.01
0
0.03787580768
0.388
0.042
0.014
0.004
0.008
0.006
0.002
0
0.566
0.126
0.054
0.004
0.06
0.104
0
0.072
0.098
0.098
0.678
0.012
0.002
0.006
0.076
0.12
0.118
0.022
0.012
0.004
0.026
0.636
0.096
0.022
0.014
0
0.022
0.43
0.05
0.016
0.052
0.004
0.022
0.122
0.076
0.01
0
0.006
0.022
0.014
0.016
0.094
0.006
0.012
0.002
0.024
0
0.282
0.02
0.018
0.02
0.064
0.02
0.004
0
0.02
0.008
0.02
0.016
0.008
0.03
0.014
0.009877020134
0.012
0.01
0.676
0.452
0.004
0.002
0.07
0
0
0.03
0.006
0.042
0
0.088
0.002
0.04391489319
0.01
0.018
0.24
0.008
0.036
0.002
0.01187665541
0.128
0.048
0.004
0.006
0.006
0.002
0.01
0.004
0.004
0.024
0.014
0.07
0.002
0.368
0.03
0.002
0.08
0.02
0.004
0.002
0.036
0.012
0.004
0
0.244
0.044
0.014
0.034
0.036
0.032
0.004
0.058
0.026
0.052
0.002
0.058
0.11
0.018
0.002
0.012
0.01
0.004
0.076
0.004
0
0
0.036
0.008
0.004
0.016
0.006
0.002
0.004
0.006
0
0.006
0.014
0.04
0.17
0.022
0
0
0.01
0.006
0.006
0
0.002
0.026
0.02
0.008
0.08
0.024
0.024
0.036
0.014
0.008
0.008
0.046
0.012
0.05
0.004
0.026
0.01
0.032
0.006
0.118
0.004
0.016
0.07
0.6005632003
0.002
0.004
0.006
0.02
0.27
0.002
0.006
0.004
0.136
0.566
0.01195715439
0.14
0.026
0.014
0.006
0.008
0.014
0.004
0.002
0.316
0.3538755908
0.018
0.066
0.052
0.036
0.002
0
0.052
0
0.016
0.024
0.062
0.004
0.048
0.33
0.868
0.098
0.014
0.008
0
0.018
0.002
0.004
0.718
0.002
0.004
0
0.006
0.042
0.006
0.096
0.014
0.064
0.028
0.016
0.028
0.006
0
0.036
0.002
0.006
0.002
0.006
0.03
0
0.002
0.826
0.02
0.058
0.26
0.487876202
0.007510238698
0.794
0.006
0.016
0.012
0.006
0.022
0.008
0.056
0.032
0.032
0.002
0.066
0.014
0.052
0.042
0.042
0.006
0.008
0.008
0.002
0
0.032
0.002
0.04193563583
0.016
0.124
0
0.032
0.07
0.008
0
0.022
0.02
0.016
0.106
0.054
0.016
0.112
0.166
0
0.084
0.002
0.032
0.032
0.016
0.002
0.008
0.016
0.004
0.028
0.006
0.012
0.008
0.002
0.032
0
0.018
0
0.034
0.002
0.006
0.01
0.782
0.002
0.012
0.02
0
0.664
0
0.672
0.092
0.022
0.078
0.046
0.046
0
0.002
0.004
0.01
0.088
0.026
0.022
0.008
0.014
0.236
0.008
0.006
0.008
0.14
0.01
0
0
0.016
0.07
0.028
0.072
0.006
0.042
0.104
0.006
0.028
0.522
0.018
0.068
0.014
0.002
0.054
0.126
0.002
0.036
0.012
0
0.426
0
0.026
0.016
0.014
0.006
0.002
0.036
0.022
0.026
0
0.004
0.044
0.076
0.494
0
0.058
0.05
0.07589405217
0.006
0.002
0.006
0.024
0.946
0.006
0.02
0
0.004
0.004
0.16
0.004
0.01
0.018
0.01
0.004
0.014
0.014
0.012
0.068
0.01
0.02
0.066
0.026
0.03
0.066
0.008
0.002
0.27
0.2379563855
0.732
0.004
0.032
0.002
0.004
0.006
0.056
0.018
0.004
0.016
0.56
0.066
0.01793557807
0.024
0.006
0.002
0.01
0.004
0.014
0.004
0
0.522
0.342
0.002
0.004
0.016
0
0.01
0
0.01
0
0
0.114
0.154
0.006
0.002
0.002
0.008
0.006
0.112
0.02535557971
0.008
0
0.134
0.92
0.006
0.07
0.024
0.63
0.002
0.1
0.038
0.056
0.012
0
0.016
0.008
0.012
0.006
0.01
0.05
0.042
0.002
0.012
0.006
0.028
0.012
0.022
0.012
0.02
0.094
0.008
0.001956678911
0.002
0.01387676384
0.006
0.964
0.002
0.004
0.026
0.012
0.818
0.004
0.006
0.304
0.032
0.05
0.02
0.004
0.02
0.012
0.008
0.25
0.008
0
0.036
0.012
0.014
0.016
0.012
0.002
0.004
0.024
0.006
0.104
0.282
0.042
0.004
0
0.018
0.01
0.094
0.026
0.01
0.004
0.004
0
0.05
0.02
0.006
0.002
0.002
0.01
0.132
0.008
0
0.002
0.292
0.006
0.0255499937
0.002
0.002
0.01
0.06
0.054
0.01
0.018
0
0.008
0.188
0
0.924
0
0.022
0.052
0.138
0.788
0.042
0.014
0.008
0.012
0.016
0.01
0.094
0.01
0
0.022
0.018
0.008
0.01
0.002
0.006
0.002
0.1958000224
0.006
0.006
0.026
0.08
0.02
0.044
0.012
0.002
0.03
0.016
0.038
0.002
0.012
0.012
0.058
0.084
0.006
0.01
0.034
0.002
0.03
0.002
0
0.032
0.004
0.004
0.004
0.01
0.01
0.004
0
0.018
0.018
0.012
0
0.006
0.53
0.02
0
0.024
0.006
0.028
0.026
0.038
0.028
0.01
0.036
0.058
0.026
0.01
0.006
0.714
0.174
0.002
0.014
0.004
0.012
0.046
0.002
0.442
0.022
0.052
0.018
0.002
0.092
0.024
0.04593709982
0.03976578784
0.014
0.002
0.012
0.014
0.01376650439
0.01
0.026
0.02958891402
0.024
0.014
0.782
0
0.022
0.06339626488
0.018
0.184
0
0.002
0.176
0.014
0.01
0.05393586685
0.042
0.028
0
0.012
0.012
0.866
0.002
0.004
0.016
0.006
0.034
0.024
0.006
0
0.014
0.474
0.23
0.036
0.048
0.012
0.014
0
0.014
0.002
0.002
0.016
0.014
0.086
0.008
0.002
0.002
0
0.038
0.022
0.156
0.018
0.036
0.002
0.002
0.008
0.046
0.004
0.028
0.028
0.008
0.77
0.006
0.01
0.018
0.016
0.03
0.02
0.034
0.004
0.076
0.016
0.048
0.014
0.074
0.004
0.012
0.014
0.004
0.006
0.012
0.014
0.01
0
0.006
0.022
0.004
0.02
0.044
0.002
0.14
0.008
0
0.05
0.024
0.02
0.044
0.004
0.004
0
0
0.044
0.014
0.012
0.178
0.08
0.006
0
0.022
0.002
0.044
0.002
0.16
0.148
0
0.004
0.002
0.004
0.016
0.028
0.02
0.008
0.002
0.166
0.008
0.014
0.002
0.002
0
0.032
0.044
0.048
0.002
0.056
0.722
0.002
0.392
0.086
0.726
0.04595662526
0.04
0.004
0.002
0.028
0.018
0
0.102
0.006
0.112
0.008
0.002
0
0.194
0.112
0.002
0.216
0.008
0.024
0.04
0.004
0.01
0
0.01
0.024
0.37
0.112
0.012
0.004
0.058
0
0.018
0.052
0.132
0.016
0.026
0.128
0.002
0.118
0.018
0.012
0
0.01
0.014
0.168
0.018
0.014
0.012
0.008
0.024
0.014
0.01
0.028
0.502
0.136
0.024
0.11
0.004
0.036
0.002
0.416
0.004
0.004
0.158
0.002
0.002
0
0.018
0.528
0.012
0.012
0.006
0.582
0.002
0.014
0.008
0.004
0.034
0.004
0.084
0.01
0.004
0.002
0.206
0.106
0.012
0.024
0.03
0.008
0.06
0.018
0.024
0.038
0.038
0.02
0.074
0.004
0
0.3857661548
0
0.006
0.04
0.008
0.004
0.072
0.352
0.004
0.002
0.04
0.022
0.01
0.192
0.018
0
0.294
0.04387748343
0.016
0.052
0.036
0.024
0.008
0
0.026
0.014
0.004
0.046
0.01
0.062
0.006
0.7238399416
0.028
0.008
0.014
0.034
0
0.058
0.01
0.03
0.008
0.016
0.018
0
0.01
0
0.03987667513
0.798
0.04
0.014
0.01
0.006
0.02
0.002
0.008
0.66
0.006
0.094
0.018
0.024
0.157615282
0.276
0.006
0
0.624
0.01
0.09195695066
0.138
0.008
0.334
0.002
0.002
0.018
0.004
0.616
0.16
0.008
0.03
0.006
0
0.134
0.04
0.82
0
0.02
0.698
0.914
0.006
0.01
0.02
0.012
0.038
0.006
0.004
0.018
0.004
0
0.006
0.002
0
0.002
0.208
0.002
0.05
0.004
0.048
0.028
0.01
0.01
0.004
0.004
0.072
0.006
0.002
0.01
0.004
0.006
0.008
0.008
0.02
0.082
0.018
0.006
0.248
0.032
0.004
0.062
0.022
0.002
0.036
0.532
0.096
0.004
0.006
0
0.076
0.012
0.004
0.032
0.012
0.01
0.562
0.186
0.586
0.004
0.004
0.006
0.012
0.012
0.01
0.03576395401
0.002
0.002
0
0.2457650192
0.004
0.062
0.006
0.002
0.01
0.008
0
0.004
0.08
0.002
0.004
0.002
0.179736513
0.012
0.004
0
0.002
0.012
0.012
0.02
0.488
0.008
0.01387561054
0.01
0.01
0
0.076
0.014
0.202
0.014
0.112
0.01
0.008
0.284
0.002
0.002
0.01
0
0.036
0.01
0.036
0.008
0.022
0.004
0.124
0
0.012
0.028
0.024
0.042
0.004
0
0.004
0.1593720119
0
0
0.024
0.024
0
0.008
0.038
0.01
0.074
0.026
0.002
0
0.014
0.048
0.002
0.03
0.01
0.012
0.006
0.014
0.05
0.016
0.01
0.33
0.03
0.01
0.024
0.004
0.008
0.002
0.03
0.006
0.008
0.168
0.002
0.106
0.026
0.044
0.84
0.044
0.034
0.006
0.054
0.052
0.034
0.002
0.006
0.002
0.002
0.588
0.084
0.012
0.01
0.07
0.026
0.004
0.006
0.02
0.528
0.144
0.03
0.084
0.052
0.022
0.012
0.002
0.004
0
0.088
0.006
0.018
0.794
0.042
0.034
0.336
0.07
0.006
0.002
0
0
0.028
0.628
0.006
0.234
0
0.066
0.04
0.106
0.022
0.396
0.11
0.016
0.03
0.026
0.026
0.006
0.008
0.04
0.02
0.016
0.002
0.008
0
0.138
0.076
0.004
0.018
0.008
0.066
0.006
0
0.592
0.034
0.006
0.014
0.11
0.032
0.664
0.054
0.036
0.046
0.004
0.002
0.01
0.53
0.01
0.07993643892
0.006
0.014
0.014
0.084
0.004
0.006
0.07
0.022
0.81
0.002
0.1098504854
0.002
0.07
0
0.026
0.458
0.012
0.004
0.052
0.004
0.032
0.002
0.03
0.004
0.074
0.034
0.006
0.002
0.004
0.008
0.01
0.002
0.032
0.01
0.002
0.026
0.56
0.052
0.002
0.046
0.028
0.018
0.004
0.066
0.032
0.02987624141
0
0.02
0.006
0
0.926
0.004
0
0.01
0.016
0.042
0
0.042
0.02
0
0.034
0.032
0.005822675225
0.014
0.024
0.028
0.02
0.016
0.02
0.024
0.02
0.054
0.004
0.004
0.006
0.05761248082
0.028
0.002
0.016
0.004
0.052
0.008
0.01
0.012
0.01
0.164
0.06
0.002
0.002
0.034
0.004
0.028
0.038
0.144
0.006
0.016
0.002
0.004
0.028
0.062
0.018
0.01
0.016
0.188
0.014
0.004
0.002
0.068
0.03
0.002
0.036
0.002
0
0.018
0.028
0.036
0.018
0
0.016
0.046
0.002
0
0.016
0.042
0.002
0.266
0.044
0.006
0.012
0.012
0.006
0.002
0.034
0.898
0.034
0.018
0.022
0.566
0.016
0.008
0.028
0.002
0.012
0.004
0.034
0
0
0.026
0.002
0.018
0
0.012
0.016
0.028
0.008
0.132
0.004
0
0
0.012
0.05
0.008
0.742
0.01
0.012
0.024
0.01
0.006
0.006
0.024
0.004
0.26
0.018
0.006
0.006
0
0.012
0.01
0.04
0.036
0.018
0.182
0.02
0.046
0.03
0
0.05526748303
0.002
0.012
0.084
0
0.076
0.028
0.04995691491
0.088
0.004
0.006
0.038
0.356
0.018
0.236
0.064
0.01
0.02967284799
0.024
0.754
0.002
0.008
0.036
0.014
0.008
0.012
0.022
0.024
0.102
0
0.774
0.02
0.016
0.03
0
0.078
0.73
0.008
0.002
0.002
0.008
0.004
0.002
0.012
0.004
0.8636737873
0.018
0.012
0.4598758274
0.005936129308
0.016
0.09
0
0
0
0.016
0.004
0.024
0.044
0.11
0.056
0.002
0.006
0.008
0.028
0.032
0.042
0.02
0.134
0.06
0.052
0
0.048
0.014
0.1519368061
0.026
0.11
0.02
0.012
0.002
0.004
0.004
0.1
0.014
0.046
0.016
0.014
0.032
0.066
0.014
0.02
0.004
0.058
0.018
0.104
0
0.032
0.064
0.012
0.286
0.014
0.004
0.03181983593
0
0.3622397959
0.124
0.112
0.002
0.01
0.032
0.05
0.612
0.09176697641
0.478
0.006
0.008
0.014
0.052
0.0159677686
0.119500566
0.058
0.012
0.04
0.02766680541
0.066
0.014
0.004
0.024
0.002
0.034
0.004
0.202
0.01
0.124
0
0.026
0.064
0.02
0.2
0.07
0.134
0.022
0.004
0.007876882131
0.012
0.122
0.094
0.018
0.014
0.038
0.006
0.002
0.008
0.034
0
0.018
0
0.006
0.016
0.0278761724
0
0.02
0.014
0.008
0.462
0.026
0.008
0.014
0.018
0.526
0.002
0.048
0.028
0.002
0.01
0.402
0.002
0.03
0.026
0.016
0.016
0.016
0
0.004
0.738
0.002
0.004
0.01
0.578
0.02
0.248
0.004
0.006
0.006
0.018
0.266
0.04593634972
0.014
0.008
0.028
0.018
0.006
0.008
0.08377002118
0
0.042
0
0.01
0.06
0.038
0.012
0.002
0.346
0.016
0.003874614949
0.002
0.16
0.04
0.004
0.002
0.016
0.036
0.012
0
0.008
0.01
0.006
0.016
0
0.038
0.01
0.012
0.01
0.012
0.01
0.024
0.012
0.004
0.024
0.002
0.072
0.01
0.086
0.024
0.032
0
0.32
0
0.014
0
0.004
0.004
0.1255999972
0.01
0.002
0.052
0.026
0.002
0.01
0
0.016
0.008
0.005915229015
0.008
0.004
0.002
0.002
0.05
0.024
0.002
0.01
0.002
0.094
0.006
0.006
0.02
0.002
0.022
0.006
0.02
0.03
0.004
0.018
0.008
0
0.662
0.002
0.006
0.482
0
0.046
0.01
0.024
0.01
0
0
0.254
0
0.018
0.016
0.008
0.008
0.026
0.008
0.014
0.03
0.006
0.001763709636
0.006
0.024
0.01576849818
0.018
0.018
0.003875640109
0.024
0.01
0.072
0.012
0.002
0.508
0.002
0.02
0.016
0.002
0.01
0.016
0.026
0.012
0
0.058
0.032
0.006
0.004
0.268
0.028
0.038
0.716
0.006
0.022
0.016
0.072
0.02
0.004
0.02
0
0.014
0.01
0.004
0.046
0
0.05
0.002
0
0
0.028
0.012
0.01
0.006
0.018
0.012
0.018
0
0
0.006
0.376
0.022
0.002
0.028
0.012
0.022
0.004
0
0.018
0.006
0.238
0.828
0.008
0.012
0.014
0.07
0.01
0.018
0.09
0.006
0.81
0.01
0.008
0.02787465438
0.01
0.008
0.002
0.606
0
0.014
0.034
0.014
0.142
0.038
0.002
0.05981318717
0.01
0.016
0.018
0.01
0.04792497402
0.148
0.006
0.008
0
0.068
0.004
0.078
0
0.02
0.568
0.004
0.11
0.016
0.008
0.176
0.008
0.066
0.006
0.018
0.022
0.002
0.046
0.002
0.042
0.012
0.004
0.01
0.006
0.006
0.036
0.046
0.008
0
0.008
0.006
0.002
0.28
0.008
0
0.06
0.004
0.794
0.034
0.004
0.022
0.002
0.124
0.032
0.006
0.024
0
0.072
0.016
0.016
0.286
0.016
0.012
0.464
0.034
0.042
0.01
0
0.036
0.05
0.002
0.008
0.006
0
0.002
0.022
0.004
0.022
0
0.002
0.018
0.016
0.006
0
0.008
0.03
0.004
0.024
0.02
0.004
0.04
0
0.01
0.004
0.018
0.006
0.022
0.002
0.058
0.006
0.006
0.802
0.026
0.036
0.014
0.004
0.006
0
0.012
0.094
0.014
0.002
0.034
0.004
0.004
0.036
0.014
0.002
0.066
0.02
0.004
0
0.002
0.016
0.05
0.018
0.002
0.006
0.006
0.02
0
0.006
0
0.006
0.026
0.002
0.006
0.008
0
0
0.74
0.036
0.004
0.008
0.02
0.014
0.008
0.062
0
0.02
0.006
0.082
0
0.002
0.018
0.01
0.018
0.016
0.016
0.022
0.01
0.04
0.002
0.004
0.004
0.006
0.006
0.052
0.012
0.51
0.052
0
0.01950109142
0.008
0.804
0.038
0.006
0.012
0.01
0.004
0.004
0.028
0.008
0.002
0.09
0
0.1718768821
0.002
0.03
0.002
0.002
0.01
0.054
0.004
0.06593711031
0.024
0.026
0.014
0.002
0.042
0.03
0
0.006
0.06187767072
0.014
0.068
0
0.03
0.006
0.026
0.022
0.002
0.014
0.004
0.008
0.004
0.002
0.002
0.004
0.062
0.01
0.02
0.002
0.098
0.036
0
0.498
0
0.046
0
0.002
0.302
0.014
0.026
0.06
0.118
0.032
0.368
0.03793614505
0.042
0
0.114
0.082
0.088
0.168
0.02
0.03
0.004
0.008
0.014
0.008
0.002
0.086
0.02
0.04
0.062
0.256
0.06
0.006
0.042
0.05
0.002
0.038
0.018
0.05
0.01
0.014
0.014
0.006
0.038
0.102
0.002
0.02
0.94
0.016
0.028
0.03
0.014
0.004
0
0.022
0.002
0.012
0.03
0.01
0.028
0.03
0.01
0.8078772764
0.004
0.07793562533
0.004
0.034
0.038
0.01777024886
0.004
0.004
0.014
0.064
0.004
0.02
0.006
0.036
0.026
0.01
0.008
0.212
0.024
0.056
0.008
0.002
0.04
0.002
0.064
0.026
0.026
0.008
0.008
0.022
0.004
0.012
0.01
0.018
0.042
0.016
0.028
0.02
0.01
0.01
0.018
0.02
0.018
0.034
0.576
0.004
0.312
0.01337203313
0.12
0.014
0
0.008
0.026
0.022
0.242
0.06
0.06
0.05
0.028
0.006
0.004
0.014
0.152
0.024
0.03
0.46
0.006
0.008
0.018
0.05
0
0.006
0.922
0.012
0.002
0.004
0.012
0.006
0.012
0.292
0.04
0.002
0.002
0.084
0
0.034
0.014
0.006
0.13
0.002
0.012
0.004
0.104
0.034
0.042
0.006
0.038
0.004
0.114
0.004
0.398
0.032
0.002
0.002
0.054
0.004
0.03749746248
0.086
0.006
0.118
0.012
0
0.05
0.03
0
0.004
0.038
0
0.05193594035
0.006
0.07987787772
0.192
0
0.002
0.024
0.05176522877
0.02
0.06195589146
0.016
0.032
0.018
0.008
0.016
0.012
0.01
0.02
0.202
0.01
0.026
0.006
0
0.016
0.026
0.488
0.012
0.014
0.016
0.04
0.026
0
0.068
0.312
0.01
0.024
0.004
0.314
0.016
0.012
0.014
0.014
0.006
0.002
0.054
0.93
0.012
0
0.014
0.002
0.014
0.016
0.056
0.03
0.012
0.074
0
0.008
0.014
0.006
0.104
0.02
0.03983932024
0.02
0.002
0.004
0.03
0.004
0.026
0.024
0.324
0.008
0.71
0.002
0.018
0.028
0.018
0.006
0.008
0
0.006
0.022
0.006
0.058
0.072
0.646
0.012
0
0.508
0.036
0.004
0.02
0.02
0.096
0.004
0.004
0.006
0
0
0.028
0.012
0.928
0.036
0.204
0.022
0.08787806501
0.016
0.028
0.002
0.002
0.042
0.01
0.222
0.004
0.024
0.008
0.004
0.276
0.046
0.034
0.002
0.022
0.024
0.126
0.032
0.074
0.188
0.002
0.018
0.034
0.018
0.002
0.042
0.038
0.01
0.084
0.032
0.032
0.06
0.022
0.12
0.098
0.61
0.008
0
0.166
0
0.018
0.354
0.344
0.002
0.008
0.02
0.036
0.002
0.054
0.002
0.016
0.094
0.002
0.066
0.02
0.022
0.036
0.234
0.01
0.052
0.036
0.112
0.01
0.014
0.006
0.046
0.03
0.364
0.02993599809
0.212
0.01
0.006
0.044
0.2
0.028
0.004
0.638
0.028
0.092
0.016
0.016
0.008
0.014
0.058
0.008
0.264
0.008
0.406
0.002
0.02
0.048
0.024
0.796
0.006
0.022
0.058
0.004
0.03
0.048
0.00571783171
0
0.002
0.006
0.004
0.01
0.016
0.044
0.018
0
0.016
0.5
0.002
0.018
0.608
0.048
0.048
0.024
0.038
0.042
0.008
0.046
0.138
0.006
0.0417689532
0.046
0.016
0.004
0.016
0.024
0.028
0.02
0.02
0.048
0.004
0.014
0.018
0.002
0.012
0.022
0.1699361975
0.856
0.03
0.024
0
0.032
0.03
0.044
0.044
0.002
0.004
0.278
0.002
0.012
0.02
0.016
0.008
0.012
0.04
0.184
0.03187694128
0.002
0.01
0.026
0.018
0.008
0.944
0.116
0.5315009327
0.002
0.012
0.01
0
0.068
0.01
0
0.026
0.002
0.006
0.022
0.02
0.054
0.124
0.006
0.026
0.004
0.0777695484
0.006
0.004
0.006
0.452
0.012
0.006
0
0.86
0.08796817733
0.052
0.004
0.01
0.004
0.038
0.006
0.008
0.008
0.262
0.044
0.132
0.006
0.106
0.122
0.008
0.01
0.032
0.004
0.304
0.036
0.036
0.008
0.014
0.006
0.002
0.014
0.012
0.014
0
0.008
0.008
0.024
0.012
0.016
0.018
0.002
0.826
0.144
0.006
0.016
0.018
0.002
0.012
0.064
0.008
0.056
0
0.012
0.046
0.004
0.048
0.009957122224
0.018
0
0.016
0
0.036
0.028
0.19
0.02
0.034
0.012
0.01
0
0.016
0.002
0.008
0.012
0
0.002
0.006
0.008
0.008
0.026
0.012
0.004
0
0.22
0.004
0.012
0.004
0.01
0.002
0.11
0.17
0.004
0.03
0.006
0.002
0.002
0.036
0.006
0.066
0.024
0.044
0.002
0.006
0.14
0.014
0.548
0.01
0.852
0
0.018
0.002
0.008
0.032
0.098
0
0.128
0.008
0.018
0.048
0
0.028
0.12
0.026
0.022
0.054
0.001874614949
0
0.07
0.024
0.048
0.042
0.004
0.078
0.018
0.004
0.00793647565
0.046
0.346
0.044
0.004
0.018
0.02
0.002
0.046
0.05
0.4
0.2077653336
0.004
0.002
0.02
0
0.154
0.058
0
0.014
0.028
0
0.008
0
0.016
0.048
0.012
0.016
0.024
0.024
0.004
0.008
0
0.02
0.016
0.062
0.078
0.012
0.002
0.024
0.006
0.004
0.004
0.09
0
0
0.236
0.018
0.002
0.026
0.016
0.004
0.752
0.802
0.018
0.018
0.044
0.018
0.152
0.234
0.004
0.04
0
0.016
0.006
0.022
0.004
0.004
0.038
0.004
0.028
0.006
0.024
0.69
0.002
0.016
0.036
0.008
0.172
0.032
0.28
0.012
0.004
0.002
0.016
0.002
0.016
0.024
0.442
0.07
0.018
0.014
0.034
0.002
0.052
0.02
0.006
0.012
0.012
0.004
0.124
0.03
0
0
0.04
0.006
0.014
0.036
0
0.006
0.008
0.002
0.028
0.124
0.002
0.038
0.026
0.012
0.024
0.016
0.03
0.012
0.02
0
0.002
0.004
0.004
0.032
0.008
0.114
0.002
0.02
0.018
0.01
0.092
0.002
0.01976645195
0
0.012
0.002
0.006
0.004
0
0.02
0.222
0.044
0.034
0.004
0.02
0.006
0.002
0.022
0.024
0.002
0.002
0.006
0
0.002
0
0.014
0.016
0
0.004
0.028
0.094
0.05
0
0.008
0
0.182
0.032
0.104
0.004
0.002
0.082
0.006
0.004
0.004
0.036
0.006
0.004
0.01
0.016
0
0.008
0.004
0.03
0
0.03
0.018
0.044
0.136
0.004
0.09
0.01
0.112
0
0.018
0.03
0.162
0.004
0.066
0.024
0.006
0.01
0.012
0.018
0.096
0.036
0.6801543224
0
0.022
0.928
0.028
0.02
0.038
0.002
0.024
0.004
0.002
0.138
0.02
0.002
0.0058750881
0.204
0.012
0.024
0.036
0.012
0.012
0.616
0.124
0.008
0.008
0.002
0.02
0.53
0.008
0.004
0.018
0.038
0.006
0.042
0.002
0.006
0
0.002
0.004
0.006
0.004
0.012
0.06
0.008
0.014
0
0.028
0.012
0.004
0.01
0
0.078
0.006
0.1059156881
0.02
0.014
0.01
0
0.002
0.066
0.008
0.004
0.014
0.002
0.022
0.004
0.488
0.002
0.006
0.024
0.524
0.002
0.042
0.05
0.02
0.008
0.014
0.004
0.084
0.008
0.022
0.008
0.048
0.005935929846
0.138
0.024
0.004
0.042
0.004
0.014
0.046
0.038
0.08
0.08
0.01
0.06793710506
0.046
0.052
0.03
0.006
0.646
0.012
0
0.01
0.02
0.15
0.006
0.008
0.008
0.076
0.552
0.048
0
0.086
0.002
0.034
0.002
0.038
0.794
0.086
0
0.01
0.002
0.004
0.146
0.002
0
0.012
0.052
0.002
0.038
0.01
0.058
0.036
0.006
0.038
0.04157992468
0.014
0.044
0.026
0.014
0.01
0.068
0
0.004
0.246
0.224
0.002
0.02
0.008
0.148
0.018
0.002
0.1037701963
0.008
0.026
0.016
0.016
0.012
0.004
0.002
0.01
0.022
0.03
0.052
0.002
0.002
0.198
0.002
0.256
0
0.024
0.038
0.01
0.014
0.01
0.014
0.006
0.12
0.03
0.216
0.016
0.262
0.048
0.004
0.01
0.004
0.036
0.02
0.678
0.248
0.016
0.026
0.018
0.012
0.004
0.01
0
0.05
0.004
0.008
0
0.006
0.198
0.004
0.052
0.028
0.008
0.002
0.006
0.026
0
0.03
0
0.01176407621
0
0.032
0.018
0
0.008
0.05150756541
0.002
0.026
0.892
0.012
0.014
0.862
0.004
0.118
0.004
0.052
0.028
0.032
0.008
0.004
0.01
0.01
0.004
0.004
0.032
0.01
0.148
0.044
0.004
0.004
0.008
0.008
0.006
0.016
0.012
0.006
0.014
0.01
0.006
0.006
0.03
0.004
0.004
0.074
0.016
0.712
0.004
0.09
0.01
0.008
0.062
0.002
0.007766504388
0.142
0.002
0.044
0.008
0.014
0.006
0.014
0.012
0.036
0.014
0.03
0.008
0.052
0.044
0.022
0.142
0.006
0.012
0.018
0.034
0.008
0.02
0.004
0.006
0.01
0.008
0.042
0.002
0.03
0.004
0.038
0.028
0
0.014
0.004
0
0.014
0.074
0
0.02
0.008
0.01
0
0
0
0
0.01
0.108
0.004
0.006
0
0.148
0.622
0
0.004
0.02
0.018
0.002
0.002
0.006
0
0.806
0.024
0.004
0.002
0.012
0.02
0.014
0.008
0.012
0.134
0.008
0.01987654698
0.016
0.032
0.028
0.044
0.004
0.008
0.012
0.016
0.006
0.07
0.006
0.016
0.002
0.016
0.018
0.032
0
0.004
0.022
0.022
0.054
0.03
0.026
0.166
0.012
0
0.9
0.002
0.002
0.002
0.022
0.026
0.032
0.166
0.036
0.006
0.048
0.004
0.006
0.002
0.004
0.012
0.002
0
0.166
0.006
0.02
0.016
0.088
0
0.012
0.084
0.094
0.04
0.002
0.048
0.002
0.534
0.044
0.014
0.002
0.012
0.182
0.022
0.008
0.014
0.012
0.022
0.048
0.348
0.032
0.022
0
0.02
0.028
0.044
0.002
0.608
0.038
0
0.002
0
0.016
0.01
0.012
0.108
0.01
0.008
0.024
0.006
0.166
0.007874910668
0.01
0.01
0.032
0.008
0.012
0.014
0.038
0.008
0.006
0.028
0.016
0.03783597725
0.008
0.304
0.008
0
0
0.04387715814
0.006
0.026
0.026
0.032
0.02
0.002
0.05
0.006
0
0.004
0.01793580385
0.008
0.012
0.004
0.006
0.016
0.022
0.002
0.04387676384
0.878
0.07
0.006
0.008
0.062
0.108
0.03
0.034
0.008
0.018
0.008
0.014
0
0
0.008
0.046
0.088
0.016
0
0.014
0.046
0.018
0.012
0.032
0
0
0.07
0.176
0.03
0.002
0.05
0.05
0
0.008
0.022
0.388
0
0.014
0.006
0
0.084
0.002
0.948
0.658
0.006
0.952
0.002
0.008
0.43
0.04
0.034
0.016
0.016
0.008
0.088
0.004
0.02
0.006
0.014
0.04395651436
0
0.012
0.066
0.006
0.036
0.014
0
0.032
0
0.028
0.814
0.008
0.016
0
0.036
0.082
0.02
0.04
0.018
0.544
0.09
0
0
0.074
0.036
0
0.012
0.004
0.046
0.226
0.014
0.052
0
0.016
0
0.048
0.008
0.014
0.002
0.01
0
0.04
0.32
0.04
0.296
0.006
0.028
0.002
0.04964028368
0.046
0.002
0.01
0.274
0.062
0.02
0.186
0.098
0.272
0.05
0.026
0
0.004
0.038
0.02
0.138
0.03
0.006
0.016
0.014
0
0.014
0.004
0.016
0.008
0.016
0.008
0.054
0.004
0.016
0.01996817733
0.006
0.004
0.014
0.002
0.008
0.01
0.016
0.014
0.008
0.002
0.004
0.018
0.014
0.014
0.6498781242
0.002
0.002
0.006
0.062
0.488
0.002
0.008
0.024
0.006
0
0.006
0.016
0.002
0.02
0.098
0.008
0.012
0
0.006
0.028
0
0.024
0.028
0
0.208
0.866
0.022
0.032
0.01
0.002
0.012
0.164
0.01
0.132
0.012
0.018
0.01
0.002
0.004
0.044
0.02
0.026
0.012
0.004
0.008
0.022
0.016
0.012
0.044
0.002
0.004
0.01
0.012
0.034
0.002
0.009935803851
0.032
0.038
0.036
0.036
0.034
0
0.08954302344
0.332
0.01
0.006
0.044
0.012
0.304
0.02
0.024
0.004
0.026
0
0.012
0.018
0.014
0.018
0.024
0.222
0.02987676384
0.016
0.004
0
0.002
0.04
0.032
0
0.022
0.004
0.028
0.034
0.054
0.004
0.002
0.002
0.026
0.01
0.336
0.008
0.018
0.012
0.02981303371
0.009876320264
0.006
0.02
0.002
0.066
0.058
0.034
0.022
0.022
0
0.058
0.018
0.01
0.024
0.002
0.012
0.096
0.052
0.55
0.048
0.016
0.022
0.8279368638
0.022
0.022
0.002
0.002
0.002
0.882
0.03
0.002
0.002
0.016
0.052
0.45
0
0.014
0
0.006
0.002
0.032
0.664
0.582
0.008
0.006
0.24
0.046
0.012
0.004
0.006
0.004
0.13
0
0.034
0.09
0.086
0.404
0.028
0.002
0.006
0
0.01
0.128
0.052
0.002
0.007983852449
0.038
0.746
0.018
0.03
0.026
0.07
0
0.028
0
0.008
0.054
0.024
0.006
0.02
0.006
0.926
0.014
0
0.142
0.008
0.004
0.024
0.002
0.036
0
0.082
0.006
0.06
0.05976790332
0.04
0.078
0
0.082
0.042
0.04
0.004
0.014
0.008
0
0.024
0.012
0.032
0.002
0.016
0.016
0.006
0.096
0.004
0.02576874318
0.134
0
0.034
0
0.008
0.026
0.008
0.004
0.01
0.004
0.476
0.014
0.004
0
0.052
0.054
0.02
0.01
0.006
0.034
0.006
0.01
0.086
0.016
0.526
0.016
0.01387725671
0.018
0.258
0.006
0.052
0.008
0.006
0
0.026
0.002
0.006
0.01
0.024
0.004
0.01
0.04
0.044
0.04
0.09
0.032
0.004
0.006
0.002
0.009718224067
0.016
0.132
0.014
0.006
0.014
0.004
0.018
0.082
0.612
0.048
0.03
0.17
0.024
0.024
0
0.02
0.002
0.06
0.178
0.004
0.098
0
0.004
0.026
0.016
0.538
0.01
0.006
0.004
0.036
0.044
0.012
0.018
0.004
0.012
0.074
0.05
0.034
0.004
0.002
0.004
0.01
0.012
0.03
0.022
0.016
0.002
0.002
0.004
0
0.01
0.004
0.03
0.018
0.024
0.002
0.016
0.006
0.01
0
0.188
0.006
0.004
0.016
0.006
0.004
0.004
0.012
0.018
0.022
0.576
0.116
0.004
0.038
0
0.012
0.326
0
0.026
0.602
0
0.006
0.708
0.002
0.008
0.03
0.106
0.02
0
0.004
0.048
0.008
0
0.014
0.92
0.006
0.092
0.004
0.038
0.092
0
0.006
0.036
0.002
0.014
0.004
0.024
0.028
0.07
0.004
0.014
0.004
0
0.002
0.034
0.116
0.016
0.014
0.06
0.002
0.002
0.028
0.01
0.018
0.02
0.006
0.008
0.03587773972
0.03
0.002
0.004
0.002
0.076
0.012
0.02
0.01
0.008
0.58
0.014
0.004
0.026
0
0
0.002
0.01
0.16
0.048
0.144
0.022
0.032
0.024
0.002
0.002
0.006
0.004
0.01575306439
0.004
0.08
0.006
0.086
0.026
0.004
0.006
0.004
0.012
0.03
0.73
0.004
0.01
0.848
0.034
0.014
0.034
0.002
0.016
0.07
0
0.03591500971
0.01
0.106
0.082
0.01
0
0.886
0.038
0.004
0.01
0.024
0.002
0.024
0.002
0
0
0.002
0.2637528081
0.074
0.014
0.004
0.02
0.002
0.038
0.098
0.012
0
0.002
0.13
0.002
0.014
0.15
0.03
0.08
0.018
0.086
0.126
0.438
0.008
0.016
0.006
0.044
0.026
0.012
0.002
0.016
0.018
0
0.412
0.57
0.004
0.002
0.012
0.008
0.002
0.04
0.116
0.008
0.016
0.062
0.03
0.012
0
0
0
0.006
0.06
0.032
0.042
0.016
0.024
0.002
0.058
0.002
0
0.014
0.02
0.03
0.002
0.052
0.004
0.036
0.338
0
0.018
0.02
0.014
0.616
0.006
0.018
0.008
0.026
0.032
0.008
0.2058762315
0.038
0.056
0.03162432957
0.008
0.018
0.002
0.012
0.888
0.072
0.02
0.01
0.01
0.256
0.01
0.014
0.006
0.002
0
0.014
0.06587512753
0
0.01
0.004
0.02
0.022
0.008
0.37
0.01
0.01
0.012
0.028
0.004
0
0.007579756779
0.006
0.002
0.002
0
0.016
0.01787571897
0.004
0.176
0
0.004
0.084
0.002
0.036
0
0.016
0
0.006
0.01
0.028
0.012
0.294
0.014
0.008
0.006
0.1
0.002
0.06
0.012
0.002
0.008
0.01
0.014
0.016
0.002
0.07548543154
0.598
0.002
0.918
0.778
0.016
0.03
0.014
0.006
0.006
0.7099573402
0.01
0.152
0.01
0
0.01
0.03
0.004
0.002
0.004
0.006
0.009820155906
0.024
0.01
0.17
0.016
0.018
0.06
0.436
0.032
0.138
0.002
0.024
0.06
0
0.04
0.008
0.012
0.086
0.002
0.036
0.068
0.002
0
0.012
0.008
0.004
0.008
0.03
0.014
0.032
0.008
0.044
0.06
0.01776577036
0.002
0.072
0.038
0.032
0.004
0.002
0.048
0.084
0.004
0.002
0
0.032
0.53
0.002
0
0.012
0.006
0.022
0
0.074
0.02187674413
0.002
0.182
0.006
0.16
0.022
0.078
0.028
0.26
0.008
0.12
0.246
0.07
0.006
0.004
0.01576814824
0.018
0.038
0.01587858745
0.124
0.05
0.02
0.01
0
0.056
0.002
0.46
0.04
0.028
0.022
0.048
0.024
0.426
0
0.734
0.06
0.01
0.026
0.008
0.016
0.01
0.362
0.018
0.006
0.004
0.08
0.034
0.008
0.088
0.198
0.012
0.01
0.006
0
0.002
0.006
0
0.054
0.012
0.03
0.004
0.008
0.002
0.01
0.002
0.006
0.062
0.11
0.018
0.792
0.012
0.002
0.016
0.152
0.04
0.738
0.008
0.586
0.352
0.004
0.016
0.008
0.002
0.006
0.008
0.032
0.01
0.004
0.02
0.012
0.008
0.2178756795
0.016
0.002
0.1035317156
0.012
0.008
0.014
0.174
0.006
0.006
0.022
0.106
0.01
0.064
0
0.01587570911
0.014
0.008
0.006
0.102
0.02
0.004
0.02
0.466
0
0.016
0.118
0.022
0.02
0.006
0.022
0.01
0.008
0.006
0.014
0.048
0.008
0.034
0.012
0.014
0.01
0.004
0.006
0.002
0.454
0.01
0
0.016
0.008
0.036
0.01
0
0.016
0.004
0.004
0.062
0.004
0.02777024886
0.014
0.02
0.018
0.054
0.004
0.914
0.036
0.11
0.062
0.002
0.004
0.098
0.012
0.02
0.048
0.028
0.092
0.25
0.028
0.014
0.008
0.006
0.358
0
0
0.006
0.012
0.046
0.116
0.052
0.004
0.05
0.0117672387
0.062
0.02
0.068
0.03
0.03
0.024
0.812
0.006
0.026
0.07
0
0.006
0.006
0
0.022
0.018
0.004
0.006
0.104
0.106
0.016
0.02176591016
0.002
0.014
0.04
0.086
0.004
0.328
0.638
0.002
0.018
0.004
0.03
0
0.176
0.006
0.032
0
0.104
0.72
0.028
0.002
0.9659676386
0.066
0.012
0.074
0.018
0.006
0.088
0.004
0.466
0.062
0.006
0.06
0.022
0.03
0.018
0.08
0.07
0.058
0
0.012
0.044
0.008
0.018
0.012
0.906
0.004
0.036
0.074
0.042
0.006
0.004
0.166
0.012
0.11
0.18
0.022
0.004
0
0.668
0
0.056
0.008
0.026
0.38
0.004
0.028
0.334
0.006
0.012
0.086
0.004
0.016
0.002
0.782
0.006
0
0.02
0.156
0.102
0.004
0.014
0.014
0.02
0.036
0.034
0
0.014
0.08
0.014
0.004
0.004
0.068
0.478
0.058
0.028
0.75
0.006
0.192
0.008
0
0.002
0.026
0.148
0
0.046
0.926
0.182
0.004
0.004
0.006
0.01
0.008
0.05
0.014
0.034
0.076
0.056
0.01
0.664
0.054
0.01
0.05
0.032
0
0.012
0.022
0
0.016
0.03
0
0.02
0.286
0.006
0.002
0
0.016
0.024
0.002
0.022
0.012
0.066
0.034
0.024
0.006
0.012
0.742
0.068
0.162
0.002
0.64
0.034
0.016
0.056
0.002
0.006
0.028
0.414
0.022
0.01
0.076
0.01
0.004
0.006
0.076
0.014
0.008
0.03
0.044
0.042
0.09593562533
0.048
0.024
0.83
0.13
0
0.004
0.022
0.004
0.01782086555
0.768
0.004
0.014
0.776
0.006
0.004
0.024
0.06
0.004
0.004
0.02
0.07
0.04
0.022
0
0.002
0.916
0.002
0.092
0
0.01
0.012
0.032
0.022
0.034
0
0.002
0.006
0.032
0
0.236
0.062
0.334
0.48
0.238
0.028
0.002
0.076
0.006
0
0.008
0.012
0.088
0
0.008
0.006
0.006
0.014
0.004
0.092
0.008
0.024
0.014
0.014
0.006
0.018
0.01
0
0.014
0.056
0.004
0.032
0.098
0
0
0.044
0
0.024
0
0.004
0.618
0.016
0
0.024
0
0.014
0.008
0.032
0.008
0.134
0.172
0.078
0.022
0.018
0.02
0.002
0.004
0.006
0
0.01
0.024
0.168
0.5782874863
0
0
0.02723607933
0.07
0.018
0.01
0.002
0.004
0.002
0.016
0.022
0.218
0.042
0.02
0.022
0.01
0.02
0.006
0.372
0.052
0.006
0.004
0
0.694
0.006
0.028
0.048
0.014
0.706
0.006
0.018
0.032
0.016
0.016
0.01
0.032
0.028
0.018
0.008
0
0.024
0.006
0.032
0
0.024
0
0.026
0.002
0.06
0.016
0.014
0.022
0.006
0.05387688213
0.01
0.01
0.05
0.05
0.012
0.004
0.026
0.04
0
0
0.022
0.084
0.004
0
0.008
0.378
0.004
0.072
0.002
0.002
0.018
0.04
0.026
0.01
0.006
0.012
0.116
0.052
0.02
0
0.022
0.034
0.004
0
0.068
0.01
0.006
0.014
0.174
0.012
0.1018742601
0.002
0.028
0.008
0.768
0.026
0
0.01
0.01
0.016
0.01
0.012
0.04
0.018
0.01
0.002
0.002
0.024
0.01
0
0.004
0.032
0.007876379408
0.002
0.038
0.024
0.942
0.06
0.942
0.002
0.8
0.006
0.004
0
0.022
0.004
0.036
0.004
0.004
0.05393641269
0.012
0.584
0.016
0
0.026
0.008
0.026
0.004
0.016
0.148
0.014
0.008
0.028
0.096
0.014
0.016
0.014
0.004
0.006
0.004
0.036
0.5937650192
0.308
0.002
0.03
0
0.018
0.044
0.096
0.022
0.018
0.194
0.008
0.028
0.008
0.022
0.006
0.914
0.016
0.004
0.008
0.008
0.378
0.006
0
0.006
0.018
0.012
0.036
0.05
0.016
0.02
0.004
0.758
0.034
0.004
0.008
0.002
0.046
0.052
0
0.002
0.988
0.016
0.002
0.204
0.048
0.046
0.034
0.002
0.028
0
0.05193612931
0.003876882131
0.002
0.026
0
0.02
0.008
0.002
0.078
0.018
0.008
0.008
0.064
0.004
0.008
0.088
0.024
0.002
0.024
0.004
0.03
0.052
0.062
0.01
0.002
0
0.004
0.03
0.042
0.002
0.012
0.002
0.0398206429
0.046
0.002
0.044
0.493753439
0.006
0.014
0
0
0.008
0.058
0.04
0.08
0.67
0.02
0.4035856763
0.528
0.048
0.258
0.01366958909
0.008
0
0.054
0.008
0.006
0.058
0.014
0.01
0.036
0.004
0.1798771483
0.002
0.006
0.026
0.022
0.022
0.416
0.07
0
0.044
0.002
0.096
0.004
0.008
0.02
0.018
0.004
0.004
0.042
0.036
0.004
0.008
0.176
0.022
0.028
0.006
0.018
0.006
0.02
0.002
0.006
0.022
0.008
0.036
0
0
0.058
0.002
0.008
0.002
0.002
0.008
0.014
0.012
0.016
0.7
0.458
0.002
0.036
0.018
0.02
0.01
0.032
0.006
0.022
0.004
0.032
0.898
0.016
0.07
0.018
0.73
0.144
0.008
0.024
0.014
0.016
0.014
0.012
0.014
0.014
0
0.006
0.028
0.146
0.002
0.018
0.008
0.012
0.006
0.016
0.052
0.732
0.002
0.01
0.006
0.092
0.004
0.02
0.004
0.002
0.026
0.07
0.002
0.002
0.004
0
0.054
0.356
0.434
0.01
0.008
0.228
0.004
0.002
0.066
0.004
0.042
0.012
0.036
0.06176695893
0.02
0
0.05
0.004
0.002
0.012
0.012
0.014
0.006
0.008
0.024
0.014
0.058
0.012
0.014
0.032
0
0.078
0
0
0.094
0.034
0.044
0.008
0.024
0.016
0.072
0.212
0.038
0.004
0.024
0.148
0.084
0.004
0.012
0.016
0.034
0.02
0.01
0.218
0.046
0.024
0.04
0.044
0.002
0.002
0.03
0.004
0.004
0.004
0.076
0.004
0.028
0.024
0.01
0.756
0.006
0.018
0.012
0.0919358406
0.018
0.02
0.004
0
0.008
0
0.404
0.02
0.612
0.024
0.002
0.004
0.038
0.032
0.006
0.012
0.052
0.07
0.004
0.006
0
0.752
0.008
0.01
0.006
0.01
0.022
0
0.006
0.006
0.006
0.052
0.132
0.128
0.038
0.01
0.008
0.478
0.008
0.002
0.014
0.434
0.494
0
0.084
0.004
0.012
0.038
0.026
0.018
0.007767973295
0.672
0.316
0.016
0.004
0.008
0.252
0.004
0.032
0.856
0.002
0.02
0.004
0.57
0.01
0.006
0.024
0.002
0
0.03
0.074
0.004
0.146
0
0.032
0.13
0.01
0.006
0.006
0.814
0.114
0.004
0.014
0.05
0.932
0.05
0.004
0.126
0.018
0.03
0.006
0.004
0.016
0.016
0.022
0.086
0.01987660613
0.022
0.004
0.018
0.842
0.048
0.348
0.01
0.056
0.006
0.008
0.02
0.09
0
0.006
0.008
0.022
0.02
0.0637666792
0.35
0
0
0.144
0.008
0.06
0.03
0.094
0.046
0.166
0.012
0.024
0.516
0.008
0.006
0.01
0.024
0.024
0.02
0.002
0.012
0.024
0.032
0.89
0.04
0.022
0
0.02587635969
0.002
0.02
0.504
0
0.002
0
0.046
0.002
0.052
0.002
0.014
0.036
0.01
0.016
0
0.004
0.01
0.016
0.08
0.028
0.038
0.016
0.012
0.002
0.02
0.06
0.034
0.044
0.014
0.014
0.03
0.008
0.088
0.022
0
0.022
0.022
0.004
0.038
0.028
0.264
0.01
0.006
0.012
0.008
0.156
0.008
0.016
0.01
0.096
0.002
0
0.074
0.014
0.61
0.004
0.008
0.01
0.444
0.004
0.002
0.486
0.112
0.012
0.012
0.164
0.004
0.012
0.3739569578
0.012
0.002
0
0.004
0.006
0.03
0.052
0
0.014
0.01
0.028
0.02
0.936
0.004
0.358
0.006
0.022
0.004
0.008
0.016
0.03
0.01
0.006
0
0
0.016
0
0.004
0.052
0.01
0.01
0.006
0.008
0.004
0.03
0.022
0.142
0
0.014
0.038
0.014
0.002
0.006
0.056
0.282
0.016
0.01
0.03
0.006
0.008
0.072
0.208
0.004
0
0.008
0.112
0.006
0.012
0.006
0.014
0.012
0.06
0.014
0.002
0.016
0.84
0.002
0.034
0.004
0.008
0.113668957
0.018
0.038
0.282
0.02
0.006
0.012
0.014
0.048
0.08512563893
0.006
0.002
0.018
0.02
0.008
0.006
0.048
0.01
0.01
0.02
0.044
0.032
0.074
0.004
0.004
0.024
0
0.036
0.004
0.006
0.03
0.098
0.014
0.056
0.042
0.008
0.004
0.01
0
0
0
0.092
0.088
0.014
0.038
0.004
0.022
0.066
0.004
0.046
0.034
0.026
0.064
0.012
0.062
0.01
0.006
0.128
0.048
0.052
0.01
0.006
0.87
0.006
0.02
0.028
0.492
0.014
0.004
0.006
0.64
0.678
0.016
0.004
0.008
0.012
0.048
0.144
0.004
0.848
0.056
0.02982100471
0.008
0.008
0.028
0.014
0.902
0.01
0.014
0.008
0.022
0.014
0.022
0.018
0.002
0.07
0.034
0
0.008
0.04
0.002
0.008
0.05
0.106
0.006
0
0.002
0.072
0.016
0.022
0.012
0.008
0.052
0.008
0.12
0.026
0.01
0.006
0.006
0.078
0.022
0.006
0.018
0.022
0
0.01
0
0.032
0.002
0.002
0.016
0.012
0.054
0.064
0.12
0.02
0.016
0
0.042
0.064
0.004
0.008
0.034
0.892
0.054
0.006
0.036
0.05
0.044
0.056
0.008
0.002
0.022
0.466
0.006
0.208
0.006
0.552
0.824
0.046
0.1559364809
0.004
0.418
0
0.536
0.012
0.01
0.036
0.12
0.046
0.08
0.006
0.008
0.036
0.032
0.02
0.016
0.002
0.058
0
0.036
0.07587647798
0.22
0.494
0.016
0.024
0.162
0.002
0.014
0.026
0.018
0.006
0.018
0.042
0.096
0.002
0.002
0.002
0.002
0.078
0.576
0.044
0.006
0
0.028
0.018
0.01
0.002
0.014
0.002
0
0.01
0
0.736
0.05376904072
0.76
0.008
0.002
0.052
0.026
0.006
0.002
0.41
0.102
0.004
0.014
0.06
0.014
0.04
0.01
0.006
0.012
0.04
0.874
0.04
0.008
0.044
0
0.006
0.04393669599
0.06
0.008
0.084
0.01387584711
0.01
0.014
0.006
0.014
0.04437564908
0.026
0.012
0.06
0.154
0.004
0.24
0.006
0.036
0.006
0.022
0.012
0.008
0.018
0.002
0.008
0.006
0.03593599284
0
0.082
0
0.03950848753
0.524
0.02
0.006
0.048
0.058
0.002
0.003935698843
0.002
0.002
0.138
0.014
0.1839361241
0.004
0
0.04
0.006
0
0
0
0.028
0.052
0.02
0.034
0.022
0.05387629069
0.028
0.016
0.028
0.004
0.006
0.02705652774
0
0.076
0
0.008
0.01
0.052
0
0.252
0.004
0.182
0.022
0.006
0.102
0.246
0.02
0.006
0.314
0.012
0.02
0.006
0.012
0.02
0.02
0.0899163937
0.006
0.04
0.034
0.002
0.002
0.002
0.014
0.032
0.048
0.018
0.004
0
0.004
0.238
0.002
0.004
0.016
0.01
0.006
0.536
0.016
0.026
0.054
0.072
0.046
0.006
0.002
0.008
0.142
0.024
0.01
0.054
0.0175053431
0.012
0.236
0.02
0.01
0
0.03
0.04987686242
0.04
0.002
0.022
0.002
0.012
0.124
0
0.012
0.002
0.024
0.002
0.01
0.02969065456
0.002
0.032
0.006
0.162
0.002
0.012
0.006
0.036
0
0.036
0.042
0.024
0.028
0.036
0.01
0.052
0.012
0.036
0.034
0.024
0.898
0.006
0
0.024
0.062
0
0.007877148279
0.008
0.034
0.002
0.002
0.024
0.024
0.092
0.004
0.04
0.188
0.022
0.002
0.006
0.038
0.076
0.144
0.004
0.266
0.002
0.024
0.022
0.024
0.038
0.066
0
0
0.018
0.096
0.006
0.028
0.01
0.028
0.39
0.006
0.044
0.026
0.014
0.14
0.006
0.034
0
0.01593557807
0.018
0.022
0.002
0.092
0.026
0.026
0.01
0.074
0
0.002
0.012
0.002
0
0.092
0.016
0.002
0
0.002
0
0.008
0.018
0.002
0.382
0.003875541536
0.002
0.076
0.016
0.082
0.038
0.156
0.016
0.088
0
0
0.038
0.01
0.016
0.294
0.012
0.068
0.078
0.014
0
0.004
0.018
0.018
0.016
0.01
0
0
0.12
0.004
0.006
0.036
0.018
0.026
0.026
0.034
0.018
0.012
0
0.118
0.54
0.492
0.056
0
0.034
0.004
0
0.012
0.008
0.018
0.036
0.06
0.016
0
0.022
0.016
0.022
0.008
0.51
0.022
0.012
0.02
0.25
0.028
0.916
0.056
0.006
0.008
0.996
0.038
0.056
0.016
0.086
0.002
0.01
0.008
0.898
0.014
0.014
0.038
0.008
0.016
0.006
0.04
0.036
0.004
0.01
0.092
0.008
0
0.002
0.002
0.644
0.016
0.01
0
0
0.016
0.008
0
0.198
0.004
0.048
0
0.004
0.006
0.022
0
0.022
0
0.058
0.006
0.024
0
0.13
0.5917666093
0.002
0.172
0.072
0.02
0.002
0.012
0.02157403527
0
0.002
0.016
0.024
0.004
0.042
0.1216988036
0.028
0.032
0.018
0.006
0.008
0.098
0.02
0.124
0.082
0.06
0.008
0.028
0
0
0.002
0.022
0.012
0.036
0.054
0.204
0.004
0.012
0.004
0.002
0.062
0.008
0.014
0.02
0.002
0.008
0.924
0
0.1397681482
0.002
0.082
0.022
0
0.738
0.008
0.042
0.024
0.002
0.226
0.028
0.002
0.008
0.032
0.342
0.002
0.022
0.01
0.004
0.084
0.008
0.764
0.062
0.008
0.004
0
0.056
0.006
0.0697655607
0.002
0.026
0.008
0.006
0.004
0.132
0.002
0.014
0.006
0.016
0.006
0.002
0.03
0.216
0.002
0.016
0.032
0.002
0.02
0.02
0.04
0.02
0.09
0.008
0.012
0.008
0.758
0
0.022
0.066
0.028
0.054
0.022
0.012
0.016
0.004
0.038
0.004
0.002
0.102
0.004
0.174
0.008
0.002
0
0.002
0.016
0.004
0.014
0.116
0.002
0.018
0
0.026
0.588
0.022
0.046
0.008
0.024
0.026
0.312
0.016
0.018
0.006
0
0.458
0.284
0.018
0.018
0.008
0.562
0.01
0.004
0.186
0.004
0.006
0
0.01
0.008
0.036
0.018
0.06791595531
0.002
0.006
0.07
0.022
0.004
0
0.03
0.006
0.548
0.006
0.012
0.03360516574
0.004
0.022
0.002
0.056
0.02
0.006
0.058
0.01
0.162
0.004
0.002
0.018
0.04
0.024
0
0.002
0.042
0.016
0.002
0.028
0.004
0.01
0.066
0.002
0.036
0.02
0.002
0.006
0.042
0.006
0.104
0.01
0.038
0.142
0.009877256709
0.008
0.008
0.318
0.124
0.034
0.01
0.848
0.01
0
0.016
0
0.048
0.016
0.186
0.004
0.058
0.016
0.01
0.1698776411
0.552
0.022
0.01
0.016
0.006
0.006
0.2178749895
0.004
0.026
0.012
0.008
0.004
0
0.33
0.196
0.104
0.008
0.012
0.04
0.012
0.012
0.014
0.06593648614
0
0.008
0.016
0.018
0.01
0.448
0
0.044
0.022
0.008
0
0.022
0.032
0.106
0.01
0.008
0.064
0.026
0.008
0.008
0.072
0.002
0.066
0.012
0.002
0.04
0.032
0.014
0.044
0.008
0.014
0.442
0.214
0.046
0.032
0.002
0.006
0
0.002
0.084
0.058
0.02
0.848
0.016
0.638
0.006
0.004
0.072
0.012
0.04
0
0.01
0.02
0.002
0.122
0.054
0.89
0.004
0.02
0.696
0.034
0
0.042
0.026
0.008
0.018
0.002
0.106
0.036
0.016
0.012
0.05
0.094
0.02
0.072
0
0.002
0.008
0.172
0.016
0.012
0.174
0.06591556479
0.01
0.03191558534
0.04987694128
0.008
0.022
0.066
0.004
0.032
0.076
0.004
0.022
0
0.002
0.062
0.014
0.26
0.002
0.012
0.04
0.156
0.082
0.108
0.018
0.016
0.004
0.018
0.014
0
0.016
0.034
0.042
0.012
0.02
0.014
0.038
0.1193984152
0.01395664672
0.05
0.048
0.018
0.036
0.002
0
0
0.06964349261
0.57
0.022
0.004
0.002
0.004
0.022
0.102
0.008
0.008
0.016
0.014
0.028
0.008
0.008
0.01
0.002
0.474
0.126
0.002
0.1857671163
0.03
0.032
0.016
0.034
0.008
0.3455075654
0.126
0
0.018
0.004
0
0.268
0.046
0.076
0
0.026
0.018
0.048
0.006
0.022
0.01
0.01
0.044
0
0.364
0.006
0.004
0.318
0.272
0.007957154385
0.002
0.014
0.012
0.012
0.13
0.006
0.016
0.014
0.002
0.054
0.024
0
0.568
0.012
0.01
0.028
0.014
0.028
0
0.478
0.022
0.004
0
0.056
0.018
0.034
0.148
0.018
0
0.592
0.026
0.082
0.006
0.01
0
0.206
0
0
0.018
0.046
0.212
0.002
0.016
0
0.002
0.004
0.016
0.042
0
0.032
0.03
0.13
0.002
0.012
0.002
0.012
0
0.02
0.014
0.004
0.018
0.004
0.02
0.032
0.054
0.314
0.008
0.196
0.004
0
0.002
0.004
0.036
0.07
0.012
0.004
0.006
0.006
0.002
0.026
0.006
0.018
0.004
0.002
0.004
0.028
0.686
0.022
0.016
0.028
0.006
0.01
0.04
0.07
0.002
0.002
0.54
0
0.048
0.038
0.022
0.002
0.016
0.002
0.004
0
0.024
0.012
0
0.01
0.002
0.008
0.004
0.012
0.002
0.012
0.632
0.01553295634
0.006
0.016
0.006
0.066
0.014
0
0.014
0.022
0.01
0.004
0.02
0.038
0.056
0
0.018
0.112
0.066
0.05
0.012
0.046
0.038
0.01393500027
0.002
0.02
0.01
0.016
0.014
0.034
0.01
0.004
0.25
0.006
0.02
0.016
0.012
0.124
0.19
0.012
0.04
0.49
0.162
0.004
0.08
0
0.04587595554
0.01
0.006
0.024
0.002
0.182
0.012
0.078
0.046
0.064
0.006
0.004
0
0.004
0.016
0.02
0.03
0.144
0.022
0.024
0.012
0.016
0.012
0.104
0.176
0
0.102
0.018
0.48
0.02
0.032
0.01
0
0.004
0.006
0
0.02
0.016
0.01587614283
0.002
0.202
0.26
0.004
0.03176695893
0.01
0.096
0.008
0.036
0.0158781143
0.06393651762
0.008
0.042
0.022
0.01
0.002
0.002
0.056
0.008
0.244
0.004
0.02
0.02
0.064
0.002
0.16
0.008
0.056
0.04
0.068
0.03
0.01
0.008
0.006
0.012
0.024
0.004
0.28
0.024
0.044
0.022
0.006
0.01
0.01
0.032
0.01
0.012
0.034
0.008
0.032
0.056
0.02
0.04
0.06387674413
0.108
0.072
0.004
0.008
0.418
0.038
0.416
0.044
0.872
0.012
0
0.746
0.012
0.008
0.018
0.882
0.042
0.01387775943
0.05
0.008
0.002
0
0.004
0.432
0.612
0.03
0.046
0.022
0.002
0.426
0.008
0.024
0.022
0
0.02
0.022
0
0.002
0.036
0.002
0.332
0.028
0.012
0.006
0.002
0.024
0.04166563752
0.004
0.008
0.002
0.008
0.016
0.032
0
0.06
0
0.012
0.018
0.007917010027
0.088
0.008
0.03187650755
0.022
0.012
0.006
0.054
0.002
0.052
0.008
0.058
0
0.49
0.012
0.01
0.014
0.014
0.01
0.032
0.006
0.188
0.05576814824
0.012
0.006
0
0.01
0.004
0.014
0.1441792443
0.006
0
0.002
0.064
0.004
0
0
0.036
0.008
0.01
0.02
0.022
0.008
0.152
0.092
0.002
0.042
0.006
0.03
0.048
0.154
0.016
0.088
0.048
0.122
0.008
0.008
0.026
0.018
0.004
0.026
0.022
0.048
0
0.002
0.006
0.008
0.04
0.01
0.026
0.004
0.004
0
0.01
0.022
0.008
0.07
0.054
0.014
0.008
0.03
0.002
0.11
0.03
0.006
0.0719357986
0.002
0.096
0.052
0.01
0.026
0.002
0.078
0.038
0.002
0
0.066
0.006
0.08
0.044
0.002
0.004
0.032
0.006
0
0.562
0.004
0.032
0.066
0.004
0.008
0.008
0.009876527268
0.046
0.006
0.006
0.004
0.018
0.002
0
0.008
0.01
0.006
0.01193644417
0.003876606126
0.018
0.006
0.028
0.016
0.022
0.018
0.03
0.058
0.002
0.01
0
0.026
0.042
0.03
0.006
0.044
0.224
0.002
0.02
0
0.04
0.004
0.838
0.04
0.006
0
0.07587661598
0.006
0.08
0.014
0.006
0.034
0.214
0.002
0.006
0.004
0.006
0.176
0.004
0.126
0.004
0.054
0.002
0.022
0.066
0.006
0
0.24
0.004
0.002
0.004
0.102
0.016
0.008
0.014
0.02
0.026
0.004
0.002
0.022
0.016
0.014
0.02
0.08
0.034
0.004
0.026
0.04
0.01
0.008
0.036
0
0.026
0.006
0
0.002
0.028
0.034
0.054
0.148
0.094
0.024
0.008
0.01
0.126
0.058
0.006
0.028
0.002
0.018
0.006
0
0
0.018
0.008
0.082
0.038
0.016
0.09150594581
0.008
0.102
0.002
0.004
0.002
0
0.02
0.096
0
0
0.006
0.188
0.01
0.002
0.034
0.036
0.042
0.008
0.04
0.01
0.02
0.858
0.004
0.062
0
0.002
0.01
0.014
0.074
0.004
0.004
0.008
0.07
0.012
0.006
0.004
0.058
0.06374977205
0.072
0.008
0.008
0
0.004
0
0.004
0.004
0
0.028
0.054
0.006
0.003876606126
0.006
0.026
0.034
0.084
0.278
0.212
0
0.002
0.014
0.012
0.048
0
0.328
0.002
0.004
0.008
0.182
0.012
0.022
0.012
0.032
0.024
0.032
0
0.022
0.01387755243
0.11
0
0.032
0.07
0.02
0.05
0.31
0.006
0.03
0.016
0.04
0.016
0.024
0.032
0
0.02
0.004
0.06
0.018
0
0.008
0.008
0.086
0.123672848
0.002
0.018
0.02
0.3
0.008
0.01
0.06
0
0.024
0.018
0.022
0.046
0.012
0.274
0.24
0.04
0.032
0.052
0.028
0.024
0.166
0.57
0.012
0.01
0.034
0.018
0.074
0.012
0.768
0.03
0.072
0.018
0.008
0.072
0.016
0.418
0.004
0.01
0.054
0.028
0.02
0.072
0.012
0.008
0.024
0.038
0.018
0.024
0.014
0.008
0.012
0.068
0.054
0.39
0.002
0.536
0.134
0.036
0.028
0.01
0.012
0.022
0.008
0.01
0.006
0.002
0.02
0.046
0.002
0.12
0.282
0.024
0.006
0.002
0.056
0.1
0.008
0.02
0
0.014
0.904
0.04
0.022
0.02
0.078
0.044
0.014
0.036
0.044
0.02
0
0.002
0.034
0.388
0.264
0.03995693636
0.016
0.016
0
0.064
0.002
0.016
0.088
0.01
0.024
0.002
0.152
0
0.034
0.008
0.004
0.008
0.5319565501
0.018
0.008
0.01
0.054
0.006
0.016
0.014
0.01
0.028
0.008
0.05
0.004
0.01
0.012
0.012
0.064
0.684
0.408
0.008
0.214
0.02
0.024
0.03395711508
0.012
0.012
0.008
0.11
0.03
0
0.01
0.018
0.004
0.006
0.024
0.008
0.002
0.028
0.004
0.016
0.19
0
0.006
0.008
0.016
0.0279366173
0.038
0.094
0.008
0.02
0.18
0.01
0.002
0.002
0.022
0.008
0.044
0.014
0.004
0.016
0.006
0.002
0.01
0.028
0.004
0
0.002
0.036
0.004
0.028
0.008
0.01
0.026
0.004
0.026
0.008
0.006
0.004
0
0.046
0.01787725671
0.012
0.032
0.082
0.002
0.01
0.016
0.002
0.016
0.174
0.034
0.002
0.014
0.384
0.008
0.016
0.034
0.02
0
0
0.008
0.014
0.004
0.028
0.398
0.022
0.006
0.758
0.006
0.036
0.128
0.044
0.108
0
0.02
0.052
0.018
0.016
0.006
0.006
0.002
0.034
0.006
0.3319575116
0.01
0.002
0.002
0.032
0
0.002
0.236
0.481875581
0.002
0.222
0
0
0.012
0.002
0.002
0.016
0
0.19
0.022
0.92
0.026
0.128
0.008
0.006
0.004
0.012
0.048
0.03
0.006
0.064
0.036
0.006
0.004
0.024
0.014
0.004
0.008
0.108
0.004
0.006
0.042
0.008
0.006
0.01
0.05
0.044
0.008
0.098
0
0.01
0.006
0.084
0.004
0.01
0.018
0.034
0.55
0.004
0.14
0.018
0.01
0.014
0.03
0
0.004
0.006
0.002
0.01
0.478
0
0.008
0.028
0.014
0.006
0.008
0.004
0
0.828
0.002
0.006
0.008
0.008
0.002
0.01
0.032
0.004
0.002
0.064
0.074
0.002
0.006
0.022
0.222
0.188
0.002
0.018
0.002
0.028
0.71
0.626
0.054
0.02
0.008
0.004
0.02
0
0.032
0.016
0.868
0
0.038
0.034
0.046
0.006
0.008
0
0.006
0.02
0
0.72
0.008
0.004
0.009504075416
0.008
0
0.044
0.014
0.002
0.31
0.034
0.002
0.02
0.186
0.72
0.014
0.022
0.034
0.054
0.004
0.006
0.004
0.008
0.024
0.11
0.002
0.006
0.334
0.014
0.024
0.006
0
0.002
0.634
0.038
0.004
0.03987426009
0.009767518511
0.004
0.006
0.02
0.042
0.004
0.532
0.016
0.034
0.01976685402
0.0998378187
0
0
0.002
0.014
0.058
0.004
0.036
0.004
0.002
0
0.272
0.02
0.028
0.052
0.078
0.134
0.002
0.034
0.014
0.046
0.048
0.064
0
0.008
0.056
0.024
0.06
0.006
0.006
0.012
0.002
0.01
0
0.004
0.012
0.044
0.012
0.006
0.008
0.07358415842
0.044
0.014
0.034
0.002
0.05
0.006
0.024
0.02
0.04381242712
0.118
0.008
0.2321317432
0.01
0.006
0.004
0.464
0.004
0.048
0.03
0.004
0.004
0.028
0.006
0.028
0.05
0.036
0.156
0.022
0.014
0.234
0.002
0.038
0.096
0.82
0.014
0.004
0.888
0.016
0.012
0.012
0.004
0.02987513739
0.176
0.08538299852
0.036
0.016
0.006
0
0.012
0.028
0.012
0.064
0.026
0.016
0.002
0
0.168
0.008
0.142
0
0.004
0.022
0.004
0.012
0.008
0.01
0.004
0.004
0.014
0.01
0.004
0.03
0.008
0.006
0.046
0.844
0.002
0.014
0.012
0.006
0
0.004
0.074
0.006
0
0.032
0.01
0.002
0.002
0.064
0.016
0.006
0.012
0.004
0.178
0.006
0.038
0.016
0.004
0.008
0
0.002
0
0
0.014
0.012
0.009875738683
0.17
0.642
0.022
0.012
0.006
0.232
0.966
0.356
0.07387682299
0.016
0.01
0.01
0.206
0
0.024
0.238
0
0.016
0.006
0.004
0.006
0.05
0.008
0.054
0.066
0.024
0.008
0.016
0.026
0.004
0.002
0.016
0
0.414
0.02
0
0
0.088
0.006
0.01
0
0.002
0.03187713842
0.172
0.05
0.008
0.064
0.046
0.004
0.002
0.06
0.032
0.014
0.01795701501
0.014
0
0.012
0.01
0.014
0.156
0.188
0.012
0.004
0.042
0.014
0.006
0.008
0.008
0
0.05
0.01
0.032
0.024
0.008
0.058
0.032
0.006
0.002
0.002
0.054
0.39
0.23
0.01
0.04580559501
0.032
0.002
0.024
0.034
0.428
0.026
0.06
0
0.1698771581
0.006
0.02
0.218
0.004
0.02
0.002
0.014
0.02593599284
0.042
0.146
0.01
0.002
0
0.002
0.006
0.006
0.01
0.01
0.01
0.002
0.026
0.006
0.01387528525
0
0.012
0.004
0.79
0.006
0.056
0
0.006
0.244
0.006
0.05
0.032
0.026
0.164
0.012
0.01
0.004
0
0.022
0
0.004
0.002
0.038
0.004
0.064
0.038
0.016
0.06164284829
0.712
0.02196703929
0.006
0.5776699404
0.002
0.006
0.096
0.016
0.002
0.018
0.008
0.018
0.202
0.002
0.008
0.1664866298
0
0.006
0.034
0.002
0.016
0.006
0
0.546
0.392
0.006
0
0.006
0.018
0.004
0.002
0.136
0.04
0.002
0.014
0
0.06
0.004
0.016
0.022
0.004
0.318
0.056
0.024
0.008
0
0.022
0.004
0.004
0.744
0.002
0.004
0.026
0.538
0.382
0.006
0.8
0.024
0.024
0.02
0.064
0
0.016
0.01
0.04
0.032
0.322
0.612
0.008
0.046
0.002
0
0.008
0.07
0.008
0.02781894574
0.024
0.008
0.004
0.002
0.01
0.008
0.008
0.012
0.03
0.006
0.024
0
0.022
0.002
0.002
0.248
0.18
0.492
0.018
0.088
0.026
0.04
0.028
0.002
0.008
0.016
0.1594077266
0
0.018
0.002
0.026
0.204
0.022
0
0.046
0.636
0.012
0.062
0.002
0.004
0.574
0.07393643892
0.174
0.02
0.004
0.76
0.02
0.014
0.002
0.026
0.002
0
0.156
0.005935000267
0.006
0.034
0.03
0.012
0.03
0.072
0.048
0.046
0.004
0.048
0.004
0.006
0.004
0.022
0.048
0.024
0.004
0.114
0.096
0.002
0.012
0.126
0.002
0.014
0.476
0.028
0.006
0.012
0.004
0.02
0.004
0.006
0.012
0.102
0.016
0.004
0.016
0.03
0.01
0.006
0
0.03
0.036
0.018
0.048
0.004
0.05
0.026
0.016
0.106
0.002
0.05
0.016
0.009877798861
0.09
0.01
0.004
0.008
0.006
0.052
0.01
0.002
0
0.02393609257
0.754
0.024
0.06
0.01
0.034
0.098
0.806
0.068
0.054
0.014
0.002
0.02
0.006
0.006
0.006
0.008
0.042
0.002
0.004
0.002
0.084
0.006
0.004
0.024
0.008
0.026
0.01
0.578
0.176
0.002
0.056
0.006
0.032
0.002
0.01
0.016
0.248
0.002
0.876
0.24
0.022
0.056
0
0.064
0.766
0.06
0.018
0.028
0.006
0.032
0.004
0.02393562533
0.13
0
0.004
0.02
0.038
0.008
0.06
0.004
0.318
0.002
0
0.132
0.04
0.002
0.006
0.07587534439
0.016
0.01
0.032
0.119936166
0.142
0.02
0.366
0.032
0.03
0.008
0.594
0.006
0.008
0
0.026
0.006
0.068
0.026
0.012
0.002
0.01
0.004
0.078
0.02975106336
0.014
0.024
0.02
0.068
0.004
0.018
0.036
0.032
0.026
0.002
0.002
0.008
0.5059572544
0.064
0.008
0.004
0.07
0.004
0.04393718896
0.01
0.114
0.094
0
0.01
0.096
0.014
0.002
0.008
0.006
0.028
0.006
0.12
0.038
0.01
0.012
0.038
0.036
0.032
0.014
0.3958775524
0.022
0.05
0.02
0.032
0.032
0.356
0.16
0.022
0.056
0.008
0.014
0.01
0.006
0.056
0.022
0.002
0.002
0.2
0.006
0.048
0.002
0.014
0.01
0.022
0.016
0.018
0.01
0.134
0.01787620198
0.004
0.022
0.048
0.0277679558
0.034
0.038
0.024
0.008
0.92
0.03
0.008
0.006
0.006
0.002
0.016
0.01
0.004
0.166
0.006
0.002
0.03787629069
0.036
0.002
0.026
0
0.002
0.036
0.016
0.038
0.006
0.066
0.044
0.006
0.008
0.002
0.006
0.164
0.148
0.058
0
0.054
0.02
0.008
0.13
0.026
0.002
0.004
0.054
0.034
0.06150347383
0
0.014
0.004
0.34
0.004
0.004
0
0.034
0.01
0.002
0.044
0.004
0.016
0.006
0.012
0.646
0.038
0
0.006
0.014
0.008
0.008
0.01
0
0.008
0.01995682196
0.006
0.018
0.016
0.012
0.2058768821
0.054
0.024
0.028
0.06
0.022
0.032
0.002
0.006
0.04366996381
0.022
0.002
0.034
0.006
0
0.036
0.01
0
0.004
0.028
0.048
0.0238206429
0.24
0.006
0.01
0.174
0.028
0.4478756105
0.018
0.038
0.216
0.022
0.03
0.032
0.868
0.002
0.324
0.026
0.054
0.012
0
0.084
0.052
0.004
0.036
0.18
0.02
0.002
0.016
0
0.006
0.008
0.01
0.164
0
0.8577657529
0.088
0.02
0.004
0.004
0
0.01
0
0.658
0.01
0.004
0.05
0.018
0.012
0.034
0.004
0.002
0.036
0.334
0.01
0.046
0.01
0.002
0.026
0.066
0.003680796344
0.126
0.2259052954
0.084
0.008
0.026
0.026
0
0.012
0
0.012
0.032
0.024
0.048
0.018
0.038
0.188
0.008
0.03
0.014
0.012
0.016
0.002
0.666
0.1738781833
0.008
0.006
0.01
0.076
0.634
0.178
0
0.004
0
0.004
0.008
0.18
0.018
0.004
0.026
0.03187797629
0
0.014
0.046
0.002
0.942
0.004
0.034
0.002
0.218
0.008
0.016
0.01
0
0.01
0.002
0.036
0.004
0.002
0.006
0.068
0.016
0.01
0.01
0.014
0.004
0.03193681138
0.582
0.024
0.008
0.044
0.04
0.01
0.006
0.054
0.012
0
0
0.042
0.014
0
0.014
0.002
0.016
0.016
0.002
0.06
0.04981838951
0.01
0.022
0.664
0.004
0.042
0.002
0.014
0.008
0.022
0.002
0.014
0.024
0.01
0.056
0
0.006
0.004
0.006
0.018
0.014
0.02376470479
0.012
0.068
0.192
0
0.022
0.882
0.016
0.022
0.006
0.024
0.004
0.002
0.002
0.036
0.016
0.006
0.006
0.026
0.002
0.008
0.624
0.008
0.002
0.008
0.002
0.03
0.03
0.004
0.006
0.008
0.098
0.01
0.014
0.004
0.036
0.008
0.014
0.007585170141
0.002
0.012
0.358
0
0.62
0.01
0.008
0.118
0.004
0.006
0.016
0.096
0
0.038
0.056
0.002
0
0.104
0.018
0.006
0.12
0.134
0.032
0.004
0.006
0.034
0.052
0.018
0
0.006
0.046
0.054
0.006
0.024
0.028
0.012
0.898
0
0.036
0.042
0
0.018
0.03
0
0.002
0
0
0.008
0.02
0.02
0.01
0.014
0
0.108
0.012
0.002
0.006
0.024
0.008
0.008
0.044
0
0.004
0.022
0.05
0.008
0.066
0.054
0.014
0.004
0.014
0
0.022
0.474
0.008
0.008
0.006
0.016
0.016
0.098
0
0.164
0.042
0.006
0.01
0.032
0.096
0.002
0.018
0.008
0.034
0.658
0
0.39
0.028
0.024
0.014
0
0.244
0.01795700071
0.076
0.012
0.476
0.028
0.004
0.014
0.016
0.002
0.096
0.02
0.004
0.006
0.022
0
0.774
0.012
0.016
0.004
0.028
0
0.044
0.314
0.126
0.186
0.006
0.028
0
0.002
0.004
0
0.012
0.04
0
0.8
0.004
0.004
0.04
0.002
0.09
0.022
0.248
0.012
0.06
0.398
0.008
0.01
0.014
0.012
0.09987764114
0
0.002
0.018
0.016
0.066
0.772
0.012
0.006
0.016
0.038
0.004
0.004
0.026
0.006
0.018
0.02
0.002
0.022
0.022
0.004
0.046
0
0.028
0.002
0.012
0.002
0.008
0.064
0.01
0.06
0.024
0.016
0.012
0.294
0.022
0.756
0.008
0.106
0.06
0.028
0.12
0.208
0.002
0.006
0.02
0.004
0.054
0.02
0.008
0.044
0.004
0.036
0.01
0.038
0.042
0.008
0.01
0.008
0.006
0
0.038
0.008
0.005875541536
0.018
0.004
0.198
0.008
0.378
0.096
0.072
0.026
0.01
0.014
0.008
0.028
0.002
0.014
0.004
0.01
0.004
0.006
0.014
0.034
0.05
0.006
0
0.004
0
0.012
0.022
0.002
0.012
0.024
0.004
0.034
0.01
0.052
0.02
0.002
0
0.008
0
0
0.052
0.196
0.022
0.016
0
0.024
0.032
0.006
0.012
0.014
0.028
0.048
0.002
0.012
0.054
0.578
0.922
0.01
0.014
0.014
0.034
0.016
0.01
0.038
0.028
0.022
0.008
0.008
0.13
0.014
0.014
0.038
0
0.012
0.006
0.01
0.002
0.006
0.032
0.016
0.006
0.146
0.04
0.028
0.022
0.022
0.024
0.026
0.036
0.024
0.02
0
0.01
0.358
0.004
0
0.04
0.004
0.01
0.012
0.008
0.002
0.008
0.738
0.006
0
0.016
0
0.026
0.02
0.028
0.008
0.002
0.002
0.02
0.034
0
0.93
0.006
0.018
0.006
0.032
0
0.652
0.408
0.008
0.002
0.002
0
0.016
0
0.008
0.254
0.006
0.018
0.004
0.008
0.02
0.028
0.002
0.014
0.01
0.716
0.018
0.028
0.13
0.024
0.02
0.01
0.014
0.05
0.004
0.002
0.174
0
0.004
0.018
0.007763814365
0.001666618476
0.03
0.004
0.588
0.03
0.03
0.074
0
0.458
0.016
0.002
0.09
0.028
0.02
0.068
0.004
0.008
0.01
0.022
0.028
0.016
0.016
0.012
0
0.01
0
0.022
0.036
0.024
0.016
0.006
0.038
0.012
0.048
0.018
0
0.014
0.022
0.02
0.014
0.072
0.002
0.064
0.022
0.004
0.072
0.03
0.008
0.016
0.016
0.006
0.028
0.022
0.02
0.002
0.002
0.05
0.02987629069
0.004
0.022
0.044
0.002
0.018
0.008
0.006
0.022
0.07787755243
0.032
0.016
0.016
0.008
0.004
0.188
0.006
0.003668348582
0
0.012
0.012
0.016
0.026
0.004
0.016
0.884
0.036
0
0.24
0
0.032
0.005956821956
0.01
0.044
0.018
0
0.044
0.076
0.042
0.004
0.018
0.006
0.084
0
0.024
0.006
0.004
0.066
0.034
0.004
0.022
0.074
0.116
0.022
0.008
0.006
0.004
0.002
0
0.004
0.834
0
0.008
0
0.02
0.002
0.004
0.008
0.036
0.004
0.008
0.007768253217
0.012
0.042
0.01987491067
0.004
0.004
0.08996758168
0.124
0.156
0.004
0.032
0
0.028
0
0.01
0.3062505719
0.006
0.002
0.04
0
0.008
0.016
0.022
0.406
0.366
0.002
0.006
0.004
0.028
0.01
0.01387528525
0.03595693636
0.04
0.004
0.012
0.002
0.008
0.846
0.014
0.85
0.006
0.008
0.006
0.098
0.088
0.032
0.1176311294
0.002
0.05
0.002
0.01
0.006
0.016
0.008
0.008
0.014
0.09
0
0.008
0.008
0.002
0
0
0
0.016
0.014
0.064
0.006
0.03
0.026
0.006
0.002
0
0.004
0.022
0.036
0.054
0.096
0.008
0
0.024
0.01
0.14
0.004
0.118
0
0.018
0.03791601696
0.016
0
0.1278764977
0.006
0.004
0.136
0.07944110919
0.022
0
0.012
0.03
0.022
0.008
0.324
0.012
0.004
0.018
0
0.01
0.036
0.022
0.022
0.022
0.01
0.024
0.03
0.004
0.014
0.106
0.028
0.002
0.008
0.002
0.001915934755
0.018
0
0
0.002
0.064
0.006
0
0.008
0.032
0.014
0.048
0.01
0.004
0.032
0.002
0.004
0.01
0.108
0
0.098
0.014
0.012
0.004
0.024
0.002
0.674
0.004
0.016
0
0.002
0
0.002
0.004
0.022
0.028
0.046
0.008
0.012
0.026
0.028
0.01
0.002
0.018
0.098
0
0.006
0.012
0
0.002
0.064
0.318
0.03376874318
0.02
0.01
0.036
0.032
0.046
0
0.664
0.652
0.032
0
0.006
0.014
0.012
0.01
0.024
0.684
0
0.034
0.04
0
0.05
0
0.01
0.032
0.106
0.68
0.004
0.066
0.034
0.016
0.002
0.006
0.014
0.264
0.002
0.008
0.028
0.022
0.002
0.032
0.008
0.746
0.028
0.002
0.03
0.062
0.002
0.006
0.03987687227
0.022
0.004
0.036
0
0.052
0.024
0.002
0.004
0.008
0.008
0.064
0.67
0.164
0.002
0.026
0.07
0.07
0.028
0.022
0.004
0.018
0.006
0.002
0.002
0.07
0.032
0.032
0.022
0
0.034
0.028
0.004
0.002
0.004
0.062
0.004
0.175876202
0.014
0.008
0.01
0.028
0.174
0.018
0
0.002
0.02
0.008
0.022
0.032
0.004
0.13
0.034
0.304
0
0.008
0.006
0
0.006
0.249586101
0.07
0
0.008
0.002
0.018
0.014
0.01
0
0.054
0.012
0.006
0.252
0
0.003936197536
0.066
0.03
0.038
0.624
0
0.006
0.002
0.034
0.136
0.01
0.006
0.158
0.874
0.012
0.476
0
0.032
0.106
0.028
0.002
0.004
0.014
0.022
0.014
0.016
0.006
0.03
0.03
0.034
0.02
0.042
0.38
0.038
0.012
0
0
0
0.762
0.008
0.1199052954
0
0.024
0.008
0.092
0.022
0.002
0.002
0.104
0.002
0.06
0.032
0.016
0.014
0.188
0.062
0.008
0.018
0.002
0.026
0.006
0.03793659632
0.016
0.004
0.61
0.908
0.044
0.016
0
0.024
0.222
0.036
0.012
0.026
0.048
0.006
0.078
0.246
0.006
0.004
0.026
0
0.006
0.024
0.076
0.04593669074
0
0.044
0.024
0.006
0.02193570934
0
0.026
0.016
0.026
0.066
0.036
0.008
0.012
0.014
0.234
0.024
0.074
0.006
0.008
0.26
0.004
0.004
0.022
0.022
0
0.09
0.034
0.218
0.21
0.018
0.004
0.018
0
0
0.008
0.006
0.056
0.006
0.022
0.006
0.03
0.036
0.014
0
0.004
0.018
0.05
0.002
0.002
0.004
0.028
0.016
0.004
0.11
0.046
0.01
0.274
0.02
0
0.038
0.02587528525
0.012
0.064
0.002
0.008
0.002
0.026
0.02
0.01
0.144
0.202
0.01
0.02
0.03
0.012
0.004
0
0.084
0.002
0.01787675399
0
0.002
0.014
0.028
0.002
0.004
0.01
0.014
0
0.002
0.014
0.024
0.02
0.006
0.042
0.07
0.01
0.02376678409
0.01
0.052
0.002
0.006
0.294
0.012
0.012
0.004
0.09991670873
0.05
0.012
0.016
0
0.04
0.012
0.03
0.006
0.928
0.026
0.056
0.766
0.016
0.012
0.002
0.004
0.008
0.014
0.05
0
0.012
0.034
0.086
0.006
0.014
0.284
0.008
0.148
0.01
0.062
0.574
0.004
0.916
0.002
0.644
0.024
0.006
0.014
0.004
0.02
0.006
0.004
0.004
0.032
0.01
0.024
0.006
0.014
0.002
0.126
0.002
0.32
0.022
0.002
0.004
0.008
0.008
0.004
0.016
0.018
0.182
0.12
0.042
0.006
0
0.058
0.076
0.004
0.008
0.018
0.02187576825
0.066
0.018
0.006
0.02
0.008
0.012
0.018
0.004
0.001876418837
0.084
0.02
0.026
0.004
0.046
0.062
0.8145565824
0.046
0.04
0.006
0.108
0.006
0.698
0.006
0.008
0.016
0
0.002
0.002
0.008
0.006
0.126
0.01
0.01
0.074
0.016
0.122
0.014
0
0.022
0.018
0.366
0.002
0.266
0.014
0.056
0.18
0
0
0.006
0.006
0.038
0.002
0.04
0
0.002
0.004
0.024
0
0.028
0.01
0.104
0.01
0.01576767592
0.014
0.022
0.004
0.022
0
0.004
0.044
0.034
0.008
0
0.004
0.762
0.028
0.024
0.008
0.004
0.01
0.006
0.01
0
0.006
0.14
0.006
0.172
0.006
0
0
0.104
0.012
0.022
0.25
0.01
0.1356668288
0.01
0.002
0.038
0.034
0.712
0.018
0.036
0.004
0.73
0
0.026
0.07348335669
0.752
0.002
0
0.044
0.064
0.022
0.004
0.01
0.05387704971
0
0.008
0.588
0.006
0.032
0.01
0.034
0.846
0.006
0.034
0.004
0.004
0.004
0.058
0.012
0.03
0.072
0.276
0.01
0.02657639205
0.006
0.016
0.004
0.004
0.116
0.048
0.02
0.026
0.062
0.006
0.038
0.225936738
0.924
0.002
0.002
0.032
0.064
0.06
0.012
0.018
0.04
0.052
0
0.014
0.004
0
0.01
0.022
0.016
0.006
0
0.796
0.014
0.002
0.006
0
0.004
0.004
0.02
0.03981334581
0.008
0.044
0.002
0.028
0.154
0.034
0.016
0.004
0.078
0.704
0.028
0.012
0.02
0.308
0
0.008
0.018
0.048
0.012
0.014
0.308
0
0.3637656655
0.014
0.06
0.006
0.02
0.004
0
0.01
0.03
0.02
0.028
0.03
0.1959154414
0.08
0.05
0.026
0.014
0.01
0.392
0.026
0.078
0.002
0.006
0.074
0.01
0.016
0.004
0
0.038
0.014
0.044
0.694
0.012
0.004
0.032
0.006
0.004
0.01
0.02
0.7148102727
0.006
0.014
0.009935667338
0.004
0.006
0.342
0
0.402
0.02
0
0.014
0.022
0
0.002
0.002
0.02
0.078
0.014
0.01
0.004
0.002
0.04
0.018
0.008
0.056
0.004
0.006
0.144
0
0.072
0.004
0.008
0.016
0.022
0.03593642318
0.006
0.031877444
0.004
0.006
0.178
0.012
0
0.012
0.028
0.008
0.006
0.14
0.02
0.01976533358
0.376
0.012
0.02
0.006
0.008
0
0.002
0.014
0.104
0
0.014
0.016
0.006
0.014
0.002
0.006
0.34
0.048
0.062
0.018
0.004
0.024
0.014
0.226
0.006
0.04
0.016
0.012
0.01
0.068
0.004
0.038
0
0.002
0.01
0.024
0.004
0.008
0.07
0.004
0.058
0.346
0.006
0.01
0.016
0.002
0.824
0.774
0.044
0.018
0.03
0.038
0.018
0.012
0.022
0.006
0.018
0.7
0.02
0.002
0
0.004
0.01
0.004
0.016
0.002
0.016
0.006
0.036
0.022
0.004
0.006
0.01
0.042
0.02918854906
0.008
0
0.01
0.024
0.006
0.036
0.006
0.204
0.006
0.432
0.106
0.016
0.048
0.008
0.036
0.008
0.74
0.01
0.034
0.012
0.022
0.024
0.072
0.002
0.026
0.048
0.008
0.074
0.006
0.012
0
0.042
0
0.028
0.004
0.018
0.004
0.256
0.006
0.004
0.032
0.02
0
0.012
0.05
0.006
0.881631987
0.688
0
0.016
0.684
0
0.01
0.016
0.03
0.572
0.004
0.005877187708
0.1476049449
0.018
0.022
0.01
0.012
0.008
0.076
0.082
0.05
0.044
0.002
0.002
0.006
0.018
0.01
0.006
0.032
0.004
0.004
0.01
0.03
0.014
0.006
0.024
0.002
0
0.002
0.026
0
0.016
0.032
0.014
0.012
0.002
0.008
0.002
0.018
0.014
0.04
0.008
0.002
0.002
0.018
0.122
0.016
0.008
0.044
0.007499367361
0.092
0.014
0.006
0
0.002
0.078
0.004
0.1
0.002
0.056
0
0.036
0.004
0.016
0
0.024
0.01
0.044
0.002
0.062
0.012
0.006
0.022
0.002
0.034
0.004
0.094
0.006
0.142
0.006
0.31
0.03791646219
0.216
0.056
0.01
0.058
0.694
0.018
0.184
0.006
0.56
0.012
0.034
0.478
0.004
0.052
0.056
0.032
0.004
0
0.002
0.004
0.006
0.066
0.006
0.018
0.018
0.006
0.196
0.012
0.018
0.014
0.002
0.038
0.25
0.042
0.006
0.344
0.004
0.002
0.282
0.006
0.03
0.02
0.012
0.044
0.016
0.002
0.04
0.018
0.01
0.01
0.002
0.024
0.006
0.04
0.008
0.046
0.006
0.018
0.78
0.002
0.016
0.068
0.028
0
0.81
0.076
0.008
0
0.804
0.62
0.034
0.024
0.018
0.896
0.03
0.006
0.05971702666
0.006
0
0.038
0.79
0.108
0.016
0.01
0.042
0.002
0.006
0.002
0
0.004
0.014
0
0.02
0.04
0.004
0.072
0.004
0.008
0.984
0.95
0
0.91
0.748
0.102
0.01
0.006
0.002
0
0.016
0.204
0.064
0.162
0.256
0.018
0.002
0.048
0.026
0.648
0.002
0.002
0.016
0.138
0.038
0.01
0.008
0
0.012
0
0.012
0.014
0.028
0.012
0.026
0.03
0.006
0.038
0.03
0.046
0.004
0.086
0.002
0.058
0.274
0.136
0.04
0.002
0.024
0.02
0.192
0.02
0.008
0.032
0.002
0.002
0
0.02
0.018
0.008
0.002
0.03396774423
0.058
0.034
0.03
0.006
0.01
0.01
0.028
0.698
0.002
0.002
0.042
0.002
0.03
0.05787650755
0.3580295959
0
0.004
0.008
0.004
0.006
0.002
0.014
0.02
0.034
0.008
0.936
0.016
0.04
0.002
0.002
0.008
0.004
0.05
0.088
0.002
0.014
0.02
0
0.014
0.016
0.016
0.014
0.018
0
0.004
0.062
0.008
0.146
0.002
0.026
0.022
0
0.038
0.014
0.022
0.008
0.028
0.008
0.054
0.02
0.032
0.034
0.016
0.004
0
0.018
0.014
0.188
0.02
0.032
0
0.072
0.014
0.002
0.142
0.904
0.006
0.026
0.014
0.028
0.018
0.014
0.26
0.028
0.008
0.112
0.006
0.026
0.006
0.01
0.06
0.234
0.002
0.008
0.492
0.926
0.006
0
0
0.01
0.384
0.214
0
0.002
0
0.022
0.002
0.01
0.006
0.074
0.028
0.036
0.008
0.05
0.05
0.002
0.9778760443
0.006
0
0.018
0.046
0.068
0.052
0.004
0.026
0.012
0.002
0.014
0.002
0.024
0.752
0.008
0.75
0.002
0.052
0.02
0.008
0.026
0.022
0
0.01
0.002
0.062
0.094
0.03
0.002
0.004
0.04
0.626
0.29
0.014
0.01
0
0.002
0.018
0.124
0.032
0
0.002
0
0.004
0
0.002
0
0.002
0.006
0.236
0.014
0.014
0.018
0.024
0.014
0.016
0.086
0.008
0.15
0.006
0.012
0.078
0.014
0.004
0.036
0.018
0.018
0
0.102
0.062
0
0.014
0.024
0.032
0.002
0.006
0.006
0.006
0.3651611722
0.126
0
0.006
0.012
0.046
0.006
0
0.086
0.006
0.052
0.022
0.024
0.016
0.01
0.014
0.016
0.018
0.032
0.01
0
0.012
0.014
0.076
0.586
0.058
0
0.006
0.022
0.022
0.01
0.008
0.008
0.002
0.02
0.008
0.006
0
0.002
0.35
0.02
0.004
0
0.096
0.042
0.6
0.004
0.33
0.004
0.002
0.006
0.024
0.016
0.01587496981
0.024
0.01
0.004
0.01
0.002
0.022
0.01
0.002
0.082
0.022
0.004
0.262
0.01
0.02
0.054
0
0.008
0.02
0.006
0.014
0.044
0.032
0.074
0
0.02
0.002
0.078
0.008
0.006
0.036
0.008
0.004
0.292
0.001586436076
0.014
0.06
0.004
0.018
0.096
0.1
0.006
0.002
0.004
0.018
0.048
0.14
0.014
0.026
0.002
0.004
0.024
0.026
0.002
0.002
0.014
0.02
0.01
0
0.001876418837
0.01
0.95
0.018
0.016
0.026
0.018
0.002
0.006
0
0.046
0.016
0.054
0.066
0.014
0
0.3139362133
0.018
0
0.014
0
0.014
0.046
0.01
0.006
0.012
0.056
0.05
0.014
0.012
0.002
0.01
0.06
0.01
0
0.036
0.034
0
0.08
0.272
0.004
0.002
0.02
0.006
0.052
0.002
0.02
0.002
0.016
0.738
0.004
0.008
0.516
0.008
0.008
0.006
0.004
0.004
0.016
0.012
0.006
0.066
0.012
0.006
0.006
0
0.004
0.2515156707
0.016
0.022
0.002
0.036
0
0.008
0.078
0.016
0.008
0.646
0.002
0.002
0.012
0.006
0.006
0.006
0.086
0.006
0.002
0.01
0.01
0.054
0.284
0.312
0.04
0.002
0.196
0.014
0.19
0.194
0.01
0.294
0.002
0
0.044
0.022
0.546
0.8794685849
0.03
0.06
0.36
0.036
0.012
0.024
0.046
0.02
0.034
0.032
0.042
0
0
0.004
0.008
0.1275351245
0.018
0.002
0.002
0.062
0.068
0.002
0.01
0.018
0.022
0.01
0
0.008
0.028
0.046
0.092
0
0.432
0.11
0.044
0.028
0.022
0.018
0.008
0.004
0.03
0
0.018
0.058
0.002
0.022
0.048
0.074
0.014
0.142
0.028
0.016
0.012
0.022
0
0.016
0.026
0.02387623155
0.002
0.003936124059
0.002
0.042
0.02
0.02
0.068
0.014
0.002
0.068
0.014
0.022
0
0.178
0
0.02
0.026
0.01
0.01
0.418
0.006
0.002
0.032
0.06
0.066
0.032
0
0.012
0.008
0.018
0.01
0.004
0.114
0.054
0.6
0.008
0.084
0.136
0
0.014
0
0
0.012
0.046
0.042
0.128
0.04
0.1557669065
0.006
0.01
0.554
0.014
0.312
0.01
0.002
0.012
0.014
0.032
0.108
0.036
0
0.012
0.03
0.01
0
0.018
0.476
0
0.022
0.094
0.144
0.008
0.012
0.004
0.074
0.056
0.022
0.078
0.016
0.02
0.008
0.556
0.042
0.228
0.008
0.052
0.06
0.076
0.06
0.01
0.018
0.01358429888
0.05
0.006
0.008
0
0.006
0
0.014
0.034
0.884
0.006
0
0
0.016
0.004
0.008
0.016
0.106
0.028
0.004
0.012
0.092
0.308
0.016
0.004
0.004
0.008
0.02
0
0
0.632
0.074
0.01
0.07
0.004
0.04
0.008
0
0
0.02
0.766
0.008
0.002
0.002
0.004
0.056
0.026
0.11
0.376
0.104
0.016
0.008
0.048
0.096
0.084
0.03
0.026
0.002
0.102
0.002
0.002
0.034
0.008
0.04
0.012
0.006
0.014
0.02
0.116
0.026
0.012
0.002
0.102
0.02
0.066
0.004
0.496
0.006
0.012
0.1
0.018
0.014
0.014
0
0.01
0.752
0.036
0.04
0.3978196412
0.642
0.292
0.01
0.03
0.016
0
0.012
0.014
0.008
0.024
0.026
0
0.008
0.034
0.064
0.01
0.002
0.032
0.042
0.058
0.004
0.016
0.006
0.008
0.002
0.024
0.084
0.016
0.044
0.056
0.014
0.012
0.012
0.014
0.828
0.758
0.024
0.02
0.03
0.01
0.005766556829
0.008
0.008
0.862
0.006
0.084
0.004
0.022
0.016
0.016
0.138
0.032
0.012
0.006
0.022
0.298
0.012
0.006
0.004
0.002
0.002
0.484
0.006
0.102
0.034
0.02
0.004
0.002
0.006
0.022
0.714
0
0.004
0.024
0
0.008
0.002
0.024
0
0.002
0.01764528373
0.202
0.03
0.008
0.016
0.004
0.012
0.002
0.007876270978
0
0.004
0.02
0.006
0.02
0
0.022
0.046
0.008
0.764
0.02
0.014
0.054
0.012
0.066
0.004
0.014
0.042
0.27
0.046
0.018
0.016
0.004
0.024
0.01987714828
0.002
0.004
0
0
0.002
0.062
0.07
0.078
0.022
0.026
0.006
0.004
0.056
0.08967209704
0.016
0.012
0.006
0.806
0.004
0.002
0
0.02
0.012
0.008
0.014
0.056
0.006
0.004
0.016
0
0.01
0.006
0.004
0.022
0.002
0.194
0.082
0.426
0.046
0.006
0.03187779886
0.004
0.064
0.018
0.0138769807
0
0.012
0.006
0
0.01
0.008
0.01
0.018
0.156
0.01
0.0638760344
0.1
0
0.026
0.002
0.006
0.038
0.012
0.016
0.01
0.008
0.008
0.02
0.002
0.006
0.002
0.004
0
0.216
0.06176715127
0.036
0.004
0.006
0.002
0.007876527268
0.014
0.156
0.004
0.006
0.086
0.018
0.008
0.06572389851
0.026
0.016
0.01
0.052
0.016
0.01
0
0.004
0.008
0.004
0.026
0.01
0.024
0.004
0.52
0.266
0.006
0.002
0.02
0.008
0.064
0.16
0.09
0.026
0.098
0.008
0.006
0.002
0.258
0.01
0.12
0.386
0.2
0
0.006
0.016
0.014
0.012
0
0.034
0.024
0.006
0
0.044
0
0.03
0.002
0.012
0.012
0.048
0.008
0.016
0.006
0.04
0.012
0.008
0.044
0
0.06
0.004
0.01
0.002
0.01
0.128
0.03
0.034
0.014
0.004
0
0.062
0.09
0.012
0.004
0.002
0
0.016
0
0.004
0.038
0.018
0.002
0.856
0
0.008
0.038
0
0.012
0.006
0.31
0.016
0.794
0.014
0.004
0.014
0.022
0.004
0.014
0.002
0.008
0.002
0
0.032
0.016
0.03
0.032
0.006
0.05
0.008
0.004
0.014
0.036
0.036
0.038
0.032
0.016
0.032
0.178
0.074
0.008
0.004
0.942
0.3
0.07
0.02
0.02
0.014
0.004
0.042
0.898
0.678
0.068
0.026
0.002
0.064
0.01
0.006
0.004
0.782
0.006
0.022
0
0
0.012
0.024
0
0.014
0.156
0.002
0
0.014
0.008
0.042
0.006
0.002
0.004
0.002
0.096
0.056
0.132
0.16
0.012
0
0.122
0.014
0.044
0.014
0.05581815314
0.028
0.004
0
0.01987976047
0.004
0.028
0.014
0.016
0.016
0.05
0
0
0.048
0.116
0.018
0.064
0.024
0.04
0.004
0.016
0.014
0
0.002
0.006
0.008
0.008
0.014
0.012
0.024
0.022
0.01
0.006
0
0.006
0
0.02587263117
0.096
0.034
0
0.022
0.954
0.002
0.722
0
0.002
0.012
0.001669987235
0.012
0.016
0.018
0.022
0.6769836332
0.034
0.038
0.01
0
0.008
0.006
0.007877020134
0.01
0.014
0.002
0.002
0.116
0.004
0.086
0.012
0.004
0.002
0.052
0.004
0.014
0.02
0.068
0.006
0.01
0.078
0.284
0
0.004
0.13
0.016
0.006
0.026
0
0.022
0.02
0.01
0
0.002
0.02
0.008
0.09
0
0.038
0.052
0.002
0.022
0.036
0.01393704214
0.012
0
0.004
0.004
0.008
0.27
0.018
0.016
0.006
0
0.038
0.008
0.004
0.029877306
0.092
0.784
0.05
0.006
0
0.006
0.004
0.04393678516
0.046
0.004
0.356
0.01
0.01
0.094
0.002
0.002
0.004
0.024
0.008
0.194
0.022
0.006
0.002
0.026
0
0.004
0.024
0.012
0.002
0.064
0.004
0.002
0.048
0.006
0.016
0.71
0.048
0.006
0.008
0.016
0.168
0.02
0.046
0.004
0.03
0.002
0.014
0.044
0.002
0.004
0.218
0.008
0.056
0.022
0.004
0.06
0.042
0.018
0.01
0.026
0.66
0.002
0.014
0.124
0.026
0.052
0.02
0.012
0.002
0.002
0.03
0.034
0
0.004
0.012
0.02
0.014
0.002
0.008
0.006
0.018
0.006
0.006
0.15
0.842
0.4325062333
0.012
0.044
0.008
0.768
0.006
0.006
0.034
0.142
0.014
0.02
0.048
0
0.006
0.026
0.162
0.048
0.038
0.002
0.002
0.02566998724
0.358
0.038
0.008
0.054
0.014
0
0.022
0.012
0.042
0.002
0.026
0.21
0.002
0.006
0.074
0.012
0.004
0.006
0.116
0.002
0.01
0.002
0.032
0.01
0.004
0.026
0.06
0.046
0.02
0.086
0.018
0.022
0
0.012
0.002
0.056
0.002
0.006
0
0.016
0.004
0.008
0
0.592
0.564
0.03
0.007874693807
0.018
0.418
0.016
0.002
0.008
0
0.002
0.018
0.028
0.014
0.64
0.002
0.004
0.82
0
0.016
0.012
0.012
0.014
0.284
0.044
0.128
0
0.008
0.006
0
0.286
0.002
0.006
0.022
0.274
0.038
0.07
0.012
0.13
0.014
0.044
0
0.136
0.04
0.31
0.012
0.028
0.016
0.618
0.626
0.114
0.1
0.044
0.008
0.448
0.016
0.002
0.014
0.21
0.002
0.052
0.006
0.008
0.008
0
0
0.024
0.004
0.112
0.052
0.018
0.018
0.01
0.003878902881
0.006
0.004
0.012
0.006
0.006
0.002
0.036
0.006
0.062
0.324
0
0.004
0.008
0.006
0.01
0.018
0
0.022
0.004
0.576
0.01
0.008
0.026
0.008
0.022
0.004
0.042
0.082
0.024
0.188
0.728
0.508
0.02
0.032
0.002
0.028
0.048
0.012
0.028
0
0.204
0.002
0
0.002
0.018
0.004
0.04
0.02
0.002
0.004
0.018
0.002
0.024
0.046
0.01
0.008
0.026
0.016
0.056
0.012
0
0.018
0.004
0.016
0
0.474
0.014
0.004
0.01
0.008
0.172
0
0.028
0
0.03
0.01
0.01
0.632
0.026
0.006
0.634
0.002
0
0.036
0.002
0.016
0.05187632026
0.004
0
0.022
0.048
0.014
0.02
0.046
0.002
0.002
0.014
0.038
0.002
0.028
0.168
0.296
0
0
0.016
0.322
0.002
0.004
0.006
0.03
0.01
0.078
0.18
0.004
0
0.056
0
0.194
0
0.02
0
0
0.018
0.028
0.002
0.102
0.892
0.032
0.066
0.008
0.0319359246
0.236
0.298
0.028
0.004
0
0.1637687082
0.016
0.078
0.002
0.076
0.02
0.022
0.024
0.022
0.08395651436
0.264
0.02
0.004
0.01
0.06964649518
0.008
0.004
0.042
0.012
0.022
0.058
0.004
0.014
0.034
0.094
0.02
0
0.01
0.184
0.1
0.604
0
0.006
0.016
0.012
0.004
0.586
0.034
0.036
0.016
0.008
0.006
0.2878759063
0.042
0.026
0.764
0.832
0.036
0.016
0.018
0.014
0.004
0.004
0.002
0.004
0.018
0.08
0.018
0.016
0.014
0.012
0.036
0.008
0.016
0.088
0.002
0.02
0.008
0.044
0.08
0.174
0.006
0.004
0.016
0.224
0.266
0.01
0.004
0.01
0.032
0.022
0.01
0.004
0.232
0.072
0.044
0.014
0
0.008
0.036
0.05
0.018
0.002
0.072
0
0.024
0.104
0.01
0.01
0
0.006
0.012
0
0.004
0
0.004
0.006
0.03
0
0.01
0.016
0.008
0.008
0.008
0.026
0.002
0.03
0.138
0.004
0.01
0.062
0.064
0.002
0.032
0.012
0.856
0.038
0.04
0.008
0.002
0.01
0.016
0.038
0.024
0.006
0.028
0.024
0.018
0.136
0.012
0
0.012
0.004
0.024
0.002
0.18
0.004
0.008
0.034
0.01
0.034
0.004
0.036
0.64
0.05176393656
0.022
0.006
0.016
0.004
0.002
0.01
0.3
0.004
0.028
0.036
0.042
0.01
0.002
0.016
0.006
0.012
0.052
0.04
0.06395722585
0
0.008
0.312
0.214
0.152
0.004
0.01793697397
0
0.016
0.018
0.002
0.276
0.002
0.104
0.002
0.01
0.052
0.006
0.034
0.034
0.046
0.008
0.004
0.026
0
0.004
0.014
0.002
0.01
0.01
0
0.024
0.01
0.106
0.1070149779
0.018
0.074
0.02
0.048
0.092
0.002
0.026
0
0.016
0.324
0.024
0.014
0.066
0.016
0.166
0.072
0.024
0.016
0
0.124
0.03
0.014
0.01395693279
0.009765805311
0.026
0.006
0.02
0.062
0.01
0.008
0.108
0.002
0.008
0.028
0.008
0.044
0
0.086
0.01
0.072
0.006
0.008
0.686
0.016
0.006
0.014
0.004
0.02
0.184
0.01
0.046
0.7453640453
0.034
0.006
0.05
0
0.026
0
0.2558134937
0.042
0.004
0
0.028
0.008
0.014
0.004
0.014
0.014
0.004
0.01176577036
0.016
0.63
0.006
0
0.024
0.01
0.012
0.178
0.002
0.038
0.002
0
0.04
0.032
0.018
0.032
0.268
0.008
0
0.004
0.024
0.042
0
0.192
0.062
0.162
0.056
0.052
0.014
0.018
0.022
0
0.474
0.004
0.004
0.044
0.006
0.012
0.092
0.004
0.004
0.006
0.126
0.004
0.034
0.006
0.006
0.002
0.014
0.412
0.002
0.004
0
0.002
0.034
0.994
0
0.006
0.01
0.004
0.026
0.15
0.08393711555
0.002
0.002
0.01
0.01
0
0.31
0.034
0.072
0.014
0.01
0.002
0.65
0.122
0
0.008
0.008
0.002
0.002
0.06
0.014
0.002
0.004
0.012
0.006
0.014
0.016
0.03
0.002
0.014
0
0.044
0.004
0.086
0.01
0
0.002
0.014
0.016
0.018
0.006
0.074
0.022
0.006
0.008
0.002
0.07
0.152
0.002
0.014
0.006
0.334
0.246
0.012
0.11
0
0.128
0.016
0.01
0.004
0.41
0.764
0.004
0.02
0.002
0.016
0.112
0.036
0.088
0.028
0.004
0.004
0.004
0.0419570293
0.002
0.144
0.02587584711
0.952
0.008
0
0.044
0.012
0.038
0.022
0.002
0.008
0.004
0.082
0.082
0.004
0.01
0.01
0.018
0.01
0.002
0.034
0
0.012
0.08
0.032
0.108
0.002
0.002
0.376
0.01
0
0.006
0.018
0.056
0.014
0.526
0
0.014
0.01
0.028
0.026
0.012
0.27
0.012
0
0.026
0.062
0.138
0.8857695659
0.014
0.024
0.066
0.006
0.144
0.634
0.346
0.012
0.026
0.008
0.04
0.004
0.014
0.026
0.002
0.066
0.004
0.016
0
0.006
0.028
0.048
0.022
0.018
0.012
0.024
0.714
0.022
0.006
0
0.078
0.016
0.012
0
0.016
0.076
0.014
0.036
0.046
0.032
0.104
0
0.08
0.008
0.21
0.002
0.004
0.074
0.008
0.674
0.07
0.018
0
0.004
0.0457695484
0.03376641699
0
0.078
0.034
0.05
0.014
0.009132132088
0.01
0.012
0.066
0.028
0.132
0.094
0.006
0.01
0.016
0.086
0.196
0.008
0.034
0.014
0.05976620725
0.002
0.836
0
0.002
0.014
0.004
0.016
0
0.088
0.012
0.018
0.838
0.002
0.042
0.01
0.006
0.046
0
0.004
0
0.016
0.016
0.022
0.01
0.018
0.23
0.01
0.002
0.002
0.008
0.018
0.008
0.01
0.004
0
0.002
0.032
0.004
0.002
0.228
0.006
0.002
0
0.106
0.032
0.2058749895
0.003876211834
0.014
0.002
0.008
0.002
0.028
0.022
0
0.008
0.02
0.016
0.022
0.046
0.004
0.022
0
0.924
0.046
0
0.044
0.676
0.024
0.006
0.018
0
0.02
0.022
0.002
0.01787517682
0.004
0.012
0
0.016
0.092
0
0.012
0
0.03787620198
0.002
0.01
0.038
0.01
0.028
0
0.632
0.022
0.034
0.06793643892
0.018
0.248
0.004
0.008
0.012
0.01
0
0.008
0.014
0
0.004
0.034
0.014
0.704
0.078
0.024
0.018
0.01
0.688
0.02
0.012
0.008
0.012
0.07
0.05
0.092
0.03
0.002
0
0
0.032
0.784
0.8899573402
0.018
0.004
0.914
0.016
0.158
0.006
0.004
0.012
0.002
0.016
0.028
0.614
0.006
0.006
0.022
0.048
0.004
0.038
0.01193651762
0.024
0.014
0.014
0.026
0.016
0.2159362763
0.002
0
0.006
0.526
0.008
0.056
0.002
0.008
0.12
0.03
0
0.1037657354
0.002
0.074
0.026
0.006
0.026
0
0.016
0.0299163663
0
0.012
0.018
0.008
0.008
0.012
0
0.02
0.004
0.034
0.002
0.028
0
0.016
0.01
0.018
0.01
0
0.026
0.03
0.01991624301
0.068
0.004
0.006
0.052
0.136
0.002
0.004
0
0.02
0.008
0.002
0.006
0.118
0.002
0.344
0.006
0.012
0.01
0.034
0
0.064
0.016
0
0.002
0
0.448
0.006
0.018
0.008
0
0.004
0.052
0.008
0.354
0.126
0
0.04
0.02
0.1
0.028
0.004
0.088
0.008
0.022
0.024
0.012
0
0.254
0.036
0.004
0.088
0.04
0
0.002
0.026
0.084
0.01
0.008
0.036
0.35
0.014
0.052
0.708
0.046
0.04
0.05
0.01
0.064
0
0.016
0.236
0.028
0.012
0.05
0.052
0
0.02
0.002
0.026
0.006
0
0
0.202
0.084
0.002
0.018
0.01
0.006
0
0.058
0.014
0.034
0.062
0.036
0.002
0.022
0.026
0.028
0.05
0.004
0.006
0.03
0.216
0.03
0.05793673271
0.022
0.008
0
0.02
0.076
0.004
0
0.018
0.032
0.022
0.002
0.058
0.676
0.038
0.004
0.008
0.02
0.056
0.328
0.01
0.008
0.004
0.008
0.056
0.034
0.14
0.05
0
0
0.036
0.052
0.054
0.02976645195
0.02
0.014
0.004
0.002
0.01
0.014
0.032
0.006
0.016
0.022
0.044
0.038
0.026
0.002
0.032
0.006
0.008
0.01
0.002
0.044
0.04
0.024
0.036
0.022
0.002
0.004
0.008
0.024
0.022
0.004
0.014
0.006
0
0.012
0.009957111503
0.008
0.042
0.01
0.684
0
0.102
0.007937000188
0.004
0
0.016
0.006
0.002
0.032
0
0.002
0.004
0.03182360834
0
0.012
0
0.016
0.014
0.022
0.04
0.006
0.002
0.002
0.006
0.016
0.016
0.014
0.183875857
0.002
0.042
0.004
0.008
0.008
0.004
0.03
0.012
0.014
0
0.048
0.04
0.024
0.034
0.004
0.35
0.002
0
0.008
0.014
0.12
0.228
0.002
0.04
0
0.036
0
0
0.174
0.008
0.054
0.014
0.006
0.02
0.026
0.084
0.008
0.01
0.042
0.21
0.086
0.648
0.022
0.006
0.012
0.044
0.012
0.892
0.006
0.002
0.028
0.08
0.01
0.014
0.008
0
0.008
0.016
0.124
0.028
0
0.002
0.008
0.056
0.04
0.004
0.008
0
0.002
0.004
0.05
0.006
0.002
0.02
0.054
0.202
0.028
0.176
0.002
0.03
0.872
0.02
0.096
0.014
0.018
0.008
0.012
0.012
0.028
0.242
0.01
0.868
0.01
0.008
0.038
0.148
0.004
0.002
0.004
0.012
0.008
0
0.006
0.004
0.008
0.004
0.028
0.004
0.028
0.054
0.03
0.014
0.014
0.002
0.25
0.004
0.012
0.144
0.038
0.038
0.062
0.012
0.588
0.074
0.012
0.008
0.03
0
0.094
0.02
0.006
0.006
0.004
0.016
0.014
0.002
0.004
0.022
0.004
0.018
0.002
0.036
0.06
0.042
0.03
0.016
0.072
0.002
0.038
0.024
0.012
0.018
0.002
0.022
0.014
0.012
0.006
0.018
0.008
0
0.116
0.004
0.014
0.018
0.002
0.004
0.006
0.01
0.026
0.014
0.03
0.256
0.018
0.04
0.202
0.002
0.006
0.006
0.018
0.01
0.03382362227
0
0.012
0.002
0.002
0.066
0.07
0.076
0.006
0.01
0.14
0.004
0.872
0.058
0.116
0.008
0.032
0.02
0.038
0.002
0.056
0.024
0.002
0.006
0.03
0.02
0.002
0.014
0.014
0.004
0.03
0.056
0.016
0
0.028
0.006
0.024
0.004
0.026
0.046
0.002
0.006
0
0.006
0.004
0.06187688213
0.022
0.02587499938
0.006
0.088
0
0.014
0.012
0.676
0.014
0.014
0.022
0.01
0.008
0.108
0.012
0.022
0.062
0.008
0
0.058
0.03
0.094
0.002
0.006
0.004
0.256
0.012
0.0238758964
0.018
0.008
0.064
0.022
0.002
0.32
0.006
0
0.004
0.008
0.056
0.018
0.02
0.004
0.04
0.002
0.36
0.016
0.018
0
0.002
0.014
0.016
0
0.012
0
0.016
0.006
0.028
0.024
0.03
0.004
0.2098762907
0.008
0.048
0.004
0
0
0.014
0.044
0.86
0.008
0.01
0.018
0.026
0.042
0.03
0.016
0.022
0.002
0.002
0.018
0.044
0.048
0.006
0.01
0.004
0.2317681657
0.002
0.058
0.034
0.01
0.03
0.004
0.026
0.01
0
0.022
0.022
0.006
0.008
0.006
0
0.01
0.018
0.01
0.012
0.014
0.012
0.0176682784
0.04
0.01
0.004
0.014
0.004
0.012
0.036
0.034
0
0.002
0.01
0.01754910397
0.058
0.048
0.004
0.038
0.002
0.024
0.008
0.006
0.022
0.006
0
0.064
0.004
0.97
0.004
0.007765176364
0.002
0.276
0.012
0.034
0.026
0.008
0.008
0.002
0.01
0.09
0
0.002
0.034
0.002
0.022
0.01993693201
0.002
0.02
0.032
0.098
0.03
0.004
0.002
0.046
0.006
0
0.274
0.012
0.032
0.008
0.004
0.018
0.018
0.648
0.016
0.02
0.006
0.026
0.012
0.054
0.382
0
0.846
0.06
0.034
0.134
0.004
0
0.002
0.012
0.002
0.004
0.002
0.05
0.004
0.02
0.408
0.004
0.85
0.006
0.01
0.014
0.004
0.052
0.014
0.848
0
0.028
0
0.02
0
0.012
0.016
0.016
0.006
0.038
0.008
0.098
0.018
0.012
0.016
0.014
0.022
0.012
0.024
0.606
0.012
0.05
0.148
0.012
0.008
0.02
0.11
0.04
0.004
0.594
0.318
0.008
0.108
0
0.01
0.02
0.018
0.002
0.08
0.008
0.012
0.024
0.002
0.028
0.722
0.01
0.3418758077
0.01
0.016
0.058
0.008
0.046
0.002
0.008
0.054
0.02
0.008
0
0.07558404606
0.022
0.004
0.528
0.3454609715
0.006
0.016
0.016
0.01
0.254
0.774
0.068
0
0.05
0.016
0.03
0.026
0.05
0.01
0.026
0.072
0.01
0.012
0.04
0.004
0.034
0.002
0.028
0.07
0.012
0.004
0.046
0.014
0.002
0.02
0.008
0.058
0.054
0.026
0.004
0
0.024
0.096
0
0.022
0
0.154
0.008
0.022
0.012
0.04
0.006
0
0.002
0.012
0.004
0.064
0.002
0.007957458033
0.046
0.054
0.02
0.004
0.24
0.042
0.016
0.006
0.044
0.368
0
0.002
0
0
0.048
0.024
0.022
0
0.01
0.482
0.014
0.002
0.005876941275
0.016
0.028
0.926
0.462
0.004
0.088
0.032
0
0.004
0.012
0.088
0.044
0
0.006
0.57
0.002
0.122
0.004
0.002
0.014
0.002
0.012
0.044
0.004
0.096
0.004
0.004
0.008
0.4787221054
0.026
0.042
0.018
0
0
0.024
0.034
0.002
0.068
0
0.014
0
0.016
0.01
0.062
0.004
0.036
0
0.008
0.02
0.284
0.006
0.006
0.076
0.032
0.002
0.06
0.016
0.02
0.01
0
0.012
0.018
0.05176653935
0.01
0.01
0.004
0.41
0.018
0.004
0.04
0.246
0.006
0.014
0
0.016
0
0.034
0.002
0.008
0.004
0.004
0.002
0.044
0
0.002
0.012
0.024
0.036
0.006
0.012
0.004
0.018
0.01
0.062
0
0.062
0.02
0.006
0.06
0.002
0.954
0.02
0
0.102
0.002
0.206
0.138
0.788
0
0.024
0.008
0.008
0
0.006
0.008
0.022
0.004
0.884
0
0.14
0.156
0.076
0.03
0.032
0.03
0.014
0.016
0.006
0.032
0
0.03
0.002
0.026
0.01
0.068
0.014
0.118
0
0
0.056
0.024
0.004
0.012
0.466
0.004
0.038
0.014
0
0.002
0.024
0.018
0.006
0.028
0.028
0.002
0.002
0.002
0
0.13
0.002
0
0.05
0.018
0.666
0
0.026
0.03
0.768
0.092
0.036
0.016
0.034
0.006
0.08
0.026
0.02
0.164
0.016
0.006
0.006
0.002
0.014
0.006
0
0.668
0.008
0.56
0.002
0.002
0.018
0
0.022
0.252
0.074
0.002
0.068
0.01776758847
0.018
0.596
0.596
0.056
0.196
0.01
0.004
0
0.022
0.002
0.024
0.024
0.044
0
0.048
0.008
0.002
0.002
0.006
0.002
0.04
0.002
0.014
0.002
0.478
0.002
0.014
0.012
0.422
0.012
0.024
0.012
0.016
0.022
0
0.028
0.012
0.036
0.004
0.036
0.4739359141
0.084
0.022
0.042
0.002
0.016
0
0
0
0.916
0.224
0.012
0.044
0.162
0.056
0
0.004
0.012
0.02
0.146
0.026
0
0.006
0.034
0.006
0.19395699
0.032
0.122
0.01
0.028
0.068
0.05
0.062
0.03
0.046
0.008
0.01
0.016
0.102
0.004
0.006
0.01193644417
0.012
0.01
0.01
0.01
0.02
0.01
0.008
0.024
0.03
0.032
0.038
0.022
0.02
0.04
0.006
0.004
0.014
0.018
0.014
0.01
0.01
0.058
0.014
0.192
0.008
0.046
0.008
0.862
0.008
0.02195715439
0.022
0.012
0.034
0
0.552
0
0.004
0.016
0.126
0.002
0.052
0.02
0.518
0.024
0.348
0.038
0.02
0
0.004
0.01
0.368
0.012
0.008
0.002
0.102
0.012
0.004
0.012
0.178
0.006
0.01
0.054
0.016
0.016
0.054
0.002
0.018
0.004
0.03
0
0.034
0.004
0.006
0.008
0.006
0.724
0.008
0.012
0
0.006
0.052
0.006
0.03
0.026
0.002
0.008
0.036
0
0.006
0.002
0.018
0.02766757677
0.024
0.048
0.004
0.216
0.005734849532
0.004
0.198
0
0.026
0.668
0.004
0.176
0
0.004
0.042
0.012
0.01
0.018
0.01
0.01
0.604
0.074
0.038
0.022
0.658
0.004
0.1
0.012
0.168
0.028
0.094
0.012
0.01
0.014
0.038
0.002
0.002
0.018
0.026
0.014
0.006
0
0.034
0.004
0.002
0.032
0.03
0.014
0.14
0.016
0.014
0.012
0.03176522877
0.016
0.01
0.014
0.01
0.03
0.022
0.832
0.014
0.062
0.004
0.014
0.014
0.014
0.012
0.004
0.01
0.114
0.002
0.02
0.08334613379
0.09
0.026
0.014
0.316
0.006
0.014
0.01
0.004
0.06
0.002
0.01
0
0
0.022
0.018
0.026
0.046
0.074
0.004
0.002
0
0.002
0.024
0
0.938
0.304
0.004
0.032
0.008
0.006
0.012
0.002
0.006
0
0.006
0
0.002
0.02
0
0.014
0.026
0.006
0
0.004
0
0.034
0.004
0
0.056
0.006
0
0.02
0.02
0.062
0.01
0.018
0.012
0.034
0.046
0.222
0.04
0.008
0.02
0.008
0.002
0.078
0.012
0
0
0.002
0.006
0.006
0.016
0.114
0.03
0.012
0.012
0.07
0.066
0.318
0.006
0
0.04
0.024
0
0.002
0.02
0.004
0.022
0.006
0.032
0.008
0.05
0.006
0.11
0.056
0.006
0.022
0.034
0.02
0.114
0.022
0.014
0.006
0.07193578285
0.002
0.06
0.08987735528
0.042
0.008
0.014
0.01
0.538
0.014
0.024
0.048
0.02
0.006
0.012
0.024
0.006
0.084
0.084
0.026
0.026
0.018
0.064
0.05
0.008
0.008
0
0.058
0
0.002
0.436
0.004
0.024
0.01
0.014
0.048
0.196
0.11
0.01
0.984
0
0.004
0.004
0.766
0.01
0.072
0.016
0.014
0.01
0.084
0.4873541246
0.018
0.01
0.136
0.072
0
0.006
0
0.032
0.012
0.006
0.752
0.052
0.01
0.104
0.042
0.004
0.476
0.002
0.016
0.012
0.016
0.038
0.01393707885
0.008
0.03
0.002
0.02
0.016
0.008
0.006
0.014
0
0.958
0.004
0.018
0.038
0.064
0
0.03
0.024
0
0
0.026
0.016
0.004
0.016
0.068
0.018
0.022
0.068
0.026
0.024
0.03
0.032
0.064
0
0.006
0.018
0.0155102387
0.036
0.014
0.152
0.028
0.004
0.004
0.004
0.056
0.676
0.032
0.008
0.024
0.02
0
0.004
0.024
0.016
0
0.012
0.004
0
0.356
0.014
0.058
0
0.002
0.938
0.02
0.036
0.018
0.052
0.008
0.026
0
0.09
0.018
0.016
0.008
0.022
0.016
0.008
0.114
0.018
0.022
0.052
0.054
0.81
0.378
0.062
0.048
0.014
0
0.002
0.042
0.022
0.862
0.01
0.098
0.016
0.016
0.036
0.004
0
0.022
0.068
0.004
0.012
0.012
0.002
0.072
0.387875443
0.008
0.018
0.006
0.03
0.034
0.03
0
0.004
0.08187866631
0.132
0.026
0.044
0.018
0.006
0.014
0.006
0.024
0
0.02
0.002
0.056
0.01
0.01
0.002
0.028
0.014
0.004
0.114
0.068
0.01187750314
0.61
0.024
0.01993655435
0.002
0.014
0.02
0.004
0.014
0.074
0.024
0.06
0.056
0.01
0.018
0.002
0.004
0.33
0.012
0.002
0.03
0.01
0.008
0.07
0.022
0.008
0.024
0.014
0.012
0.006
0.028
0.018
0.38
0.05
0.008
0.01
0.064
0.024
0.008
0.01596744074
0.018
0.004
0.004
0.03397838175
0.013967904
0.01387628083
0.022
0.01
0.006
0.426
0.018
0.008
0.006
0.008
0.138
0.008
0.03
0.894
0.01
0.014
0.366
0.006
0.006
0.004
0.002
0.094
0.01567202666
0.004
0
0.014
0.094
0.412
0.06
0.07981364428
0
0.964
0.91
0.008
0.046
0.018
0.014
0.06
0.026
0.002
0.784
0.038
0.014
0.034
0.008
0.02587858745
0.056
0.06
0.062
0.008
0.048
0.016
0.02
0.004
0
0.006
0.004
0.01193563058
0.024
0.002
0.008
0.106
0.002
0.01
0.002
0.006
0.008
0.112
0.016
0.036
0.01
0.008
0.01
0.002
0.266
0.114
0.012
0.012
0.382
0.018
0.08985194551
0.008
0.026
0.812
0.014
0.008
0.006
0.02
0
0.006
0.016
0.01
0.014
0.04
0
0.006
0.04
0
0.006
0.01
0.002
0
0.01
0.022
0.002
0
0.004
0.006
0.016
0.396
0.094
0.05771309905
0.002
0.01
0.016
0.124
0.008
0.158
0.014
0.378
0.002
0.206
0.276
0.004
0.034
0.038
0
0.004
0.004
0.606
0.002
0.004
0.022
0.066
0.01
0.08
0.034
0.006
0.046
0.008
0
0.006
0.026
0.05
0.012
0.01958905686
0.016
0.002
0
0.012
0.036
0.01
0.026
0.014
0.004
0.814
0.028
0.016
0.004
0
0.004
0.116
0.014
0.002
0.002
0.028
0.628
0.006
0.018
0.032
0.002
0.066
0.02
0.02
0.014
0.15
0.128
0.002
0.006
0.06
0.048
0.002
0
0.004
0
0.028
0.002
0.01
0.01
0
0.004
0.002
0.07
0.022
0.176
0.018
0.01
0.02
0.004
0.006
0.018
0.036
0.01
0.038
0.01
0.03
0.746
0.05587624141
0.076
0.42
0.364
0.002
0.008
0.014
0.018
0.004
0.016
0.082
0.042
0.06169462791
0.082
0.5
0.006
0.009876379408
0.016
0.034
0.002
0
0.048
0.032
0.016
0.008
0.042
0.024
0.008
0.018
0.012
0.044
0.088
0.006
0.002
0
0.002
0.018
0.5538190292
0.006
0.008
0.002
0
0.042
0.01
0.042
0.166
0.002
0.012
0.026
0.004
0.026
0.09577058168
0.006
0.038
0.06
0.022
0.006
0.006
0.004
0
0.016
0.052
0.034
0.028
0
0.006
0.02
0.002
0.006
0.008
0.046
0.6
0.02
0.07
0.01
0.026
0.004
0.01180116518
0.002
0.006
0.024
0.018
0.018
0.01776470479
0.04
0.018
0.086
0.008
0.0416723082
0.08
0.002
0.006
0.012
0.052
0.028
0.004
0.064
0.006
0.02
0.012
0.006
0.146
0.01
0.01
0.012
0.024
0.012
0.012
0.006
0.004
0.01
0.004
0.024
0.012
0.058
0.258
0.012
0.008
0.012
0.07
0.014
0
0
0.016
0
0.004
0.01
0.02
0.01
0.028
0.046
0.906
0.01
0.08
0.002
0.008
0.014
0.012
0.044
0.326
0
0.064
0.002
0.046
0.082
0.004
0.008
0.006
0.04
0.076
0.06376695893
0.002
0.008
0.012
0.004
0.026
0.022
0.02
0
0.006
0.004
0.03
0.012
0
0.096
0.002
0.064
0.01
0.01
0.026
0.012
0.004
0.018
0.04
0.002
0.002
0.1
0.006
0.004
0
0.004
0.038
0.024
0.178
0.006
0.014
0.026
0.02
0.166
0.026
0.002
0.064
0.012
0.012
0
0.054
0.042
0.01
0.128
0.008
0.002
0
0.004
0.086
0.34
0
0.01
0.026
0.012
0.002
0.032
0.072
0.008
0.02
0.014
0.032
0.022
0.002
0
0.0118750881
0.124
0.004
0
0.01
0.008
0.006
0.034
0.542
0.026
0.008
0.068
0.034
0.12
0.012
0.006
0.568
0.01
0.014
0.118
0
0.034
0.146
0.004
0.012
0.012
0.042
0.008
0.002
0.004
0.3376428378
0.008
0.008
0.028
0.426
0.002
0.016
0.03
0.116
0.022
0.006
0.006
0.02
0.018
0.138
0.016
0.026
0.144
0.016
0.616
0.02
0.008
0.002
0.004
0.002
0.004
0.02787499938
0.016
0.02
0.066
0.008
0.016
0.03
0.002
0.004
0.034
0.032
0.022
0.006
0.002
0.028
0
0.008
0.018
0.032
0.02
0
0.006
0
0.02
0.116
0
0.006
0.01
0.09
0.1637669065
0.01
0.004
0.034
0.014
0.056
0.01987665541
0.02
0.012
0.754
0.786
0.024
0.018
0.008
0.11
0.2198759063
0.016
0.172
0.036
0.008
0.024
0.006
0.028
0.062
0.006
0.138
0.006
0.1437647048
0.004
0.004
0.002
0.007935630582
0.026
0.004
0.024
0.002
0.062
0.024
0.002
0.014
0.97
0.096
0.182
0.554
0.002
0.002
0.004
0.012
0.004
0.014
0.016
0.036
0.618
0.004
0.12
0.06375125065
0.012
0
0
0.026
0.026
0.006
0.02
0.08
0.006
0.048
0.022
0.238
0.258
0.016
0.032
0.078
0.006
0
0.006
0.007767518511
0
0.022
0.034
0.004
0.036
0.026
0.012
0.06
0.03
0.096
0.01
0.012
0.002
0.006
0.01
0.002
0.018
0.012
0.002
0.028
0.018
0.004
0.062
0.002
0
0.028
0
0.004
0.006
0.084
0.04
0.33
0.034
0.008
0.012
0.036
0.008
0.006
0.368
0
0
0.102
0.024
0.016
0.002
0.036
0.006
0.022
0
0.094
0.016
0.004
0.006
0.002
0.076
0.322
0
0.02
0.1958762907
0.024
0
0.014
0.002
0.036
0.888
0.012
0.184
0.102
0.222
0.24
0
0.014
0.008
0.194
0.116
0.008
0.008
0.02
0.006
0.004
0.002
0.004
0.018
0.044
0
0
0.024
0.096
0.036
0
0.002
0.02
0
0
0.028
0.024
0.01
0.01
0.008
0.004
0.322
0.084
0
0.01
0.006
0.014
0.036
0.022
0.008
0.058
0.018
0.02
0.018
0.002
0.202
0.024
0.008
0.002
0.022
0.002
0.814
0.008
0.008
0.006
0.022
0.002
0.002
0.002
0.008
0.91
0.012
0.018
0.04758320373
0.006
0.01
0.024
0.016
0
0.396
0.016
0.022
0.01
0.002
0.004
0.006
0
0.002
0.006
0.032
0.022
0.002
0.26
0
0.994
0.012
0.036
0.348
0.058
0.014
0.038
0.008
0.004
0.03
0.008
0.036
0.008
0.006
0.002
0.004
0.01
0.02
0.006
0.028
0.004
0.516
0
0.02
0.002
0.432
0.012
0.152
0.008
0.066
0.012
0.046
0.002
0.018
0.012
0.016
0
0.007768165737
0.016
0.006
0.024
0.006
0.034
0.102
0.014
0.01
0.09
0.052
0.018
0.82
0
0.084
0.002
0.05
0.004
0
0
0.07
0
0.09
0.028
0.012
0.018
0
0.016
0.018
0.016
0.026
0.04
0.002
0.008
0.012
0.03981354807
0.014
0.028
0.002
0.122
0.016
0.022
0
0.028
0.228
0.02
0.004
0.01
0.058
0.004
0.024
0.034
0.012
0.068
0.22
0.01
0.882
0.018
0.06
0.034
0.016
0.036
0.022
0.15
0.03
0.01
0.024
0.01
0.026
0.072
0.008
0.152
0.006
0.01
0.018
0.046
0.008
0.01
0.02
0.35
0.122
0.9280735749
0.007876763843
0.002
0.052
0.042
0.162
0.076
0.016
0.002
0.006
0.15
0.052
0.784
0.158
0.002
0.002
0.03
0.008
0.012
0.044
0.006
0.016
0.167752956
0.034
0.014
0.002
0.016
0.008
0.056
0
0.01
0.014
0.024
0.026
0.06
0.076
0.014
0.03
0.028
0.066
0.006
0.014
0.06
0.032
0.034
0.008
0.03
0
0.002
0.01381838951
0.01187687227
0.002
0.006
0
0.008
0.026
0.002
0
0.014
0.004
0.03
0.004
0.262
0.002
0.02
0.006
0.128
0.004
0.008
0.024
0.004
0.044
0
0.114
0.02
0
0.002
0.086
0.048
0.08
0.76
0.05
0.016
0.05
0.022
0.04
0.038
0.072
0.006
0.048
0.03
0.046
0.012
0.414
0.056
0.008
0.054
0.002
0.014
0.02
0.068
0.1
0.01
0.002
0.02
0.046
0.014
0.09
0.004
0.014
0.968
0.052
0.008
0.002
0
0.005877158136
0.03
0.004
0
0.004
0.016
0.01
0.046
0.022
0
0
0.01
0
0.856
0.144
0.01
0.01
0.01
0
0.04
0.004
0.032
0.006
0.026
0.002
0.004
0.002
0.018
0.018
0.618
0.014
0.004
0.01
0.02
0.016
0.026
0.006
0.002
0.012
0.012
0.01
0.004
0.002
0.012
0.11
0.004
0.006
0.7275478992
0.118
0.246
0.032
0.014
0.014
0.01
0.024
0.012
0.006
0.002
0.02
0
0.194
0.006
0.032
0.1
0.03
0.002
0.008
0.008
0
0.048
0.022
0.072
0.004
0.006
0.036
0.012
0
0.784
0.014
0.256
0.02776779836
0.024
0.046
0.006
0.022
0.062
0.002
0.016
0.02
0.01
0.046
0.078
0.006
0.004
0.408
0.06
0.002
0.018
0.01
0.134
0.008
0
0
0.028
0.012
0.014
0
0.006
0.044
0.024
0.014
0.01
0.014
0.022
0.006
0.002
0.104
0.018
0.014
0
0.074
0.006
0.016
0.782
0.032
0.01
0
0.01
0.004
0.014
0.01
0.022
0.026
0.004
0.036
0.226
0.066
0.01193637071
0.006
0.008
0
0.002
0.014
0.048
0.136
0.004
0.018
0
0.022
0.024
0.088
0.028
0.02
0.068
0.014
0.014
0.076
0.02
0.01
0.002
0.096
0.006
0.14
0.012
0.058
0
0.94
0.014
0.032
0.002
0.046
0.02
0.014
0.006
0.198
0.064
0.01
0.04
0
0.01
0.026
0.014
0.038
0.058
0.046
0.348
0.002
0.016
0.056
0.062
0.002
0.014
0
0.012
0.004
0
0.006
0.016
0.756
0.012
0.04783932024
0.002
0.408
0.052
0.002
0.04
0.014
0.004
0.012
0.038
0.012
0.02
0.044
0.002
0.012
0.016
0.008
0.06329689847
0.002
0.002
0.002
0.074
0.018
0.004
0.012
0.05
0.158
0.084
0.002
0.002
0.24
0.02
0.1239357408
0.014
0.018
0.014
0.002
0.018
0.01
0.008
0.496
0.032
0.036
0.004
0.012
0.022
0.012
0.426
0
0.004
0.046
0
0.026
0.004
0.1
0.032
0
0.018
0
0.344
0.022
0.052
0.438
0.014
0
0.666
0.026
0.01
0.022
0.008
0.004
0.002
0.07
0.016
0.65
0.038
0.25
0.03
0.014
0.294
0.002
0.026
0.03387838044
0.048
0.006
0.004
0.052
0.012
0.008
0.01
0.03193724663
0
0
0.002
0.012
0.014
0.02787766086
0.018
0.088
0.016
0.012
0.3
0.0898768427
0.034
0.016
0.032
0.092
0.054
0.002
0.006
0.02
0.008
0.016
0.016
0.02
0
0.012
0.008
0.068
0.04
0.008
0.004
0.012
0.054
0.006
0.002
0.004
0.008
0.024
0.034
0.036
0.02
0.106
0
0.002
0.02393752446
0
0.032
0.002
0.014
0.008
0.01390542513
0.005936024333
0.026
0.056
0.016
0.05
0.006
0.002
0.006
0.068
0.008
0.04176669668
0.012
0.004
0.038
0.02
0.002
0.014
0.032
0.138
0.006
0.03387785801
0.002
0.002
0.024
0.386
0
0.006
0.016
0.1558345143
0.164
0.018
0.1055501423
0.002
0.002
0.08
0.01
0
0.064
0.794
0.004
0.01
0.024
0.034
0.002
0.668
0.044
0.034
0.012
0.008
0
0.018
0.008
0.136
0.008
0.056
0.048
0.12
0.076
0.028
0.012
0.036
0.172
0.024
0.09
0.932
0.052
0.008
0.01
0.06391415966
0.752
0
0.03
0
0.006
0.1109915147
0.016
0.07
0
0.07
0.004
0.012
0.028
0.052
0.002
0.002
0
0.004
0.004
0.7
0.008
0.006
0.038
0.014
0.04
0.546
0.014
0.012
0.008
0.052
0.006
0.006
0.014
0.842
0.05
0.036
0.01581806972
0.002
0.002
0.01
0.018
0.166
0.052
0.03
0.644
0.01
0.022
0.076
0
0.048
0.028
0.012
0.008
0
0.188
0.046
0.016
0.044
0.174
0.014
0.008
0.1597527785
0.056
0.008
0
0.102
0.008
0
0.002
0.008
0.472
0.272
0.006
0
0.002
0.004
0
0.002
0.032
0.032
0.018
0.078
0.044
0.02
0.008
0.01
0.03
0.036
0.014
0.01
0.008
0
0.02187779886
0.026
0.04187623155
0.006
0.004
0.002
0.218
0.056
0.026
0
0.028
0.022
0.03
0.01
0.024
0.016
0
0.01
0.008
0.026
0.002
0.012
0.008
0.002
0.016
0.014
0
0.004
0.378
0.002
0.036
0.002
0.046
0.002
0.034
0.028
0.01
0.002
0.004
0.242
0.006
0.016
0.034
0.012
0.004
0.01158457986
0.064
0.028
0.006
0.002
0.028
0
0.004
0.016
0.01
0.1058758077
0.3839352157
0.014
0.038
0.32
0.066
0.018
0.012
0.014
0.102
0.054
0.01
0.024
0.006
0.026
0.122
0.012
0.474
0.036
0.004
0.034
0.03
0.012
0.116
0.03
0.034
0.014
0.132
0.042
0.002
0.024
0.032
0.006
0.028
0.002
0.136
0.01
0.056
0.002
0.004
0.002
0.612
0.004
0.04
0.088
0.012
0.024
0.002
0.074
0.002
0.022
0.082
0.016
0.088
0.022
0.01
0.002
0.042
0.018
0.008
0.02
0.85
0.026
0.016
0.006
0.014
0.88
0.006
0.014
0
0.004
0.008
0.002
0.004
0.006
0.098
0.004
0.008
0
0.002
0.008
0.05
0.002
0.06
0.102
0.07
0.006
0.044
0.006
0.022
0
0.196
0.084
0.742
0.026
0.006
0.018
0
0.018
0.356
0.116
0.002
0.006
0.016
0.01
0.078
0.04
0.016
0.058
0.022
0
0.096
0.16
0.048
0.15
0.118
0.002
0.012
0.01
0.002
0.004
0.042
0.01
0.03
0
0.004
0.03566471878
0
0.002
0.028
0
0.012
0.004
0.176
0.02387723699
0.008
0.004
0.318
0.012
0.018
0.81
0.024
0.09775486828
0.266
0.036
0
0.024
0.012
0.012
0.026
0.006
0.06
0
0.002
0.674
0.018
0.03776618977
0.01
0.002
0.09
0.024
0.014
0.094
0.002
0.53
0.034
0.426
0.01
0.004
0.006
0.03
0.032
0.008
0.01
0.034
0.268
0.024
0.012
0.69
0.008
0.012
0.024
0.02
0.012
0.002
0.008
0.012
0.006
0.736
0.016
0.068
0.006
0.008
0.048
0.004
0.002
0
0.026
0.06
0.046
0.004
0.002
0.034
0.002
0.01
0.006
0.012
0.8
0.02387756229
0.032
0.008
0.036
0.008
0.024
0.006
0.076
0
0.044
0.012
0.004
0.004
0.022
0
0.004
0
0.044
0
0.004
0.08
0.068
0.016
0.022
0
0.006
0
0.004
0.066
0
0.2359141597
0.04
0.082
0.034
0.012
0.006
0.206
0
0.078
0.014
0.004
0.006
0
0.106
0
0.5993738316
0.018
0.016
0.02
0.036
0.004
0.084
0.036
0.034
0.022
0.006
0.132
0.006
0.02
0.118
0.03
0.186
0.03
0.05
0.03
0.012
0
0.01
0.08
0.004
0.002
0.096
0.002
0.016
0.002
0.008
0.048
0.02
0.004
0.012
0.01
0.088
0
0.062
0.024
0.014
0.038
0.006
0.006
0.012
0.012
0.004
0
0.018
0.152
0.134
0.056
0.8404507087
0.018
0
0.002
0
0.006
0.786
0.35
0.016
0.022
0.012
0.002
0.036
0.002
0.01
0.022
0.052
0.014
0.006
0.026
0.454
0.008
0.04
0
0.038
0.006
0.012
0.022
0.756
0.058
0.03
0.13
0.102
0.018
0.044
0.006
0
0.006
0.082
0.01
0.006
0.006
0
0.006
0.014
0.012
0.002
0.012
0.58
0.002
0.04
0.002
0.05
0.03
0.036
0.012
0.928
0.026
0.006
0.028
0.032
0.318
0.176
0.004
0.392
0.142
0.634
0.002
0.028
0.02
0.5298317509
0.02
0.012
0.006
0.006
0.018
0
0.002
0
0.004
0.062
0.306
0.008
0.01
0.016
0.2019354835
0.382
0.012
0.012
0.03
0.006
0.084
0.048
0.292
0
0.022
0.026
0.006
0.028
0.898
0.02
0.052
0.004
0.014
0.3358752064
0.012
0.024
0.016
0.006
0.004
0.002
0.012
0
0.006
0.01
0.002
0.008
0
0.024
0.01
0.006
0.126
0.028
0.022
0.024
0
0.01
0.056
0.048
0.05
0.032
0.002
0
0.022
0.004
0.05
0.07
0.034
0.003874092511
0.076
0.002
0
0.056
0.008
0.008
0.014
0.032
0.03
0.02
0
0.008
0.026
0.012
0.004
0.741251302
0.012
0.046
0.002
0.006
0.038
0.036
0.018
0.198
0.034
0.56773511
0.002
0.542
0.008
0.006
0.006
0.014
0.074
0.006
0.01
0.004
0.666
0.108
0
0.006
0.01
0.006
0.004
0
0.002
0.01
0.014
0
0.002
0.062
0.146
0.002
0.044
0.056
0
0.056
0.002
0.19
0.002
0.008
0.008
0.006
0.018
0.022
0.008
0.018
0.002
0.02
0.216
0.02
0.008
0.008
0.008
0.006
0.238
0.018
0.79
0.004
0
0.004
0
0.014
0.008
0.004
0.002
0.188
0.002
0
0
0.06
0.01
0.052
0.002
0.026
0.03
0.1178131716
0.01
0.002
0.006
0.008
0.03
0.016
0.002
0.00993752446
0.006
0.004
0.09
0.134
0.096
0.01
0.05593652812
0.464
0.012
0.038
0.018
0
0.002
0.006
0.012
0.01
0.156
0.006
0.004
0.15
0.084
0.004
0.01
0.032
0.325877306
0.002
0.92
0.014
0
0.118
0.226
0.024
0.024
0.054
0.006
0.018
0.012
0.006
0.012
0.008
0.032
0.006
0.11
0.4
0.022
0.028
0
0.066
0.532
0.024
0.014
0.092
0.068
0.026
0.14
0.028
0.006
0.028
0.014
0.006
0
0
0.174
0.014
0.08
0.012
0.034
0.018
0
0.022
0.114
0.002
0.018
0
0.004
0
0.018
0.004
0.014
0.39
0.002
0.056
0.122
0.004
0.05
0
0.002
0.016
0.004
0.024
0.072
0.006
0.024
0.006
0.092
0.002
0.052
0.08981806972
0.05
0.006
0.732
0.022
0.004
0.068
0.742
0.024
0.112
0.004
0.002
0.014
0.006
0.01
0.042
0.894
0.012
0.342
0.006
0.116
0.042
0
0.004
0.062
0.006
0
0.024
0.012
0.008
0.014
0.034
0.016
0.002
0.038
0.002
0
0.004
0.004
0.01
0.078
0.024
0.004
0.954
0.028
0.064
0.784
0.222
0
0.002
0.026
0.06
0.01
0.448
0.01
0.1488157728
0.078
0.006
0.004
0.014
0.016
0.012
0.01
0.004
0.016
0.036
0.254
0.01
0.008
0.004
0.006
0.012
0.15
0.042
0.016
0.018
0.004
0.012
0.004
0.03
0.006
0.854
0.812
0
0.01
0.016
0.01
0.08
0.2998776609
0.266
0.534
0
0.04462802348
0.106
0.034
0.009877128564
0.002
0.018
0.02575349811
0.054
0.006
0.006
0.8218764977
0.024
0.03
0.024
0.004
0.07366991697
0.06
0.07
0.004
0.046
0.006
0.002
0.01
0
0
0.004
0.006
0.014
0.04
0.026
0.018
0.016
0
0.01
0.104
0.01
0
0.002
0.098
0.026
0.076
0.12
0.01
0.014
0.01
0.012
0.01
0.012
0
0.002
0.024
0
0.016
0.006
0.032
0.01
0.036
0.03
0.058
0.016
0.012
0.06
0.002
0.002
0.174
0.046
0.008
0.048
0.008
0.004
0.006
0.032
0.009876566697
0.096
0.01
0.004
0.002
0.024
0.012
0.032
0.396
0.014
0.006
0.002
0.06
0.014
0.01
0
0.006
0.018
0.002
0.004
0.06
0.146
0.006
0.016
0.072
0.07
0.706
0.048
0.084
0.874
0.016
0.006
0.036
0.006
0.008
0.088
0.342
0.012
0.022
0.002
0.01
0
0.022
0.006
0.21
0.032
0.034
0.01
0.004
0.002
0.014
0.03
0.016
0.028
0.006
0.004
0.006
0.004
0.702
0.004
0.028
0.002
0.186
0.024
0.03
0.006
0.046
0.02
0.056
0.012
0.02
0.004
0.016
0.032
0.006
0.022
0.002
0.018
0.018
0.142
0.002
0.002
0.03
0.094
0.008
0.004
0.002
0.016
0.092
0.024
0.016
0.034
0.008
0.502
0
0.014
0.042
0.034
0.022
0
0.04
0.024
0.078
0.078
0.1
0.006
0.002
0.006
0.036
0.002
0.148
0.006
0
0.004
0.05
0.01
0.01393632873
0
0.004
0.018
0.044
0.044
0.032
0.02
0
0.014
0.016
0.454
0
0.048
0.0236456548
0.03
0.008
0.01
0.008
0.028
0.016
0.02153535371
0
0.003967576256
0.034
0
0.018
0.014
0.072
0.16
0.8
0.01
0.006
0
0.01
0.016
0.014
0.002
0.056
0.27
0.01
0.03
0.042
0.018
0.03
0.03
0.002
0.008
0.028
0.044
0.002
0.016
0.066
0.542
0.004
0.036
0.008
0.12
0.002
0.692
0.01
0.006
0.044
0.002
0
0.002
0.57
0.006
0.002
0.412
0.034
0.004
0.014
0
0.738
0
0.004
0.012
0.008
0.02
0.028
0.262
0.064
0.024
0.2356437879
0.01976662675
0.006
0.018
0.004
0.214
0.03
0.002
0.014
0.027754888
0.026
0
0.026
0.032
0.006
0.006
0.014
0.108
0.002
0.008
0.702
0.03
0.022
0.026
0.016
0.012
0.028
0
0
0.006
0.028
0.022
0.008
0.01
0.002
0.014
0.01
0.012
0.02
0.008
0.002
0.046
0.03
0
0.032
0.002
0.006
0.822
0.102
0.014
0.004
0.01
0.012
0.044
0.012
0.016
0.006
0
0.01
0.022
0.016
0.036
0.112
0.014
0.446
0.002
0.002
0.088
0.29
0.358
0.398
0
0.002
0.036
0.018
0.01
0
0.002
0
0.04387620198
0.016
0.01587764114
0.01587600483
0.002
0.054
0.768
0.006
0.034
0.578
0.002
0.014
0.008
0.07
0.01
0.008
0.01
0.006
0.03187688213
0.006
0.004
0.002
0.012
0.012
0.03
0.018
0.004
0.024
0.42
0.002
0.012
0.002
0.114
0
0.012
0.044
0.094
0.005840178524
0.406
0.002
0.014
0.008
0.008
0.006
0.01
0.086
0.018
0.042
0.9179676386
0.354
0.008
0.008
0.002
0.128
0.046
0.016
0.038
0.016
0.12
0.002
0.004
0.024
0.012
0.018
0.068
0.008
0
0.006
0.04
0.004
0.02
0.042
0.002
0.024
0.03376981104
0.004
0.048
0.012
0.012
0.028
0.004
0.004
0.016
0.022
0
0.056
0.22
0.252
0.402
0.012
0.004
0.032
0.004
0.002
0.01
0.004
0.014
0.03187885359
0.732
0
0.01
0.03
0
0.004
0.88
0.01
0.006
0.002
0
0.006
0.064
0.038
0.012
0.026
0.006
0.034
0.014
0.102
0.014
0.072
0.008
0.012
0.032
0.006
0.016
0.04
0.094
0.042
0
0.014
0.024
0.024
0.02
0.01
0
0.064
0.002
0.078
0.034
0.068
0.016
0
0.636
0
0.006
0.062
0.008
0.008
0.012
0.002
0.076
0.688
0.044
0.012
0.006
0.008
0.004
0
0.004
0.088
0.003957458033
0.046
0.002
0.31
0.008
0.002
0.006
0
0.022
0.022
0.01
0.1313528018
0.08987520639
0.022
0.03993539426
0.8458760344
0.016
0.378
0.002
0.006
0.096
0
0.124
0.054
0.018
0.004
0.008
0.352
0.016
0.016
0.05
0.02
0.066
0.006
0.684
0.094
0.002
0.2978768821
0.592
0.01
0.008
0.478
0.004
0.028
0.076
0.008
0.254
0.04
0.03
0.008
0.216
0.006
0.002
0.016
0.002
0.004
0.074
0.006
0.002
0.006
0.162
0.01
0.008
0.064
0.006
0.17
0.002
0.008
0.006
0.618
0.006
0.03
0.014
0.004
0.04
0.016
0.358
0.006
0.158
0.02
0.002
0.004
0.038
0.002
0.06
0.044
0.082
0.052
0.008
0.036
0.01
0.022
0.014
0.008
0.004
0.004
0.002
0.086
0.684
0.002
0.002
0.522
0.816
0.002
0.02
0.01
0.018
0.372
0.006
0.026
0.014
0.014
0.056
0.01766809126
0.054
0.032
0
0.004
0.098
0.0138749501
0.002
0.036
0.014
0.008
0.03
0.046
0.03
0.004
0.002
0.014
0.028
0.004
0.062
0.01
0.012
0.004
0.024
0.008
0.232
0.008
0.028
0.004
0.01
0.002
0.002
0.014
0.32
0
0.024
0.066
0.646
0.038
0.256
0.002
0.012
0.006
0.002
0.004
0.006
0.006
0
0
0.002
0.004
0.01
0.6
0.004
0.002
0.014
0.118
0.028
0
0.004
0.06
0.006
0.01
0.66
0.0175859858
0
0
0.01387590626
0.01793642318
0.002
0.006
0
0.034
0.01
0.008
0
0.006
0.066
0.006
0.024
0.184
0.08
0.002
0.104
0.016
0.008
0.022
0.018
0.016
0.014
0.022
0.052
0.322
0.006
0.006
0
0.01
0.004
0.004
0.02
0.01
0.032
0
0.038
0.004
0.01
0
0.028
0.004
0
0.048
0.024
0.016
0.17
0.016
0.012
0.026
0.028
0.004
0.002
0.03
0.002
0.006
0.034
0.014
0.028
0.04
0.042
0.012
0.038
0.014
0.004
0.012
0.024
0.024
0.064
0.004
0.02
0.002
0.002
0.064
0
0.002
0.044
0.002
0.004
0.036
0.018
0.028
0.084
0.01187579783
0.03
0.568
0
0.072
0.016
0
0.004
0
0.002
0.018
0.012
0.006
0.002
0.008
0.002
0.01787426009
0
0.006
0.15
0.058
0.016
0.002
0.008
0.006
0.046
0.002
0.002
0.024
0.022
0.014
0.008
0.024
0.002
0.046
0.01
0.162
0.002
0
0.01193598759
0.012
0.048
0.008
0.032
0.002
0.048
0.138
0.022
0.006
0.192
0.004
0.004
0.008
0.078
0.004
0.122
0.022
0.002
0.02
0.244
0.004
0.004
0.646
0.008
0.054
0.026
0.014
0.006
0.128
0.01
0.012
0.01
0.012
0.106
0.088
0.01
0.002
0.996
0.008
0.014
0.012
0.012
0
0.01
0.04195706504
0.004
0.01
0.006
0.092
0.052
0
0.004
0.086
0.006
0.016
0.032
0.016
0.078
0.06
0.006
0.004
0.036
0.076
0.056
0.004
0.038
0
0.102
0.032
0.43
0.012
0.054
0.014
0.026
0.006
0.016
0.006
0.032
0.046
0.016
0.7677665393
0.004
0.008
0.024
0.012
0.008
0.004
0.004
0.084
0.018
0
0.024
0.02
0.036
0.008
0.044
0.016
0.012
0.482
0.008
0.35
0.018
0.014
0.01
0.06
0.006
0.054
0.086
0.01
0.014
0.002
0.038
0.004
0.006
0.002
0.006
0.034
0.002
0.018
0.088
0.014
0.014
0.026
0.01
0.03176897071
0.016
0.034
0.002
0
0.01
0
0.01
0.026
0
0.458
0.014
0.04
0.004
0.004
0.018
0.048
0.01
0.108
0.008
0.26
0.004
0.022
0.002
0.046
0.004
0.136
0.848
0.02
0.618
0.08
0.048
0.504
0.1439357618
0
0
0.01
0.088
0
0.034
0.006
0.014
0.032
0.122
0.044
0.022
0.006
0.514
0.13
0.07
0.03
0.06975244338
0.018
0.02
0.194
0.002
0
0.02
0
0.034
0
0.004
0.056
0.004
0.626
0.004
0.014
0.02
0.378
0.764
0.004
0.012
0.014
0.042
0.008
0.014
0.034
0.01
0.04
0.004
0.012
0.014
0.052
0.042
0.238
0.018
0.004
0.01393648614
0.002
0.106
0.024
0.106
0.014
0.034
0.008
0.008
0.046
0
0.348
0.002
0.006
0.034
0.002
0
0.014
0.038
0.054
0.72
0.004
0.09
0.052
0.116
0.03
0.02
0.004
0.286
0
0.008
0.002
0.012
0.064
0.02
0.024
0
0.002
0.012
0.014
0.032
0.032
0.002
0.874
0.004
0
0.01
0.008
0.028
0.018
0.004
0.004
0.128
0.04150012421
0.006
0.014
0.004
0.024
0.02
0.064
0.008
0.008
0.006
0.02587722714
0.832
0.076
0.188
0.354
0.108
0.042
0.02
0.002
0.024
0.044
0.002
0
0.004
0.002
0.002
0.048
0.012
0.112
0.748
0.082
0
0.018
0.06
0.042
0.004
0.016
0.004
0.004
0.004
0.002
0.042
0.004
0.016
0.004
0.004
0.028
0.064
0.002
0.32
0.012
0.108
0.004
0.022
0.02593678516
0.072
0.042
0.022
0.012
0.004
0.056
0.002
0.174
0.018
0.314
0.022
0
0
0.042
0.01
0.52
0.024
0.022
0.478
0.098
0.002
0.005876872274
0.006
0.016
0.004
0.026
0
0.062
0.026
0.088
0.172
0.048
0.018
0.034
0.004
0.006
0.014
0.004
0.006
0.016
0.012
0.454
0.006
0.352
0.048
0
0.022
0.03987499938
0.01976653935
0.048
0.596
0.012
0.014
0.03
0.01
0.002
0
0.004
0
0.022
0.002
0.02
0.01
0.784
0.008
0.024
0.034
0.002
0.014
0.146
0.02
0.152
0.0218761724
0.002
0.12
0.044
0.004
0.066
0.048
0.034
0.07
0.012
0.008
0.016
0.02
0
0.738
0.02
0.002
0
0.002
0.024
0.804
0.024
0.082
0.108
0.006
0.37
0.018
0
0.004
0
0.056
0.036
0.01
0.014
0.24791701
0.036
0.002
0.002
0.018
0.014
0.462
0
0.006
0.01
0.01
0.004
0.01
0.002
0
0.004
0.02
0.016
0.13
0.018
0.01
0.014
0.716
0.036
0.042
0.036
0.02
0.062
0.012
0
0.03
0.01
0.002
0.018
0.01
0
0.058
0.85
0.07
0.012
0.002
0.008
0.006
0.106
0.03
0.028
0.004
0
0.002
0.006
0
0.01
0
0.008
0
0
0.002
0
0.003915564786
0.006
0.002
0.006
0.024
0.006
0.01
0.234
0.106
0.018
0.368
0.008
0.158
0.008
0.012
0.004
0.003936145053
0.092
0.002
0.184
0.018
0.014
0.038
0.046
0.008
0.028
0.004
0.01
0.146
0.006
0.742
0.03
0.01
0
0.004
0.012
0.014
0.052
0.01
0.46376605
0.014
0.048
0.006
0
0.208
0.036
0.08
0.002
0.014
0.532
0
0.048
0.1537672562
0.008
0.002
0.004
0.026
0.006
0.398
0.004
0.01
0.004
0.948
0.044
0.004
0.374
0.008
0.084
0
0.058
0.178
0.008
0
0.152
0.044
0.956
0.07981245776
0.03
0.01
0
0.002
0.03
0.002
0
0.012
0.008
0.018
0.012
0.04
0.008
0.0538758274
0.014
0.038
0.018
0.028
0.014
0
0.014
0.018
0.002
0.012
0.012
0.008
0.016
0
0.024
0.008
0.012
0.02
0.044
0
0.014
0.11
0.2399367589
0.014
0
0.024
0.322
0.046
0.02
0.056
0.004
0.058
0.05
0.106
0.004
0.002
0.008
0.87
0.01
0.01
0.008
0.062
0.032
0.014
0.008
0.01
0.104
0.04
0.006
0.004
0.766
0.024
0.022
0.014
0.002
0.376
0.004
0.008
0.022
0.004
0.436
0
0.558
0.2
0.01
0.074
0.004
0.111875443
0.01
0.004
0.014
0.004
0.178
0
0.008
0.06387513739
0.072
0.004
0.012
0.01
0.002
0.04781934907
0.478
0.03
0.038
0.538
0.014
0.182
0.604
0.008
0.034
0.034
0.016
0
0.788
0.012
0.01
0.01
0.024
0.164
0
0.014
0.014
0
0
0.07
0.018
0.038
0.094
0.076
0.014
0.03
0.014
0.028
0.016
0.014
0.018
0.828
0.12
0.002
0.004
0.01
0.012
0.006
0
0.008
0.006
0.038
0.004
0.012
0.034
0.022
0.008
0.03
0.014
0.04
0.008
0.004
0.005935845851
0.012
0.068
0.166
0.008
0.0359566503
0.014
0.006
0.018
0.02
0.01
0.866
0.01
0.46
0.074
0.016
0.012
0.012
0.414
0
0.01
0.008
0.35
0.064
0.704
0.008
0.006
0.012
0
0.056
0.034
0.014
0.002
0.006
0.532
0.006
0.016
0.242
0.03
0.014
0.024
0.03
0.014
0.004
0.006
0
0.034
0.904
0.004
0.02
0.014
0.008
0.016
0.236
0.002
0.006
0.008
0.01
0.036
0.052
0.02
0.004
0.008
0
0.004
0.03
0.094
0.932
0.018
0.016
0
0.01
0.032
0.004
0.042
0.528
0.004
0.668
0.016
0.022
0.006
0.01
0.008
0.006
0.006
0.002
0.02
0.834
0.014
0.008
0.05
0.004
0
0.006
0
0.01
0.046
0
0.002
0.022
0.002
0.03993586685
0.006
0.004
0.01
0.004
0.016
0
0.008
0.004
0.018
0.018
0.02
0
0.014
0.004
0.018
0
0.05
0.032
0
0.002
0.016
0.262
0
0.008
0.002
0.018
0.008
0.078
0.616
0
0.024
0.07987464452
0.012
0.104
0.682
0.036
0.024
0.064
0.036
0.026
0
0.038
0.006
0.152
0
0.004
0.008
0.026
0.18
0.058
0.002
0.084
0.014
0.054
0.22
0.028
0.002
0.046
0
0.008
0.007876803273
0.04
0.032
0.056
0.174
0.076
0.024
0.002
0.026
0.016
0.004
0.028
0.048
0.01
0.514
0.216
0.032
0.02174772268
0.02
0.012
0.002
0.6238362609
0
0.002
0.006
0.538
0.006
0.002
0.116
0.006
0.006
0.144
0.002
0.2198768821
0.026
0.016
0.01
0.002
0.022
0.006
0.004
0
0.028
0.016
0
0
0.77
0.012
0.006
0.01
0.002
0.04
0.67
0.086
0.028
0.002
0.044
0.006
0
0
0.122
0
0.002
0.002
0
0.074
0.184
0.012
0.02
0.022
0.004
0.002
0.016
0.082
0.004
0.082
0.04
0.03
0.01
0.004
0.036
0.006
0.012
0.002
0.044
0.02
0.03187558097
0.044
0.01
0.006
0.008
0.014
0.018
0.048
0.028
0.066
0.018
0.014
0.006
0.002
0.002
0.046
0.524
0.006
0.004
0.018
0.002
0
0.026
0.014
0.012
0
0.006
0.012
0.01
0.02
0.032
0.004
0.11
0.002
0.002
0.888
0
0.05
0.484
0.026
0
0.012
0.656
0.014
0.066
0.272
0.002
0.012
0.076
0.672
0.026
0.004
0.086
0
0.002
0.008
0.058
0.02
0.048
0.002
0.008
0.04
0
0.056
0.034
0.004
0.164
0
0.036
0.028
0.006
0
0.018
0
0.032
0.112
0.012
0.034
0.03
0.004
0.002
0.006
0.01
0.05
0.002
0.034
0.004
0
0.022
0.018
0.174
0.042
0.014
0.01
0.012
0
0.024
0.006
0.012
0.022
0.032
0.502
0.004
0.024
0.038
0
0.06181851465
0.024
0.008
0.006
0.018
0.844
0.018
0.226
0.35
0.01987803544
0.026
0.006
0.024
0.006
0.004
0.022
0.01
0.006
0.89
0.01
0.05
0.01
0.01
0.002
0.01176566553
0.002
0.042
0.044
0.05
0.006
0.042
0
0
0.004
0.048
0.002
0
0.06
0.016
0.008
0.004
0.012
0.008
0.004
0.008
0.006
0.004
0.004
0.016
0.296
0
0.03
0.006
0.01
0.008
0.012
0.018
0.014
0.068
0.042
0.008
0.004
0.006
0.006
0
0.01
0.05
0.004
0.006
0.004
0.148
0
0.032
0.014
0.016
0.072
0.172
0
0.042
0.006
0.274
0.168
0.292
0
0.03191528384
0
0
0.006
0.002
0.034
0.006
0.026
0.352
0
0
0.024
0.006
0.126
0.208
0.012
0.736
0.002
0.01
0.026
0.002
0.114
0.002
0.004
0
0.024
0.038
0.014
0.008
0.004
0.018
0.014
0
0.024
0.024
0.738
0.004
0.06395741518
0.028
0.006
0.03
0.036
0.032
0.666
0.01
0.03558415842
0.004
0.012
0.834
0.004
0.012
0
0.432
0.114
0.142
0.004
0.012
0.042
0.016
0.008
0.012
0.004
0.038
0
0
0.022
0.058
0.406
0.006
0.032
0.818
0.062
0.116
0.146
0
0
0.006
0.016
0.024
0.008
0.018
0.002
0.076
0.016
0.008
0.052
0.054
0
0.022
0.004
0.036
0.005669425185
0.086
0.054
0.01
0.01
0.008
0.008
0.022
0.042
0.13
0.698
0.01
0.03
0.184
0.01
0.014
0.118
0.01
0.762
0.014
0.004
0.006
0.006
0.002
0.056
0.07
0.1
0.002
0.058
0.03
0.012
0.008
0.028
0.036
0.002
0.004
0.022
0.044
0.006
0.026
0.014
0.004
0.006
0.008
0.002
0.008
0.006
0.01
0.032
0.02
0.008
0.006
0.048
0.006
0.016
0.006
0.026
0.068
0.69
0.002
0.802
0.012
0.024
0
0.03
0.004
0.088
0.018
0.002
0.006
0
0.008
0.002
0.014
0.004
0.048
0.078
0.05
0.003876951132
0.002
0.008
0.046
0.04
0.038
0.008
0
0.002
0.02357637616
0
0.008
0.008
0.008
0.074
0.024
0.002
0.046
0.002
0.004
0
0.006
0.008
0
0.022
0.004
0.02
0.268
0.03387579783
0.006
0.022
0.022
0.012
0.038
0
0.616
0.028
0.004
0
0.73
0.01
0.068
0
0
0.008
0.002
0
0.032
0.044
0.002
0
0.006
0.002
0.01
0
0.004
0.008
0.006
0.22
0.022
0.004
0.038
0.01
0.002
0.076
0.128
0.004
0.032
0.044
0
0.024
0.824
0.004
0.006
0.02
0.036
0.008
0.128
0.018
0.008
0.102
0
0.01
0.058
0.008
0.004
0
0.012
0.004
0.036
0.014
0.09
0.01
0.066
0.002
0.01
0.016
0.046
0.054
0.85
0.006
0.03
0.01
0.002
0.03
0.008
0.056
0.028
0.004
0.016
0.018
0
0.45
0.028
0
0.014
0.124
0.002
0
0.02
0.008
0.022
0.012
0.01
0.022
0.02
0.282
0.002
0.02787683284
0.05
0.018
0.002
0
0.006
0.06
0.012
0.674
0.698
0.032
0.024
0
0.01
0.002
0.022
0.016
0.508
0.084
0.008
0.1
0.004
0.028
0.088
0.042
0.01
0.002
0.002
0.022
0.002
0.318
0.01
0.006
0.03176690647
0.01
0.038
0.112
0.004
0.06
0.032
0.006
0.772
0.014
0.004
0.008
0
0.006
0.572
0.002
0.318
0.006
0.004
0.016
0.018
0.906
0
0.026
0.432
0
0.006
0.058
0.052
0.002
0.002
0.002
0.01
0.178
0.024
0.173877444
0.33
0.016
0.478
0.108
0
0.022
0.008
0
0.032
0.002
0.252
0.008
0.058
0.004
0.004
0.006
0.234
0.01
0
0.004
0.568
0.022
0.008
0.01
0.018
0.008
0.012
0.008
0.02
0.006
0.03
0.012
0.004
0.008
0.008
0.512
0.624
0.014
0.59
0
0.022
0
0.11
0.262
0.084
0.882
0.006
0.004
0.004
0.056
0.002
0.246
0
0.01
0.012
0.008
0.006
0.062
0.044
0.018
0.014
0.008
0.002
0.028
0.032
0.004
0.002
0.004
0.02
0.704
0.008
0.04176944335
0.046
0.046
0.008
0.1316458787
0.008
0.078
0.002
0
0.48
0.006
0.04
0.006
0.03
0
0.022
0.02
0.008
0.268
0.034
0.092
0.028
0
0
0.16
0.01
0.022
0.004
0.074
0.012
0
0.034
0.012
0.008
0.1
0.046
0.008
0.02
0.022
0.002
0.048
0.001670830755
0.006
0.002
0.038
0.67
0
0.022
0.014
0.004
0.034
0
0.008
0.692
0.002
0.006
0.006
0.006
0.012
0.008
0.634
0.014
0.004
0
0.006
0.002
0.004
0.08
0.016
0
0.016
0.032
0.116
0.01
0.022
0.022
0.004
0.854
0.642
0
0.746
0.012
0.01
0.068
0.024
0.002
0.716
0.096
0.03
0.018
0.012
0.002
0.024
0.024
0.022
0.008
0.016
0.022
0.1
0.018
0
0.018
0.306
0.09
0.022
0.01
0.008
0.496
0.006
0.004
0
0.058
0.002
0
0.004
0.804
0.012
0.002
0.25
0.052
0.92
0.014
0.032
0
0.003875679539
0.018
0.002
0.01
0.022
0.016
0.262
0.038
0.012
0.15
0.028
0.03
0.8
0.01
0.018
0.004
0.084
0.004
0.006
0.04
0.008
0.004
0.014
0.022
0.036
0.492
0.006
0.05
0.042
0.004
0.084
0.028
0.296
0
0.032
0.132
0.04564615683
0
0.012
0.032
0.046
0.012
0.004
0.442
0.93
0.012
0.006
0.226
0.03376967096
0.006
0.004
0.02
0.004
0.104
0.188
0.008
0.074
0.042
0.04193643892
0.002
0.074
0.008
0.086
0.002
0.108
0.008
0.048
0.04
0.02
0.006
0.002
0.68
0.058
0.01
0.042
0.024
0.016
0.04
0.01383597725
0.018
0.074
0.004
0.008
0.004
0.018
0.034
0.192
0.744
0.022
0.662
0.048
0.056
0.37
0.022
0.03
0.022
0.004
0.004
0.422
0.02
0.044
0.004
0.248
0.012
0.026
0.006
0.016
0.136
0.018
0.028
0
0.028
0.218
0.066
0.006
0
0.006
0.012
0.004
0.03
0.054
0.016
0.036
0.01
0.078
0.042
0.008
0.56
0.648
0.07
0.008
0.04
0.016
0.03
0.294
0.034
0.032
0.004
0
0.064
0.048
0.006
0.014
0.052
0.04
0.002
0.004
0.01
0.234
0.934
0.004
0.026
0.02
0.006
0.018
0.012
0.006
0.0379153181
0.354
0.001936197536
0.032
0.018
0.008
0.008
0.008
0.004
0.02
0.012
0.002
0.036
0.026
0.92
0.072
0.01
0.04
0.054
0.192
0.012
0.014
0.004
0.016
0.04
0.014
0
0.154
0.008
0.02
0.058
0.062
0.076
0
0.076
0.016
0
0
0.002
0.002
0
0.004
0.046
0
0.03
0.018
0.018
0.002
0
0.006
0.01
0.004
0.688
0.014
0.118
0.004
0.016
0.008
0.142
0.016
0.448
0.01
0.002
0.012
0.03
0.006
0.014
0.16
0.024
0.052
0.004
0.052
0.158
0.002
0.006
0.004
0.14
0.012
0.002
0
0.446
0.244
0.014
0.018
0.436
0.064
0.01
0.16
0
0.03
0.01
0.004
0.014
0.004
0.058
0.004
0.004
0.024
0.038
0.002
0.05
0.028
0.04
0.006
0.006
0.008
0.012
0.89
0.56
0.028
0.002
0.004
0.012
0.02976407621
0.016
0.016
0.944
0.078
0.13
0
0.026
0.02
0.002
0.02
0.006
0.01
0.002
0.006
0.034
0.026
0.95
0
0.01393627625
0.026
0.01
0.202
0.01
0.014
0.004
0
0.002
0.008
0.008
0.002
0.018
0.06
0.364
0.024
0.012
0.114
0
0.016
0.008
0.004
0.202
0.002
0.19
0
0.028
0.134
0.006
0.006
0.02
0.012
0.008
0.004
0.042
0.002
0
0.682
0.044
0.698
0.02
0
0.048
0.006
0.004
0.04
0
0.636
0.018
0.016
0.022
0.004
0.002
0.022
0.01
0.006
0.014
0.022
0
0.04
0.008
0
0.004
0.036
0.03195707577
0.042
0.02
0.004
0.006
0.006
0.096
0.006
0.012
0.008
0.038
0.004
0.026
0.032
0.02
0.002
0.012
0.034
0.012
0.008
0.034
0.124
0.208
0.002
0
0.008
0
0
0.014
0.01387534439
0.558
0.092
0.014
0.508
0.006
0.424
0.398
0.044
0.002
0.022
0.006
0.01
0.14
0.026
0.004
0.006
0.004
0.002
0.17
0.6623140007
0.052
0.008
0.04
0.076
0.01
0.028
0.02
0.042
0.328
0.044
0.01
0.028
0.014
0.012
0.008
0.016
0.022
0.8658803117
0.034
0.004
0.026
0.014
0.04
0.048
0.016
0.014
0.006
0.8458212552
0
0.016
0.006
0.002
0
0.026
0.016
0.006
0.006
0.008
0
0.048
0.012
0.002
0.056
0.016
0.042
0.004
0.014
0
0.006
0.008
0.002
0.028
0.752
0.138
0.04
0.012
0
0.006
0.002
0.076
0.346
0.082
0.028
0.108
0.01
0.01
0.002
0
0.002
0.122
0.002
0.014
0.002
0.08334381627
0.01
0.002
0
0
0.824
0.038
0.026
0
0.002
0.01993580385
0.052
0.012
0.014
0.002
0.022
0.01
0.026
0.542
0.006
0.008
0.02
0.014
0.048
0
0.122
0
0.136
0.008
0.002
0.042
0.014
0.002
0.052
0.016
0.026
0.006
0.258
0.016
0.028
0.264
0.03
0.056
0.052
0.03
0.052
0.468
0.008
0.034
0.008
0.006
0.028
0.066
0.022
0.05587636955
0.012
0.024
0.134
0.01
0.024
0.058
0.016
0
0.004
0.006
0.048
0
0.002
0
0.014
0.008
0.032
0
0.022
0.016
0.026
0.002
0.082
0.004
0.512
0.04
0.004
0.064
0.01
0.01
0.054
0.068
0.008
0.002
0.018
0.012
0.166
0.006
0.002
0.014
0.016
0.008
0.346
0
0.004
0.024
0.02
0
0
0.016
0.02
0.01776939083
0.002
0.024
0.008
0.016
0.224
0.006
0
0.034
0.058
0.832
0.044
0.038
0.06
0.032
0.008
0.146
0.016
0.124
0.294
0.004
0.064
0.01
0.034
0.016
0.006
0.062
0.006
0.008
0.082
0.004
0.012
0.014
0.002
0.016
0.026
0.01787728628
0.008
0.06363203083
0.014
0.008
0.26
0.016
0.02967247246
0.008
0.306
0.04
0
0.022
0.022
0.006
0.016
0.002
0.018
0.002
0.018
0.05
0.044
0.002
0.02793508959
0.01
0.008
0.006
0.004
0.048
0.01
0.304
0.016
0.766
0.008
0.022
0.084
0.01976937332
0.01
0.002
0.022
0.004
0.016
0.02
0.002
0.072
0.006
0.026
0.85
0.07
0.003936197536
0.01
0.036
0.006
0.008
0.024
0.044
0.046
0.008
0.006
0.038
0.044
0.009936926769
0.002
0.005877049706
0.012
0.006
0.46
0.026
0.564
0.02
0.002
0.016
0.074
0.03
0.05
0.002
0.16
0.04787556125
0.01
0.008
0.004
0.006
0.006
0.238
0.016
0.052
0.01987544296
0.2694928633
0.004
0.018
0.06
0.052
0.01
0.042
0.01
0.09167179208
0.018
0.018
0
0.048
0.004
0.014
0.002
0.032
0.352
0.016
0.166
0.546
0.032
0.03
0.598
0.04
0.016
0.064
0.014
0.008
0.002
0.016
0.02
0.122
0
0.006
0.01
0.438
0
0.566
0.618
0.018
0.002
0.108
0.038
0
0.062
0.006
0.014
0.598
0.062
0.34
0.016
0.052
0.004
0.008
0.002
0.018
0.002
0.032
0.032
0.004
0.956
0.024
0.138
0.026
0.05176690647
0.008
0
0.02
0.008
0.022
0.006
0.022
0.002
0.02
0.642
0.108
0.004
0.042
0.482
0.034
0.002
0.064
0.116
0.002
0.005876734271
0.002
0.112
0.026
0.046
0.008
0.01
0.02982135266
0
0
0.004
0.006
0.004
0.01
0.002
0.012
0.1939362185
0
0.004
0.016
0.1
0
0
0.076
0.012
0.18
0.034
0.018
0.004
0.024
0.086
0.03
0
0.032
0.038
0.042
0.07
0.188
0
0.022
0.882
0
0.066
0.242
0.012
0.014
0.02
0.02
0
0.006
0.024
0.93
0.009579756779
0.008
0.034
0.006
0.008
0.014
0.002
0
0.002
0.01
0.006
0.022
0.006
0.002
0.016
0.026
0.002
0.016
0.252
0.026
0.004
0.0498781143
0.002
0.008
0.002
0.014
0.006
0.002
0
0.004
0.83
0.006
0.07
0.08
0
0.016
0.026
0.006
0.2079361398
0.0255088057
0.002
0
0.018
0.54
0.32
0.414
0.014
0.026
0.08
0.014
0.056
0.018
0.022
0
0.156
0.006
0.01597405517
0.004
0.194
0.022
0.564
0.042
0.03
0
0.016
0.008
0.006
0.014
0.064
0.636
0.024
0.022
0.048
0.95
0.01
0.086
0.004
0.002
0.004
0.008
0.014
0.05576617229
0.006
0
0
0.002
0.018
0.034
0.752
0.006
0.144
0.022
0.016
0.03
0.008
0.008
0.358
0.149766417
0.394
0.094
0.036
0.002
0.018
0.01
0.02193532073
0.026
0.71
0.002
0.002
0.018
0.012
0.026
0
0.004
0
0.124
0.006
0.13
0.002
0.004
0.032
0.012
0.002
0.054
0.016
0.076
0.07
0.044
0.034
0.012
0.004
0.006
0.824
0.008
0.002
0.002
0
0.004
0.136
0.004
0.008
0.014
0.008
0.024
0.004
0.008
0.034
0
0.012
0.008
0.49
0.002
0.142
0.03
0.006
0.106
0.002
0.008
0.016
0.034
0.034
0.014
0.006
0.004
0.074
0.002
0.004
0.038
0.004
0.044
0.034
0.012
0.02
0.008
0.032
0.01
0.024
0.066
0.03
0.018
0.062
0.086
0.024
0.002
0.172
0.01
0.006
0.002
0.122
0.01
0.062
0.028
0
0.004
0.006
0.01
0
0
0.01
0.032
0.258
0.024
0.066
0.038
0.038
0.002
0.83
0.034
0.002
0.004
0.024
0.06
0.018
0.004
0.052
0.008
0.254
0.002
0.002
0.072
0.05
0.49
0.006
0.928
0.022
0.006
0
0.02
0.054
0.01
0.026
0.072
0.634
0.008
0.018
0.002
0.028
0.018
0.002
0.234
0.012
0.656
0.098
0.002
0.008
0.274
0
0.032
0.04
0.004
0.02
0.002
0.01
0.002
0.198
0.028
0.006
0.004
0.01
0.004
0.022
0
0.04
0.02
0.806
0.004
0
0.012
0.128
0.006
0.024
0.016
0.034
0.004
0.004
0.02
0.006
0.008
0.09196692257
0.016
0.01
0.016
0.02
0.004
0.01
0.044
0
0.018
0
0.007957329451
0.046
0
0
0.024
0.002
0.952
0.028
0.064
0.008
0.02
0.032
0.002
0.006
0.164
0.034
0.01991596901
0.016
0.06
0.002
0.042
0.024
0.026
0.966
0
0.04987755243
0.03
0.006
0.004
0.134
0
0.7779676386
0.024
0.036
0.016
0
0.08
0.02
0.162
0.008
0.086
0.026
0.046
0.008
0.028
0.03
0.002
0
0.002
0.248
0.014
0
0.034
0
0.02
0.126
0.028
0.006
0.052
0.02
0.084
0.004
0.012
0.014
0.044
0.048
0.702
0.008
0.02
0.05
0.026
0
0.028
0.062
0.05
0
0.026
0.008
0.906
0.01
0.036
0.03
0.014
0.012
0.006
0.048
0.034
0
0.022
0.018
0
0.01
0.564
0.002
0
0.014
0.298
0.004
0.106
0.016
0
0.006
0.006
0.06
0.042
0.026
0.022
0.002
0.094
0.012
0.046
0.004
0.12
0.056
0
0
0.02
0.118
0.01
0.028
0.054
0.006
0.004
0.022
0.332
0.01
0.022
0.004
0.004
0.018
0.036
0.002
0.654
0.008
0.286
0.028
0.002
0.01787725671
0.032
0.004
0.024
0.032
0.148
0.03
0.002
0.232
0.01395726515
0.076
0.016
0
0.034
0.01
0.004
0.036
0.002
0.004
0.04
0.016
0
0.014
0.01
0.002
0.038
0
0.028
0.022
0.03776846319
0.02
0.108
0.01
0.044
0.354
0
0.026
0.24
0.168
0.006
0.004
0.044
0
0.05
0.022
0.002
0.026
0.028
0.254
0.066
0.652
0
0.026
0.07
0.01
0.014
0.022
0.008
0
0.026
0.01387736514
0
0.006
0.008
0.058
0.086
0.008
0.004
0.006
0.042
0.018
0.026
0.006
0.01
0.004
0.076
0.07
0.024
0.006
0.874
0.14
0.002
0.008
0.076
0.006
0.268
0.006
0.008
0.026
0.007766854024
0.012
0.002
0.012
0.05
0.01
0.032
0.008
0.5
0.032
0.08
0.006
0
0.028
0
0.3459370684
0.014
0.214
0.01
0.012
0.024
0.008
0
0.03993555706
0.054
0.046
0.098
0.007876941275
0.82
0.004
0.008
0.008
0.044
0.02
0.018
0.004
0.08
0.008
0.034
0.026
0.03
0.012
0.02
0.016
0
0.504
0.02
0.016
0.108
0.03593669599
0.008
0.006
0.02
0.002
0.03
0.02
0.002
0.05
0.002
0.01
0.04
0.01
0.912
0.032
0.01
0.136
0.026
0.042
0.058
0.062
0.024
0.002
0.242
0.024
0.02
0.08
0.016
0.04
0.002
0.044
0.002
0.7
0.042
0.002
0.022
0.054
0.022
0.034
0.568
0.008
0.042
0.002
0.014
0.014
0.008
0
0.002
0.004
0.002
0.016
0.008
0.008
0.01
0.014
0.006
0.004
0.01
0.008
0.072
0.014
0.004
0.002
0.026
0
0.044
0.03576937332
0.04787548239
0.014
0.03
0.466
0.074
0.004
0.02
0.01
0.016
0.012
0.02193612406
0.018
0.12
0.392
0.394
0.016
0.176
0.002
0.4417673786
0.068
0.086
0.012
0.016
0.034
0.005876468124
0.004
0.01
0.068
0.01
0.02
0.002
0.002
0.006
0.476
0.042
0.014
0.01
0.03
0
0.002
0
0.978
0.016
0.004
0.01
0.032
0
0.028
0.022
0.006
0.014
0.012
0.01
0
0.006
0.006
0.014
0.022
0.002
0.008
0.024
0.002
0.03
0.16
0.002
0.07
0.024
0.012
0.018
0.002
0.008
0.46
0.022
0.006
0.002
0.02
0.01
0.16
0.002
0.004
0.01
0.008
0
0.004
0.008
0.032
0.198
0.016
0.036
0.002
0.816
0.026
0.012
0.012
0.002
0.506
0.018
0.018
0.046
0.004
0.006
0.028
0.016
0.004
0.068
0
0.01
0.502
0.744
0
0.992
0.076
0.038
0.002
0.002
0.008
0.03
0.03
0.006
0.012
0.002
0.03
0.036
0
0.044
0.188
0.002
0.146
0.014
0.008
0.048
0.19
0.01
0.018
0.004
0
0.012
0
0.016
0.004
0.042
0.014
0.884
0.002
0.002
0.006
0.118
0.01
0.058
0.072
0.022
0.044
0
0.024
0.098
0
0.01
0.01
0.024
0.274
0.034
0.542
0.02
0.066
0.02
0.03
0.022
0.114
0.038
0.002
0.012
0.018
0.018
0.026
0.074
0.002
0.004
0.036
0.324
0.004
0.008
0.012
0.02
0.314
0.004
0.2097516351
0
0.002
0.022
0.004
0.346
0.046
0
0.004
0.004
0.004
0.008
0.002
0.006
0.008
0.008
0.028
0
0.01
0
0.002
0
0.032
0
0.014
0.022
0.042
0.738
0.004
0.474
0.008
0.03
0.014
0.002
0.014
0.054
0.01
0.03
0.016
0
0.002
0.022
0.018
0.15
0.005670127785
0.018
0.008
0.126
0.04
0.004
0.008
0.006
0.462
0.134
0.016
0.326
0.002
0.016
0.006
0.882
0.14
0.002
0.01
0
0.008
0.028
0.014
0.023877306
0.034
0.808
0.006
0.118
0
0.026
0.002
0.06
0.012
0.008
0.012
0.06
0.002
0.414
0.128
0.022
0.004
0.012
0.028
0.004
0.01
0.068
0.028
0
0.06391746188
0.112
0.01
0.006
0.008
0.11
0.072
0.032
0.002
0.016
0.034
0.134
0.006
0.002
0.028
0.03
0.006
0.02
0.016
0.022
0.014
0.008
0.012
0.376
0.02
0.05
0.004
0.43
0.772
0.006
0.01
0.01
0.048
0.1
0.002
0.012
0.018
0.018
0.044
0.034
0.342
0
0
0.012
0.03
0.004
0.092
0.004
0.1
0.006
0.004
0.018
0.006
0.29
0.028
0.002
0
0
0
0.804
0.02
0.016
0.002
0.044
0.002
0.018
0.03
0.016
0.004
0.006
0.006
0.006
0.016
0.022
0.024
0.002
0.03
0.008
0.034
0.148
0.012
0.09
0.008
0.014
0.002
0.02
0.02
0.034
0.002
0
0.002
0.932
0
0
0.682
0.054
0.008
0
0.568
0.014
0.884
0
0.016
0.048
0.004
0.04
0.01
0.552
0
0.054
0.008
0.014
0.016
0.046
0.09
0.016
0.252
0
0.006
0.008
0.004
0.002
0.01
0.022
0
0.002
0.016
0.022
0.044
0
0.002
0.064
0
0.002
0.016
0.04
0.714
0
0.458
0.016
0.024
0.082
0.054
0
0.02
0.004
0.03
0.024
0.014
0.202
0.044
0.158
0.016
0.014
0.016
0.038
0.058
0.132
0.644
0.094
0.004
0.01
0.022
0.002
0.034
0.018
0.008
0.012
0.074
0.002
0
0.006
0.012
0.032
0.08
0.934
0.01
0
0.014
0.004
0.152
0.014
0
0.026
0.02
0.016
0.014
0.018
0.03187534439
0.016
0
0.294
0.074
0.006
0.076
0.076
0.02
0
0.248
0.016
0.022
0.012
0.024
0.014
0.062
0.004
0.012
0.162
0.048
0.014
0.022
0.004
0.99
0.044
0
0.03
0
0.016
0.008
0.004
0
0
0.08
0.024
0.014
0.006
0.024
0.012
0.446
0.058
0.006
0.014
0.044
0.016
0.034
0.032
0.008
0.012
0.004
0.024
0.018
0.038
0.008
0.01
0.022
0.004
0
0.004
0
0.012
0.096
0.018
0.002
0.012
0.004
0.008
0.022
0.53
0.612
0.448
0.016
0.026
0
0.018
0.012
0.006
0.592
0
0.016
0.018
0.028
0.006
0.036
0.01
0.034
0.018
0.024
0.362
0.796
0.03
0.16
0.032
0.002
0.004
0.014
0.49
0.002
0.046
0.006
0.022
0
0
0.04
0.072
0.016
0.02
0.59
0.008
0.02
0.014
0.012
0.016
0.106
0.27
0.006
0.01
0.008
0.02
0
0.008
0.036
0.02795696139
0.008
0.006
0.03
0.012
0.02
0.002
0.006
0.012
0.004
0.006
0.006
0
0.018
0.004
0.026
0.022
0.082
0.058
0.016
0
0.034
0.038
0.018
0.036
0.002
0.01
0.016
0.004
0.002
0.004
0.012
0.046
0.012
0.008
0.016
0.028
0.05
0.046
0.03
0.006
0.004
0.004
0.026
0.036
0.014
0.01
0.002
0.044
0.034
0.004
0.008
0.01
0.01
0.01
0.028
0.048
0.052
0.002
0.008
0.012
0.002
0
0.002
0.016
0.028
0.096
0.022
0.104
0.016
0.894
0.694
0.058
0.196
0.01
0.002
0.018
0.078
0.048
0.002
0
0.498
0.89
0.012
0.02
0.006
0.904
0.006
0.604
0.022
0.02950756541
0.116
0.024
0.16
0.026
0.008
0.004
0.022
0.003876586412
0.02587646812
0.004
0.062
0
0.01
0
0.012
0.004
0.08
0.006
0
0.034
0.004
0.022
0.036
0.02
0.096
0.006
0.018
0.034
0
0.026
0.026
0.024
0.008
0.08
0.188
0.012
0.008
0.005957007856
0.744
0
0.004
0.028
0.014
0.016
0
0.01
0.014
0.03
0.046
0.04193673271
0.004
0.026
0.004
0.042
0.522
0.004
0.028
0
0.012
0.768
0.002
0.112
0
0
0.05
0.014
0.01
0.046
0.872
0.002
0.008
0.002
0.004
0.03
0.232
0.004
0.012
0.016
0.004
0.012
0.024
0.002
0.048
0.0115102387
0
0.004
0.01
0.006
0.01
0.008
0.012
0.018
0.036
0.054
0.916
0.018
0.004
0.018
0.036
0.004
0.03
0.062
0.01
0.334
0.01
0.024
0.006
0.004
0.004
0.074
0.004
0.062
0.676
0.006
0.016
0.054
0.092
0.022
0.066
0.036
0.244
0.006
0.02
0.004
0
0.006
0.078
0.042
0
0.032
0.04
0
0.28
0.002
0.208
0.04393711031
0.004
0.006
0.044
0.052
0.038
0.014
0.004
0.006
0.018
0.03
0.01
0.012
0.004
0
0.014
0.06
0.01
0.044
0.022
0
0.022
0.024
0.028
0.026
0.006
0.014
0
0.875957333
0.026
0.01
0.078
0.01
0.088
0.008
0
0.006
0.008
0.05187518667
0.006
0.136
0.018
0.004
0.016
0.004
0.034
0.03
0.006
0.028
0.008
0.02
0.02
0.088
0.018
0.004
0.002
0.03
0
0.784
0
0.012
0.008
0.024
0.004
0.004
0
0.006
0.002
0.004
0.002
0.004
0.014
0.006
0.256
0.036
0.14
0.004
0
0.004
0.02
0.002
0.002
0.058
0.032
0.002
0.018
0.052
0.022
0.008
0.056
0.006
0.002
0.012
0.016
0.006
0.004
0.006
0.006
0.034
0.014
0
0.062
0.03567099484
0.004
0.024
0.01
0
0.014
0.006
0.008
0.006
0.414
0.006
0.04
0.012
0.952
0.138
0.00993637071
0.008
0.004
0.006
0.852
0.004
0.702
0.0817649493
0.034
0.03
0
0.046
0.014
0.004
0.034
0.058
0.002
0.018
0.004
0.02
0.014
0.004
0.024
0.15
0.014
0.18
0.076
0.02
0.036
0.518
0
0.03
0.046
0.758
0.076
0.016
0.016
0.024
0.016
0.008
0.008
0.03
0.01
0.002
0.014
0.056
0.6198785874
0.012
0.012
0.008
0.016
0.042
0.002
0.016
0.038
0.012
0.018
0.008
0.004
0.696
0.012
0
0.06
0
0.1119163663
0.004
0.1598746248
0.022
0.008
0
0.006
0.036
0.414
0
0.044
0.026
0.002
0.064
0.012
0.088
0.004
0.02
0.084
0.002
0.012
0.056
0.05
0.004
0.01
0.006
0.958
0.028
0.06
0.0259359351
0.012
0
0.01
0.056
0.022
0.018
0
0.006
0.278
0.044
0.004
0.266
0.028
0.116
0
0.018
0.006
0.1516913805
0
0.198
0.02
0.016
0.04
0.05
0.014
0.004
0
0.1
0.002
0
0.954
0.038
0.65
0.014
0.006
0.122
0.014
0
0.006
0.028
0.002
0.01793634447
0.012
0
0.146
0.008
0
0.022
0.004
0.02
0.012
0.008
0.002
0.054
0
0.024
0.018
0
0
0.01
0
0.014
0.014
0.004
0.002
0.004
0.024
0.048
0.02
0.016
0.196
0.006
0.002
0.01
0.03
0.005765123961
0.014
0.02
0.012
0.008
0.048
0.064
0.026
0
0.01
0.188
0.016
0.694
0.836
0.012
0.018
0.01
0.008
0.026
0.288
0
0.052
0.036
0.004
0.024
0.024
0.036
0.108
0.02
0.1038771286
0.018
0.022
0.05
0.046
0.008
0.006
0.004
0.256
0.04
0.012
0.006
0.79
0.014
0
0
0.008
0.05176577036
0.01
0.006
0.004
0.11
0
0
0.024
0.026
0.026
0.004
0.006
0.006
0.054
0
0.018
0.002
0.014
0.002
0.01
0.218
0.058
0.022
0.002
0.04
0.022
0.012
0.002
0.044
0
0.234
0.004
0.014
0.022
0.016
0.034
0.002
0.076
0.008
0.016
0.014
0.004
0.002
0.038
0.05
0.042
0.176
0.006
0.022
0.012
0.052
0.018
0.01
0.01
0.3755088057
0.004
0.834
0.532
0.054
0.006
0.2737680083
0.004
0.016
0.006
0.008
0.048
0
0.004
0.004
0.03
0.008
0.004
0.012
0.028
0.34
0.01
0.01
0.02
0.014
0.01
0.006
0.26
0.002
0.49
0
0.008
0.022
0.004
0.2237656655
0
0.104
0.236
0.066
0.082
0.004
0.024
0.0217695484
0
0.046
0.044
0.02
0.022
0.002
0.014
0.012
0.028
0.598
0.004
0.006
0.046
0.014
0.008
0.3298769413
0.048
0.002
0.012
0.07
0.022
0.012
0.042
0.048
0.016
0.006
0.528
0
0.032
0.006
0.008
0.452
0.006
0.01
0.24
0.002
0
0.024
0.02
0
0.028
0.02
0.054
0.028
0.012
0.002
0.03
0.002
0
0.064
0.024
0.002
0.062
0.04387564997
0.352
0.004
0.036
0
0.014
0.264
0.002
0.002
0.012
0.018
0.01
0.006
0.006
0.006
0.018
0.052
0.036
0.004
0.012
0.152
0.002
0.01
0.002
0.04558042853
0.002
0
0.02
0.006
0.006
0.034
0
0.008
0.024
0.018
0.006
0.002
0.238
0.002
0.016
0.01
0.032
0.02
0.008
0.026
0.022
0.016
0.006
0.006
0.014
0.11
0.012
0.006
0.036
0.004
0.048
0.014
0.006
0.024
0
0.004
0
0.004
0.022
0.006
0.194
0.006
0.002
0.016
0.004
0.044
0.102
0.042
0
0
0.36
0.046
0.8237487549
0.146
0.03
0.004
0.06
0.02
0.076
0.004
0.046
0.005875541536
0.016
0.156
0.002
0.002
0.024
0.18
0.014
0.052
0
0.004
0.008
0.007767238698
0.022
0.006
0.3377662946
0.006
0.002
0.008
0.052
0.024
0.024
0.022
0.006
0.01
0.044
0.004
0.058
0.2457657005
0.2
0.002
0.006
0.002
0
0.004
0.004
0.002
0.01
0.008
0.016
0.018
0.214
0.016
0.01274350369
0.012
0.058
0
0.01
0.022
0.02
0.002
0.004
0.012
0.018
0.132
0.012
0.022
0.028
0.012
0.006
0.03
0.028
0.334
0.906
0.01
0.02
0.01
0.01
0.034
0.006
0.046
0.956
0.006
0
0.056
0.002
0.032
0.012
0.068
0.004
0.066
0.062
0.1358751768
0.004
0.004
0.002
0.002
0.024
0.024
0.006
0.008
0.006
0.022
0
0.002
0.06
0.006
0
0.02
0.504
0.05987676384
0.004
0.7
0.596
0.002
0.068
0.066
0.01
0
0
0.028
0.064
0.012
0
0.028
0.008
0.06
0.408
0
0.016
0.038
0.002
0.002
0.018
0.062
0.006
0.004
0.2
0.018
0.002
0.014
0.006
0.1198758964
0.026
0.134
0.034
0.002
0.048
0.27
0.058
0.014
0
0.018
0
0.008
0.354
0.034
0.006
0.014
0.004
0.898
0.09787746371
0.046
0.168
0.012
0
0.096
0.008
0.024
0.744
0.022
0.018
0.044
0.01
0.016
0.032
0.014
0.026
0.004
0.012
0.026
0.064
0.026
0.006
0.06
0.002
0.004
0.002
0.048
0.002
0.02387694128
0.004
0.002
0.002
0.018
0.004
0.138
0.028
0.004
0.004
0.764
0.014
0.03
0.052
0.03
0.03
0.008
0.02
0.03387750314
0.004
0.044
0.006
0
0.036
0.018
0.036
0.216
0.006
0.314
0.038
0.006
0.026
0.09964515803
0.008
0
0.038
0.01
0
0.012
0
0
0.244
0.018
0.024
0.014
0.78
0.008
0.026
0
0.084
0.038
0
0.086
0.006
0.042
0.014
0.01
0.006
0.024
0.39
0.028
0
0.126
0.02
0.218
0.016
0
0.03
0.006
0.002
0.84
0.012
0.14
0.142
0.014
0.012
0.01
0.2379574259
0.002
0
0.02
0.096
0.002
0.042
0.002
0
0.134
0.008
0.002
0.03
0.018
0.002
0.058
0.032
0.012
0.004
0.006
0.014
0.058
0.004
0.024
0.004
0.652
0.012
0.006
0.006
0.008
0.078
0.009582810863
0.01
0.004
0.009877000419
0.002
0.038
0.048
0.01
0.074
0.002
0.024
0
0.118
0.076
0.034
0.05
0.008
0.026
0.002
0
0.788
0.002
0.074
0.004
0.188
0.01
0.014
0.262
0.032
0
0.004
0.02
0.02
0.01
0.006
0.516
0.008
0
0.106
0.01
0.01
0.31
0.03
0.004
0.008
0.004
0.01
0.024
0.004
0.002
0.02
0.052
0.002
0.01
0.004
0.01576741358
0.68
0.152
0
0.016
0.004
0.004
0.002
0.006
0.002
0.072
0.01
0.054
0
0
0.038
0.016
0.01
0.004
0.01
0.004
0.11
0.102
0.138
0.072
0.012
0.01
0
0.076
0.004
0.048
0.016
0.008
0.01
0.02
0.01
0.08
0.004
0.01
0.006
0.006
0.026
0.014
0.004
0.014
0.024
0.008
0
0.002
0.002
0.006
0
0.156
0.032
0.012
0
0.012
0.57
0.002
0.11
0.024
0.032
0.026
0.89
0.008
0.009666782039
0.008
0.042
0.002
0.06383477766
0.828
0.012
0.004
0.666
0.034
0.054
0.014
0.01
0.046
0.05
0.018
0.036
0.28
0.128
0.002
0.018
0.036
0
0.028
0.018
0.026
0
0.008
0.008
0.348
0.006
0.01
0.014
0.004
0.078
0.012
0.008
0
0.016
0.006
0.01787711871
0.266
0.006
0.018
0.016
0.008
0.004
0.01
0.022
0.008
0.018
0.002
0.026
0.004
0.018
0.008
0.136
0.046
0
0.01987598512
0.206
0.016
0.026
0.012
0.568
0.018
0.014
0.008
0.012
0
0.01
0.03
0.23
0.014
0.016
0.006
0.034
0.2455475929
0
0.002
0
0.008
0.02
0
0.004
0.044
0.016
0.002
0.2559367956
0.2499575152
0.012
0.008
0.052
0
0.028
0.034
0.018
0.002
0
0.004
0
0.002
0.016
0.17
0.012
0.004
0
0.028
0.046
0.592
0.006
0.094
0.914
0.022
0.74
0.056
0.286
0.006
0.016
0.018
0.076
0.012
0.232
0.008
0.004
0.006
0
0.008
0.504
0.002
0.024
0.252
0.006
0.048
0.022
0.016
0.042
0
0.034
0.006
0
0.024
0.008
0.01
0.02
0.02
0.03
0.01597405517
0
0.01
0.092
0.608
0.016
0.044
0.038
0.022
0.02
0.002
0.016
0.434
0.024
0.014
0.01987694128
0.024
0.01
0.132
0.046
0
0.02
0.002
0.022
0.009767256185
0.022
0.04
0
0
0.014
0.792
0.5259676088
0.014
0.018
0.008
0.002
0.034
0.2799362448
0
0.208
0.01
0.062
0.992
0.002
0.008
0.02
0.004
0.044
0.008
0.004
0.002
0.006
0
0.06
0.054
0
0.436
0.002
0
0.072
0.02
0.016
0.007768358198
0.006
0.02
0.004
0
0.028
0.002
0.042
0.004
0.002
0.004
0.008
0.01
0.212
0.05
0.084
0
0.004
0.006
0.006
0.008
0.006
0.062
0.22
0
0.024
0.002
0.048
0.128
0.01
0.002
0.024
0.008
0.028
0.002
0.004
0.18
0.018
0.002
0.07
0.012
0.684
0.01
0.016
0.004
0.01
0.002
0.01
0.034
0.012
0.012
0.246
0.026
0.004
0.038
0.004
0
0.008
0.044
0.012
0.014
0.05381838951
0.048
0.042
0.012
0.002
0.024
0.082
0.236
0.076
0
0.008
0.026
0
0.024
0.588
0.138
0.03181521998
0.01
0.004
0
0.004
0.008
0.046
0.04
0.024
0.004
0.014
0.128
0.026
0.002
0.004
0.552
0.05593563583
0.01
0
0.006
0.008
0.006
0.05
0.004
0.038
0.004
0.002
0.128
0.006
0.018
0.052
0.006
0.002
0
0.002
0.012
0.238
0.002
0.086
0.07
0.022
0.006
0.216
0.684
0.006
0.086
0.05576814824
0.276
0.014
0.6237669065
0.064
0
0.004
0.026
0.006
0.012
0.004
0.018
0.056
0.026
0.2137378214
0
0.042
0.01
0.144
0
0.014
0.014
0.02987722714
0.018
0.006
0.008
0.608
0.004
0.014
0.02
0.018
0.026
0.016
0.018
0.102
0.082
0.692
0.054
0.016
0.064
0.036
0.012
0.05
0.016
0.016
0.078
0.058
0
0.018
0.01
0.026
0.01
0.002
0.006
0.334
0.018
0
0.036
0.006
0.02
0.032
0.02
0.01
0.016
0.126
0.02
0.106
0.006
0.108
0.016
0.04
0.002
0.09
0.046
0.006
0.04
0.008
0.006
0.014
0.002
0.002
0.898
0.048
0
0
0.014
0.006
0.01
0.024
0.15
0.004
0.004
0.01
0
0.012
0.008
0.518
0.014
0.07193626051
0.002
0.008
0.028
0.028
0.052
0.114
0.004
0.006
0.008
0.006
0.012
0.006
0
0
0.39
0.01
0.008
0
0.03981929344
0.03
0.004
0.02376510649
0.022
0.006
0.002
0.002
0.018
0.004
0.01
0.034
0.01
0.002
0.118
0.244
0.004
0.394
0.006
0.054
0.034
0.002
0
0.018
0.124
0.3195813248
0.026
0.002
0.002
0
0
0.032
0.008
0.008
0
0.006
0.002
0.006
0.032
0.022
0.012
0.004
0.008
0.02
0.03771428443
0.006
0.042
0.022
0.004
0.01
0.098
0.48
0.002
0.016
0.058
0.05
0.186
0
0.032
0.006
0.018
0.052
0.07
0.062
0.01
0.024
0.014
0
0.164
0.568
0.054
0.002
0.004
0.558
0.006
0.01
0.154
0.04
0.002
0.034
0.032
0.048
0.014
0.006
0.016
0.026
0.02
0.002
0.004
0.004
0.016
0.04
0.026
0
0.06187506839
0.346
0.008
0.074
0.174
0
0.024
0.02776702887
0.028
0.004
0.016
0.818
0.038
0.008
0.014
0.018
0.004
0.024
0.038
0.012
0.02
0.07
0.084
0.234
0.002
0.02
0.008
0.006
0.06
0.004
0.004
0.002
0
0.006
0.006
0.012
0.012
0.046
0
0.02723607933
0.018
0.002
0.072
0.06
0
0.014
0.018
0.022
0.1319054022
0.002
0.018
0.03
0.036
0
0.016
0.02
0.886
0.024
0.006
0
0.038
0.866
0.1
0.01
0.038
0.016
0.2338764977
0.068
0.038
0.042
0.012
0.026
0.102
0.03376575289
0.156
0.578
0.024
0.154
0.006
0.028
0.324
0.014
0.022
0.024
0.02787584711
0.155936292
0.002
0.008
0.022
0.074
0.202
0.006
0.002
0.014
0.016
0
0
0.004
0.006
0
0.008
0.634
0.008
0.004
0.002
0.014
0.016
0.006
0.008
0.002
0.014
0.002
0.03
0.004
0.01
0.036
0.00792398803
0.02
0.006
0.022
0.006
0.012
0.034
0.386
0.002
0.032
0.046
0.038
0.008
0
0.012
0.04
0.008
0.048
0.01
0.204
0
0.044
0.01
0.006
0.05
0.018
0.006
0.042
0.106
0.022
0.002
0.002
0.016
0.004
0.01
0.154
0.032
0.012
0.066
0.006
0.02
0.002
0
0.024
0.022
0.3152637214
0.012
0
0.01376967096
0.02193557807
0.004
0.002
0.004
0.01
0
0.412
0.098
0.72
0.016
0.032
0.138
0.006
0.002
0.17
0.012
0.01
0.04176729116
0
0.048
0.008
0.01
0.03
0.0378764977
0.006
0.014
0.062
0.01
0.066
0.004
0.006
0.868
0.022
0.002
0.004
0.01
0.008
0.032
0.004
0.358
0.024
0.004
0.062
0.026
0.124
0.01
0.01
0.014
0.046
0.016
0.004
0.03
0.554
0.012
0.004
0.024
0.01
0.034
0.008
0.004
0.412
0.03
0.01
0.018
0.018
0.028
0
0.066
0.014
0.01
0.01
0.382
0.022
0.012
0.02
0.004
0.006
0.01
0.014
0.02
0.022
0.06
0.044
0.014
0.026
0.012
0.01
0.018
0.018
0.016
0.014
0.004
0
0.002
0.004
0.042
0.008
0.036
0.026
0.03
0.03
0
0.01
0.696
0.014
0.098
0.08
0.002
0.02193684285
0.008
0.014
0.014
0.026
0.002
0.014
0.012
0.02
0.006
0.004
0.006
0.012
0.01
0.014
0.248
0.002
0.012
0.002
0
0.064
0.72
0.004
0.01
0.002
0.076
0.002
0.002
0.042
0.004
0
0.002
0.012
0.022
0.008
0.016
0.036
0.022
0.016
0.012
0.1
0.556
0.074
0.044
0.992
0.03
0.028
0.036
0.094
0.032
0.052
0.038
0.02
0.004
0.11
0.098
0.012
0.004
0.026
0.004
0.016
0.132
0.04
0.022
0.03793653861
0.006
0.004
0.036
0.012
0.002
0.044
0.022
0.024
0.001875679539
0.268
0.866
0.044
0.044
0.01
0.002
0.004
0.002
0.002
0.008
0.026
0.002
0.028
0.008
0.12
0.06
0.008
0.128
0.118
0.006
0.018
0.01
0.054
0.002
0.108
0.032
0.084
0.002
0.484
0.026
0.008
0
0
0.006
0
0.062
0.012
0.018
0.006
0.066
0.012
0.016
0.006
0.04
0.01
0.01381978028
0.05331781924
0.006
0.01
0.052
0.024
0.008
0.006
0.076
0.014
0.018
0.002
0.004
0.018
0.01
0.01
0.002
0
0
0.006
0.12
0.002
0
0.008
0.074
0.01
0.03591746188
0.01
0.038
0.008
0.022
0.014
0.002
0.018
0.276
0.004
0.222
0.282
0.018
0.074
0.006
0.018
0.01
0.018
0.062
0.014
0.016
0.028
0.01
0.004
0.014
0.036
0.012
0.004
0.016
0.006
0.016
0.17
0
0.02
0.002
0.036
0.004
0.022
0
0.048
0.002
0.006
0.014
0.034
0.03375362626
0.01
0.008
0.044
0
0.016
0.144
0.002
0.018
0.006
0.012
0.03
0.006
0.012
0.046
0.126
0.002
0.24
0.002
0.004
0.022
0.032
0.216
0.758
0.002
0.004
0.018
0.002
0.012
0.036
0.01
0
0.002
0
0.006
0.108
0.046
0.006
0.054
0.018
0.006
0.004
0.03
0.014
0.092
0.018
0.004
0.032
0.002
0.206
0.018
0.332
0.002
0.076
0.024
0.008
0.012
0.02
0.01187513739
0.058
0.008
0.034
0.042
0.174
0.406
0.006
0.046
0.04
0.024
0.126
0.038
0.036
0.008
0.04
0.082
0.06
0.008
0.008
0.014
0.002
0.002
0.08
0.744
0.002
0.816
0.002
0
0.012
0.002
0
0.002
0.036
0.022
0.018
0.004
0.01
0.004
0.012
0
0.02
0.028
0
0
0.006
0.01
0.026
0.7656066761
0
0.05
0.268
0.01
0.006
0.048
0
0.036
0.124
0.008
0.016
0.016
0.02
0.004
0.07193521567
0.024
0.002
0.016
0.014
0
0.004
0.002
0.032
0.05
0.026
0
0.01
0.024
0.004
0.002
0.1
0.066
0.002
0.022
0.064
0
0.006
0.004
0.032
0.054
0.002
0
0.008
0.066
0.014
0.028
0.054
0.026
0.028
0.004
0.008
0.048
0.004
0.058
0.004
0.04
0.006
0.268
0.03
0.002
0.006
0.022
0.402
0.002
0.016
0.004
0.012
0.002
0.02
0.002
0.016
0.014
0.014
0.002
0
0.014
0.03
0.472
0
0.426
0.034
0
0.004
0.042
0
0.018
0.016
0.196
0
0.012
0.01
0.01
0.03157685051
0.11
0.002
0.004
0.008
0.044
0.01
0.048
0.96
0.084
0.022
0
0.004
0.728
0.052
0.072
0.022
0.026
0.222
0.064
0.038
0
0.074
0.008
0.132
0.014
0.016
0.016
0.008
0.002
0.01187715814
0.532
0.01
0.01
0.14
0.006
0.018
0.668
0.024
0.006
0.002
0
0.004
0.012
0.006
0.006
0.058
0.506
0
0.03
0.014
0.096
0.148
0.054
0
0.01
0
0.026
0.252
0.05
0.012
0.028
0.016
0
0
0.012
0.03
0.024
0.002
0.012
0
0.048
0.002
0.016
0.072
0.018
0.074
0.004
0.052
0.008
0.012
0
0.026
0.012
0.628
0.012
0.048
0.004
0
0.262
0.064
0.018
0.898
0.016
0.008
0.026
0.08
0.004
0
0.022
0.002
0
0.026
0.038
0.06
0
0
0.002
0.002
0.082
0.022
0.004
0.002
0
0.004
0.002
0.062
0.012
0.004
0.006
0.002
0.396
0.004
0.008
0.082
0
0.038
0.81
0.022
0.012
0.978
0
0.004
0.018
0.004
0.04
0
0.006
0
0.162
0.046
0.158
0.036
0.008
0.012
0.028
0.006
0.02593598759
0
0.016
0.018
0.002
0.028
0.004
0.002
0.002
0.018
0.274
0.024
0.006
0.004
0.008
0.112
0.388
0.778
0.004
0.008
0.022
0.08176690647
0.008
0.002
0.012
0.006
0.01
0.012
0.016
0.02
0.026
0
0.026
0.484
0.01
0.002
0.014
0.014
0.022
0.554
0.004
0.006
0.022
0.054
0.308
0.006
0.024
0.152
0.002
0.568
0.008
0.02567205011
0.882
0.094
0.248
0
0.026
0.082
0.036
0.006
0.028
0.012
0.002
0.626
0
0.006
0
0.006
0.406
0.068
0.002
0.03
0.012
0.214
0.002
0.014
0.034
0.016
0.002
0.002
0.004
0.016
0.034
0.054
0.046
0.004
0
0.006
0.02
0.016
0.004
0.052
0.032
0.13
0.018
0.014
0.016
0.042
0.006
0.03
0.226
0.564
0.71
0
0.026
0.01
0.01
0.022
0.002
0.008
0.004
0
0.13
0.034
0.082
0.166
0.004
0.116
0.026
0.012
0.012
0.024
0.082
0.022
0.026
0.01
0.026
0.004
0.058
0.006
0.002
0.008
0.006
0.022
0.002
0.662
0.002
0.812
0.038
0.166
0.036
0
0.006
0.15
0.016
0.002
0.002
0.15
0.006
0.03
0.008
0.006
0.062
0.006
0.01
0.032
0.1195841584
0.004
0.028
0.014
0.06987736514
0.042
0.004
0.038
0.01
0.07
0.3
0.012
0.068
0.002
0.014
0.008
0.006
0.02
0.072
0.008
0.002
0.682
0.01
0.004
0.024
0.1377756333
0
0.01
0.004
0.01
0.006
0.002
0.002
0
0
0.004
0.076
0.03
0.018
0.014
0.004
0.03
0.018
0
0.01987648784
0.012
0.022
0.01
0.004
0.038
0.008
0.018
0.034
0.004
0.01
0.008
0.004
0
0.034
0.01
0.028
0.032
0.002
0.07
0
0.014
0.012
0.002
0.002
0.14
0.004
0.004
0.008
0.024
0.008
0.006
0.024
0.026
0.006
0.026
0.002
0.008
0.264
0.042
0
0.006
0.962
0.014
0.84
0.038
0.258
0.008
0.002
0.012
0.024
0.538
0.036
0.002
0.006
0.018
0.006
0.06
0.048
0.482
0.27
0.016
0.028
0
0.05
0.066
0.858
0.012
0.012
0.006
0.032
0.002
0.024
0.002
0.004
0.028
0.01
0.008
0.026
0.106
0.016
0.03
0.074
0.102
0.02
0.014
0.102
0.016
0
0.122
0.258
0.008
0.02187423051
0.042
0
0.014
0.03
0.004
0.012
0.024
0.05
0.004
0.028
0.016
0.008
0.04
0.008
0.036
0.014
0.01991593476
0.012
0.016
0.004
0
0.0179571115
0.004
0.032
0.02
0
0.014
0.002
0
0.002
0.004
0.46
0.022
0.024
0
0.018
0.056
0.0216698467
0.008
0.01
0.02
0.02
0.006
0.01
0.06
0.04
0.094
0.008
0.05079855533
0.014
0.046
0.32
0.32
0.008
0.014
0.138
0.036
0.014
0
0
0.008
0.138
0.1238762907
0.012
0.014
0.01
0.024
0
0.002
0.002
0.03
0.01
0.006
0.034
0.004
0.002
0.116
0.016
0.036
0
0.008
0.018
0.02
0.032
0.024
0.002
0.054
0.02391487263
0.014
0.006
0.006
0.356
0.004
0.002
0.002
0.03323776386
0.002
0.014
0.004
0.008
0.012
0.02
0.008
0.56
0.028
0.024
0.668
0.036
0.136
0.004
0.698
0.038
0.01
0.034
0
0.066
0.188
0.01
0.01
0.01
0.008
0.009906973194
0.05
0.002
0.026
0.032
0.07
0.208
0.016
0.002
0.01
0.006
0.014
0.758
0.01
0.01
0.012
0.004
0.008
0.012
0.45
0.012
0.064
0.03
0.238
0.004
0.016
0.036
0.922
0.004
0.06
0
0.038
0.872
0.024
0.15
0
0.004
0.006
0.064
0.168
0.18
0
0.02
0.028
0.038
0.026
0.008
0.016
0.006
0.026
0.014
0.002
0
0.056
0.048
0.164
0.086
0.01
0.016
0.012
0.016
0.008
0.004
0.004
0.004
0.004
0.014
0.004
0.034
0.034
0.04
0.884
0.016
0.01
0.082
0.024
0.016
0.234
0.002
0.008
0.01
0.132
0.02
0.154
0.04387773972
0.096
0.008
0.004
0.002
0.012
0.002
0.012
0.02
0.062
0.008
0.002
0.012
0.004
0.028
0.06
0.16
0.02
0.014
0.022
0.02
0.008
0.04
0.002
0.412
0.004
0
0.018
0.03
0.006
0.018
0.006
0.004
0.008
0.002
0.1
0.03
0.01
0.04
0.038
0.006
0.014
0.01
0.068
0.036
0.018
0.334
0.006
0.006
0.034
0.008
0.06
0.012
0.01
0.028
0
0.018
0.01
0.018
0.02
0.002
0.1
0.008
0.014
0.004
0.038
0.01
0.07
0.018
0.002
0.006
0.002
0.04980074107
0.056
0.056
0
0.004
0
0.008
0.018
0.414
0.024
0
0.012
0.028
0.04
0.004
0.022
0.006
0.006
0.012
0
0.012
0.01
0.05387598512
0.082
0.016
0.01
0.11
0.006
0.08187491067
0.078
0
0.004
0.048
0.012
0.018
0.018
0.012
0.006
0.012
0.022
0.012
0.022
0.012
0.01
0.066
0.668
0.002
0.02
0.032
0.944
0
0.03
0.2219575116
0.028
0.024
0.684
0.034
0.008
0.512
0.002
0.018
0.018
0.014
0.006
0.022
0.004
0.08
0.008
0
0.108
0.044
0.02
0.016
0.02
0.066
0
0.026
0.008
0.004
0.014
0.022
0.054
0.006
0.604
0.012
0.01
0.002
0.016
0
0
0.026
0
0.002
0.026
0.014
0.038
0.01
0.152
0.006
0.028
0.014
0.006
0.002
0.008
0.01
0.272
0
0
0.006
0.022
0.044
0.008
0.578
0.02
0.002
0.222
0.004
0.098
0.006
0.004
0.01
0.164
0.06
0.002
0.052
0.34587565
0.062
0.002
0.02
0.074
0
0.01
0.08354958087
0.028
0
0.112
0.458
0.01
0.467875719
0.018
0.044
0
0.016
0.016
0.004
0.002
0.01
0.008
0.05190697319
0.014
0
0.002
0.086
0.036
0.02
0.002
0.002
0.002
0.006
0.024
0.148
0.012
0.002
0.002
0.156
0.278
0.004
0.042
0.076
0.004
0.01
0.006
0.014
0.002
0.022
0.004
0.004
0.062
0.006
0.006
0.004
0.122
0.028
0.044
0.026
0.024
0.11
0.34
0.012
0.008
0.026
0.002
0.004
0.042
0.012
0.054
0.008
0.128
0.078
0.006
0
0.026
0.014
0.002
0.078
0.026
0.002
0
0.01576816574
0.032
0.044
0.006
0.024
0.002
0.038
0.01
0.002
0.014
0.08576566553
0.028
0
0.162
0.02
0.002
0.01
0.01793724663
0.004
0.044
0.042
0.0537695484
0.018
0.008
0.004
0
0.002
0.002
0.016
0.018
0.046
0.054
0.002
0.012
0.008
0.04
0.022
0.002
0
0.032
0.022
0.006
0
0.004
0.012
0.176
0.026
0
0.006
0.66
0.13
0.008
0.002
0.018
0.002
0.056
0.036
0.004
0.004
0.042
0.048
0.004
0.644
0.848
0.516
0.004
0.022
0.006
0.03
0
0.006
0.008
0.004
0.018
0.132
0.01
0.798
0.006
0.09
0.002
0.002
0.008
0.012
0.48
0.008
0.0698764977
0.164
0
0.074
0.814
0.004
0.028
0.03393577235
0
0.016
0.044
0.002
0.012
0.006
0.034
0.062
0.002
0.002
0.022
0.034
0.006
0.11
0.014
0.67
0.052
0.026
0
0.552
0.078
0.056
0.01
0.006
0.02
0.01
0.02
0.004
0.042
0.03
0.026
0.008
0.088
0.04576695893
0.13
0.028
0.032
0
0.05976407621
0.026
0.008
0.006
0.064
0.036
0.022
0.028
0
0.012
0
0.006
0
0.494
0.004
0.7079677198
0.006
0.02
0.202
0.002
0.008
0.036
0.018
0
0.012
0.564
0.002
0.042
0.02
0.4003181368
0.022
0.104
0.002
0.02
0.022
0
0.08
0.022
0.194
0.002
0.024
0.01
0.014
0
0.046
0.002
0.022
0.09
0.006
0.004
0.006
0.004
0.01
0.006
0
0.036
0.026
0.004
0.006
0.048
0.034
0.004
0
0.006
0.002
0.028
0.004
0.036
0.042
0
0.004
0.006
0.012
0.006
0.006
0.382
0.006
0.034
0.026
0.02
0.012
0.092
0.012
0
0.05
0.004
0.07
0
0.072
0.104
0.088
0.008
0.02
0.012
0.004
0
0.002
0.016
0.014
0.002
0.018
0.05
0
0.006
0.002
0.032
0.004
0.024
0.006
0.028
0.15
0.002
0.186
0.226
0.118
0.004
0.002
0.002
0.034
0.012
0.046
0.056
0.444
0.002
0.018
0.004
0.038
0.006
0.05
0
0.014
0.012
0.152
0.006
0.072
0.024
0.034
0.02
0.016
0
0.004
0.032
0.082
0.048
0.04336721828
0.03
0.02
0.002
0.002
0.008
0
0.016
0.044
0
0.024
0.174
0.01
0.002
0.032
0.05
0.03
0.006
0.004
0.008
0.018
0.016
0.008
0.004
0.002
0.012
0.008
0.158
0.002
0.012
0.88
0.044
0.048
0.002
0.004
0.046
0.066
0.034
0.022
0.996
0.03
0.002
0.326
0.01
0.076
0
0.12
0.01
0.1
0.22
0.002
0.004
0.086
0.056
0.006
0.216
0.108
0.004
0.004
0.02
0.15
0.004
0.01
0.03
0.042
0.016
0.044
0.02
0.032
0.028
0.026
0
0.05
0.002
0.006
0.014
0.008
0.02
0.004
0
0
0
0.014
0.008
0.01
0.01
0.038
0.008
0.154
0.006
0.04
0.142
0.002
0
0
0.004
0.004
0.012
0
0.006
0.034
0
0.36
0.002
0.706
0.006
0.066
0.484
0.006
0.04
0.002
0.014
0.016
0.006
0.02
0.052
0.3279367589
0.002
0.016
0.006
0.004
0.01
0.064
0
0.684
0.058
0
0.04
0.01
0.01
0.012
0.01587725671
0.01
0.03558528261
0.002
0.6
0.022
0.062
0.012
0.212
0.036
0.03
0.06
0
0.008
0.014
0.022
0.034
0.008
0.06787779886
0.006
0.008
0
0.004
0.008
0.07
0.002
0.04
0.014
0.182
0.024
0.252
0.02
0.006
0.006
0.09
0.03
0.004
0
0.012
0.036
0.014
0
0.014
0.024
0.004
0.002
0.58
0.002
0.014
0.054
0.0098750881
0.03
0
0.028
0.008
0.006
0
0.016
0.004
0.004
0.002
0.02
0.086
0.012
0.036
0
0.006
0.01
0.004
0.136
0.028
0.002
0.032
0.008
0.008
0.092
0.046
0.02
0.004
0.04
0.01
0.014
0.002
0.02597473705
0.076
0.124
0.014
0.01
0.004
0
0.026
0.06
0.01
0.012
0.016
0.008
0.012
0.008
0.002
0.054
0.004
0.014
0
0.002
0.008
0.13
0.042
0.166
0.01
0.002
0.01
0.03
0.01
0.022
0.036
0.012
0.012
0.05
0.01
0.656
0.014
0.5764610601
0.004
0.006
0.004
0.006
0.08381838951
0.002
0.028
0.046
0.06
0.044
0.008
0.046
0.012
0.18
0.006
0.028
0.018
0.004
0.01
0.008
0.004
0.178
0.006
0.018
0.012
0.002
0.094
0.004
0.032
0.01
0
0.002
0.018
0.702
0.012
0
0.028
0.004
0.064
0.016
0.002
0.008
0
0.358
0.178
0.016
0.068
0.092
0.008
0.034
0.038
0.004
0.006
0.124
0.044
0.038
0.004
0.014
0.048
0.032
0.05176330823
0.0817898334
0.042
0.008
0.006
0.018
0.008
0.03
0.114
0.004
0
0.004
0.478
0.004
0.006
0.028
0.02593580385
0.022
0.264
0.016
0.048
0.016
0.006
0.052
0.002
0.062
0.012
0.026
0.004
0
0.016
0.002
0.01
0.032
0.034
0.254
0.032
0.02
0.022
0.012
0.002
0.002
0.01
0.022
0.026
0
0.088
0.006
0
0.008
0.002
0.012
0.012
0.008
0
0.056
0.102
0.3803133495
0.002
0.008
0.008
0.012
0.094
0.004
0.002
0.03
0.006
0.054
0.78
0.002
0.022
0.508
0.75
0.016
0.034
0.0417683582
0.014
0.03
0.006
0.018
0.008
0.006
0.006
0.008
0.006
0.01
0.012
0
0.01
0.154
0.028
0.004
0.002
0.026
0.758
0.008
0.006
0.008
0
0.016
0.008
0.084
0.066
0.006
0.002
0.032
0.01
0.004
0.008
0.862
0.026
0.05
0.026
0.032
0.022
0.024
0.01
0.032
0.042
0.002
0.006
0.002
0.04
0.066
0.01
0.004
0.054
0.04
0.046
0.012
0.002
0.038
0.012
0.16
0.014
0.02
0.168
0.018
0.002
0.002
0.036
0.028
0.012
0.31
0.012
0
0.008
0.01
0.03
0.152
0.116
0.01
0.028
0.002
0
0
0.004
0.016
0.214
0.064
0.1
0.046
0.042
0.002
0.068
0.016
0.08187620198
0.012
0.014
0.002
0.002
0.042
0.006
0.006
0.004
0.016
0
0.02
0
0.026
0.012
0.008
0.002
0
0.012
0.004
0.06
0.038
0.002
0.2
0.04
0.002
0
0.032
0.01
0.01587623155
0
0.006
0.018
0.082
0.002
0.004
0.008
0.114
0.034
0.04
0
0.03
0.174
0.006
0.002
0.036
0.004
0.01
0.006
0.006
0.008
0
0.032
0.018
0.05
0.014
0.016
0.158
0.032
0.036
0
0
0.162
0.006
0
0.038
0
0
0
0.008
0.006
0.002
0.148
0.006
0.006
0.004
0.018
0.006
0.002
0.042
0.008
0.022
0.014
0.042
0.018
0
0.008
0.018
0.004
0.014
0.01
0.004
0.036
0.01
0.012
0
0.034
0.598
0
0.006
0.004
0
0.002
0.012
0.786
0.004
0.038
0.004
0.084
0.992
0.022
0.088
0
0
0.054
0.1
0.008
0.008
0.7510721852
0.024
0.018
0.02
0.026
0.0138749501
0.004
0.006
0.012
0
0.002
0.02
0.07
0.008
0.014
0.016
0.006
0
0.002
0.018
0
0.318
0.016
0
0.036
0.092
0.002
0.012
0.006
0.104
0.014
0.036
0.056
0.126
0.01
0.034
0.008
0.108
0
0.002
0.003877158136
0.04
0.008
0
0.002
0.038
0.026
0.04
0.008
0.6
0.006
0
0.024
0.008
0.016
0.016
0.01
0.144
0.001765560695
0.02
0.004
0.014
0.576
0.518
0
0.004
0.024
0.012
0.012
0.002
0.018
0.18
0.024
0.002
0.012
0.016
0.006
0.026
0.542
0.03
0.006
0.008
0.024
0.006
0.004
0.04
0.114
0.036
0.01
0.122
0.003767815857
0.048
0.04
0.01
0.116
0.006
0.008
0.01976566553
0.014
0.048
0.014
0.012
0.004
0.024
0.046
0.22
0.008
0.006
0.002
0.07
0.01
0.328
0.004
0.044
0.042
0.002
0.008
0.012
0.018
0.006
0.016
0.01
0.002
0.058
0
0.034
0.042
0.008
0.056
0.1918765174
0.002
0.006
0.008
0.688
0.018
0
0.008
0.006
0.244
0.04
0.356
0.142
0.728
0.006
0.004
0.218
0.03
0.052
0.01
0.062
0.05
0.01
0.332
0.01
0.012
0.032
0
0.034
0.002
0.018
0.038
0.016
0.02
0.31
0.008
0.044
0.018
0
0.014
0.008
0.05
0.27
0.032
0.012
0.006
0.008
0.212
0.03
0.01
0
0.008
0.018
0
0.006
0.006
0.002
0.098
0.054
0
0.044
0.482
0.014
0.02
0.004
0.006
0.342
0.018
0.006
0.002
0.032
0.018
0.002
0.114
0.008
0.034
0.014
0.016
0.03
0.008
0.066
0.018
0.012
0.004
0.014
0
0.004
0.002
0.004
0.02
0.086
0.022
0.012
0.034
0.008
0.002
0.026
0.008
0.01
0.006
0.002
0.06
0.002
0.008
0.092
0.778
0.08
0.078
0.004
0.564
0.002
0.2097486279
0.034
0.026
0.036
0.016
0.016
0.048
0.00993637071
0.006
0.006
0.008
0.01
0.02
0
0.024
0.032
0.006
0.014
0.044
0
0.006
0.004
0.01
0.014
0.024
0.04776814824
0
0.02
0.008
0.01
0.274
0.008
0.006
0
0.05
0.09
0.006
0.008
0.018
0.003875847113
0.032
0.042
0.016
0.024
0.044
0.04
0.002
0.026
0.012
0.07387767072
0.1578776411
0.006
0.128
0.034
0.126
0.02
0.01
0.062
0.012
0.15
0.022
0.02995644996
0.038
0.024
0.05
0
0.028
0.05
0.002
0.014
0.008
0.02
0.024
0.004
0.026
0.002
0.007967576256
0.064
0.802
0.07
0.004
0.038
0.04
0.002
0.01981929344
0.016
0.01
0.01187714828
0.008
0.01
0.006
0.006
0.03393647565
0.044
0.038
0.01576907573
0.022
0.008
0.072
0.048
0.034
0.032
0.02396765483
0.016
0.006
0.056
0.034
0.018
0.006
0.018
0.064
0.024
0.002
0.01
0
0.014
0.002
0.012
0.006
0.008
0.154
0.126
0.04
0.144
0.01
0.016
0.014
0.108
0.012
0.028
0.03
0.01
0.012
0.034
0.002
0
0
0.07782125523
0.056
0.014
0.509582362
0.05
0.005765176364
0
0.014
0.022
0.062
0.032
0.006
0.1177673261
0.006
0.018
0.062
0.004
0.016
0.614
0.044
0.036
0.012
0.304
0.002
0.04
0.026
0.01
0.278
0.014
0.006
0.012
0.142
0.1456722847
0.064
0
0.014
0.064
0.908
0.014
0.02
0.014
0.002
0.008
0.01
0.022
0
0.01
0.044
0.028
0.038
0.184
0.004
0.008
0.02
0.008
0
0.006
0.112
0.064
0.036
0.024
0
0.012
0.004
0.018
0.04
0.018
0.214
0.006
0.004
0.018
0.026
0.02
0.026
0.106
0.02193578285
0.002
0.006
0.008
0.002
0.656
0.008
0
0.002
0.016
0.016
0.096
0
0.288
0.002
0.012
0.018
0.082
0.016
0.01
0.052
0.796
0.04
0.004
0.01
0.004
0.106
0.022
0.016
0.006
0.026
0.008
0.004
0.66
0.054
0.01593612406
0
0.016
0.004
0.83
0.022
0.01
0.066
0.002
0.04393714701
0.096
0.016
0.018
0.05
0.016
0.428
0.002
0.024
0.02
0
0.014
0.096
0.014
0.018
0.012
0.004
0
0.03
0.1199682693
0.006
0.012
0.024
0.044
0.046
0.074
0.016
0.01
0.03195674329
0.018
0.006
0.058
0.018
0.02
0.006
0.042
0.028
0.052
0.01
0.002
0.006
0.044
0.008
0.062
0.006
0.86
0.006
0.014
0.018
0.008
0.004
0.004
0.324
0.004
0.004
0.01
0.012
0.684
0
0.008
0.03
0.004
0
0.03
0.038
0.004
0.014
0.036
0.054
0.004
0.07187633012
0.024
0.436
0.006
0.006
0.008
0.014
0.044
0.026
0
0.008
0.034
0.016
0.02960358011
0.005876241406
0.054
0.016
0.006
0.002
0.296
0.002
0.046
0.002
0.066
0.006
0.004
0.234
0.046
0.016
0.02171541783
0.034
0.032
0.72
0.006
0
0.01
0.39
0.002
0.114
0.1258776411
0.006
0.108
0.004
0.012
0.03
0.026
0.02776584026
0.052
0.094
0.036
0.288
0.042
0.014
0.13
0.042
0.009667483248
0
0.014
0.002
0.846
0
0.02
0.064
0.048
0.014
0.04
0.376
0.006
0.052
0.026
0.022
0.008
0.012
0.024
0.134
0.004
0.966
0.204
0.006
0.52
0.002
0.002
0.042
0.026
0.024
0.014
0.114
0.1119565501
0.012
0.706
0.036
0.032
0
0
0.008
0.012
0.018
0.418
0.166
0.028
0.02
0.014
0.058
0.686
0.042
0.008
0
0.002
0.01
0.032
0.018
0.016
0.03
0.004
0.008
0.004
0
0
0.006
0.002
0.006
0.004
0.048
0.01
0.01
0.014
0.012
0.014
0.086
0.004
0.016
0.004
0.004
0
0.02993619754
0.508
0.016
0.688
0.028
0.007767920814
0.006
0.026
0.004
0.02
0.006
0.01
0.014
0.008
0.018
0.868
0.028
0.004
0
0.004
0.022
0.88
0.028
0.016
0.002
0.002
0.108
0.008
0.01
0.092
0.01
0.006
0.012
0.04987761157
0
0.008
0.03
0.01
0.006
0.01
0.006
0.02
0.004
0.05387734542
0.006
0.028
0.03
0.008
0.014
0.012
0.074
0.046
0.034
0.052
0.008
0.08
0.02
0
0.026
0.026
0.044
0.014
0.14
0.05
0.01
0.018
0
0.84
0.012
0.038
0.001936260512
0.192
0.04
0.002
0.024
0.004
0.136
0.006
0.022
0.094
0.002
0.414
0.046
0.158
0.026
0.006
0.01
0.02
0.03
0
0.06176778087
0.008
0
0.002
0.01
0.004
0.012
0.01
0.014
0.014
0.002
0.882
0.902
0.002
0.006
0.1
0.046
0.042
0.034
0.094
0.104
0.038
0.486
0.038
0.016
0.006
0.022
0.016
0.024
0.002
0
0.002
0.046
0.004
0.05
0
0.018
0.036
0.332
0.012
0.054
0.026
0.004
0.008
0.022
0.506
0.92
0.018
0.012
0.006
0.012
0.056
0.014
0.102
0.052
0.028
0.208
0.006
0.004
0.004
0
0.056
0.012
0
0.018
0.012
0.016
0.012
0
0.01
0.002
0.004
0.026
0.074
0.012
0.002
0.03
0.002
0.024
0
0
0.134
0.038
0.01587620198
0.01
0.002
0.012
0.01
0.016
0.206
0.008
0
0.144
0.048
0.782
0.008
0.002
0.212
0.453590145
0.008
0.008
0.044
0.032
0.048
0.002
0.02
0
0.02
0.02
0.5856091199
0.074
0.004
0
0.006
0.01
0.008
0.014
0.004
0.012
0.032
0.01
0.018
0.04
0.022
0.006
0
0.008
0
0.006
0.292
0.016
0.026
0.016
0.044
0.464
0.002
0.01
0.006
0.046
0.004
0.082
0.004
0.064
0.098
0.002
0
0.072
0.932
0.038
0.026
0.008
0.018
0.016
0.066
0.012
0.002
0.012
0.022
0.004
0.016
0.012
0
0.032
0.024
0.034
0.088
0.004
0.008
0.024
0.002
0.014
0.05
0
0.006
0
0.034
0.002
0.068
0.006
0.006
0
0.004
0.004
0.004
0.042
0.012
0.02
0.034
0.4135842989
0.0818769807
0.02
0.002
0.008
0.006
0.026
0.044
0.012
0.01
0.2
0.056
0.042
0.042
0.008
0.024
0
0.007643992042
0.012
0.03
0.002
0.032
0.032
0.01
0.006
0
0.326
0.002
0.008
0.194
0
0.078
0.362
0.01
0.012
0.05
0.09
0.09
0
0.012
0.032
0.01
0.004
0.004
0.058
0
0.03
0.012
0.004
0.008
0.184
0.004
0.336
0.004
0
0.004
0.084
0.006
0.008
0.004
0.046
0.032
0.248
0.052
0.002
0.008
0.008
0.036
0.276
0.012
0.012
0.006
0.002
0.004
0.028
0.05
0.058
0.102
0.068
0.02
0.008
0.544
0.02
0.02
0
0.05
0.014
0
0.402
0.008
0.064
0
0.002
0.052
0.032
0.028
0.04
0.002
0.016
0.02
0.02
0.038
0.024
0.044
0.018
0.014
0.048
0.018
0.008
0.002
0.04
0.032
0.004
0.2139152564
0.034
0.12
0.01787682299
0.038
0.008
0.002
0
0.01
0.048
0.016
0
0.08139695009
0.27
0.028
0.024
0.004
0.066
0
0.008
0.012
0
0.008
0.04576744855
0
0.01
0.006
0.022
0
0.032
0.052
0.004
0.036
0.046
0.004
0.016
0.022
0.002
0.114
0.048
0
0.014
0
0.004
0.022
0.056
0.004
0.024
0.002
0.098
0.04
0.082
0
0.012
0.078
0.008
0.068
0.006
0
0.02
0.024
0
0.01
0.02
0.004
0.036
0.11
0.002
0.18
0.006
0.006
0.512
0.002
0.006
0.05
0.01
0.076
0.004
0.004
0
0.018
0.042
0.01
0.004
0.01
0.03
0
0.578
0.024
0.008
0
0.002
0.424
0
0.048
0.032
0.002
0.003666618476
0.056
0
0.006
0.018
0.018
0.01395625312
0.018
0.018
0.046
0.016
0.042
0.03
0.008
0.006
0.05
0.024
0.024
0.034
0.006
0.002
0.062
0.004
0.036
0.008
0.008
0.002
0.144
0.022
0.02
0.094
0.014
0.002
0.258
0.016
0.004
0.012
0.068
0.024
0.006
0.002
0.012
0.002
0.028
0.04
0.016
0.306
0
0.014
0.036
0.008
0.028
0.002
0.242
0.004
0.006
0.004
0.034
0.02
0.756
0
0.03
0
0.064
0.006
0.004
0.03995638555
0.016
0
0
0.15
0.018
0.006
0.002
0.024
0.114
0.004
0.004
0.194
0.002
0.066
0.23
0.024
0
0
0.02
0
0.032
0.006
0.092
0.146
0.034
0.01
0.006
0.02
0
0
0.002
0.004
0.02970470455
0.568
0.006
0.026
0.014
0
0.076
0.012
0.008
0.016
0.008
0.012
0.012
0.002
0.004
0.02
0.036
0.054
0.014
0.042
0.036
0.004
0.028
0.008
0.008
0.058
0.008
0.012
0.008
0.078
0.006
0.018
0.004
0.008
0.012
0.002
0.022
0.242
0.084
0.012
0.012
0.002
0.008
0
0.91
0.11
0.004
0.034
0.002
0.098
0.016
0.068
0.024
0.012
0.052
0.014
0.11
0.014
0.098
0.008
0.148
0
0.002
0.004
0.002
0.002
0.118
0.048
0.014
0
0
0.002
0.03
0.0135102387
0.002
0.006
0.012
0.02187725671
0.758
0.004
0.024
0.028
0.01
0.014
0.146
0.072
0.016
0.032
0.008
0.02
0.014
0.03
0.014
0.026
0.008
0
0.0537524631
0
0.001669987235
0.09
0.032
0.01
0.002
0.008
0.004
0.044
0.012
0.036
0.002
0
0.01
0
0.138
0.004
0.028
0.136
0.012
0.016
0.006
0
0.066
0.004
0.004
0.002
0.26
0.002
0.01
0.002
0.006
0.008
0.008
0
0.144
0.014
0.008
0.356
0.006
0.002
0.062
0.006
0.088
0.094
0.032
0.004
0.47
0.026
0.028
0.408
0.004
0.01
0.042
0.014
0.01
0
0.01
0.006
0.05
0.006
0.08
0.028
0.012
0.004
0.302
0.288
0.002
0.024
0.026
0.006
0
0.046
0.002
0.012
0.02
0
0.008
0.002
0.002
0.016
0.01
0.004
0
0.018
0.008
0.01
0
0.02
0.018
0.004
0.014
0.016
0.012
0.016
0.014
0.044
0.018
0.078
0.022
0
0.004
0.05776409367
0.002
0.394
0.052
0.002
0.444
0.012
0.002
0
0.062
0.004
0.004
0.788
0.006
0.066
0.014
0.424
0.006
0.002
0.04
0
0.002
0.096
0.014
0.026
0.764
0.114
0
0.008
0.122
0.012
0.294
0.012
0.01
0.2038767638
0
0.118
0.012
0.018
0.966
0.068
0.374
0.012
0.008
0.018
0.012
0.008
0.036
0.042
0.006
0.008
0.018
0.004
0.144
0.002
0.014
0.054
0.06136721828
0.458
0.004
0.014
0.012
0.002
0.014
0.02
0.01
0.004
0.002
0.416
0.094
0.038
0.02
0.042
0.014
0.116
0.04
0
0.002
0
0.016
0.002
0.828
0.014
0.024
0.022
0.024
0.03
0.004
0.002
0.01
0
0.004
0.01
0.012
0.002
0.642
0.006
0.012
0.016
0.004
0.004
0.064
0.028
0.302
0.05993724663
0.036
0.05176695893
0.1758748022
0.012
0.02
0.002
0.038
0.014
0.008
0.018
0
0
0.066
0.352
0.022
0
0.004
0.004
0.008
0.004
0.018
0
0.9098774736
0.006
0.004
0.582
0.094
0
0.01
0.004
0
0.002
0
0.016
0.086
0.014
0.066
0.036
0.002
0
0.004
0.092
0.012
0
0.018
0.058
0.032
0.014
0.008
0.07
0.044
0.004
0.008
0.02
0.03
0.032
0.4377388052
0.006
0.002
0.006
0.01
0.062
0.012
0.002
0.22
0.3795663074
0.112
0.022
0.236
0.1
0.002
0.024
0.022
0.006
0.046
0.04
0.324
0.004
0.044
0
0.09767094735
0
0
0.012
0.008
0.014
0
0.002
0.024
0.008
0.084
0.004
0.016
0.024
0.267875581
0.006
0.082
0.016
0.082
0
0.108
0.024
0.052
0.002
0.03
0.008
0.006
0.102
0.024
0.02
0.018
0.014
0.008
0.002
0.01
0.462
0.018
0.002
0.032
0.006
0.004
0.098
0.018
0.244
0
0.024
0
0.002
0.008
0.002
0.002
0
0.038
0.002
0.002
0.004
0.02
0
0.092
0.028
0.006
0.068
0.05976702887
0.004
0.01
0.006
0.088
0.04787567954
0
0.004
0.028
0.014
0.786
0.004
0.026
0
0
0.052
0.002
0.004
0.004
0.0138767047
0.014
0.018
0.026
0.002
0
0.02
0.024
0.028
0.002
0.028
0.224
0.02
0.004
0.004
0.002
0.002
0.006
0.024
0.016
0.01
0.006
0
0.008
0.014
0.034
0.042
0
0
0.008
0
0.018
0.202
0.002
0.024
0.002
0.828
0
0.1538759555
0.002
0
0.024
0.026
0.006
0.042
0
0
0.03
0.026
0.01
0.008
0.018
0.052
0.004
0.014
0.012
0.038
0.004
0.084
0.018
0.014
0.008
0.004
0.048
0.01
0.004
0.056
0.042
0.054
0.004
0
0.484
0.036
0.876
0.002
0.006
0.004
0.044
0.02
0.006
0.014
0.024
0.014
0.23
0.022
0
0.048
0.59
0.012
0.018
0.05176549081
0.018
0.55
0.016
0.004
0.146
0.02
0.104
0.03
0.064
0.036
0.052
0.002
0
0.02987726657
0.01
0.006
0.034
0
0.014
0.006
0.06976566553
0.01
0.014
0.044
0.062
0.156
0.022
0.02
0.002
0.022
0
0.144
0.786
0.012
0.038
0.006
0.022
0.004
0.08593553081
0.012
0.002
0.074
0.024
0.008
0.006
0.138
0.014
0.012
0.008
0.03
0.004
0.02
0.004
0.056
0.208
0.008
0.004
0
0
0.04
0.008
0.332
0.008
0.022
0.014
0.046
0.008
0.058
0.006
0.01
0.012
0.006
0.114
0.024
0.002
0.004
0.672
0.176
0.024
0.03
0.01
0.006
0.002
0.006
0.016
0
0.642
0.024
0.042
0.01
0.006
0.492
0.018
0.004
0.004
0.026
0.016
0.004
0
0.02
0.114
0.334
0.01987332341
0.284
0
0.004
0.436
0.102
0.17
0.002
0.008
0.032
0.804
0.012
0.73
0.004
0.042
0.026
0.026
0.088
0.002
0.68
0.02
0.026
0.084
0.022
0.006
0.004
0.232
0.018
0.002
0.002
0.006
0.004
0.01
0.118
0.042
0.034
0.056
0.004
0.006
0.002
0.018
0
0.006
0.022
0.002
0.01
0
0.028
0.008
0.05
0.164
0.038
0.044
0
0.014
0.01
0.002
0.026
0.06
0.012
0.024
0.012
0.006
0.004
0.918
0.026
0.004
0.036
0
0.048
0.7
0.016
0.006
0.028
0.02
0.004
0.044
0.002
0.022
0
0.016
0.01
0.008
0.002
0.01
0.038
0.258
0.07
0.06
0.002
0.024
0.048
0
0.022
0.012
0.034
0
0.034
0.12
0.002
0.076
0.01
0.088
0.01
0.014
0.272
0.09964515803
0.016
0.006
0.006
0.086
0
0.046
0.004
0.18
0.028
0.014
0.026
0.072
0.012
0.262
0.008
0
0.8
0.002
0.036
0.0938769117
0.034
0.006
0.038
0.008
0.022
0.034
0.114
0.008
0.038
0.048
0.014
0.038
0.016
0.066
0.006
0.014
0.008
0.002
0.006
0.01587694128
0
0.5
0.014
0.042
0.032
0.008
0.022
0.016
0.032
0.01
0.03
0.064
0.018
0.004
0.258
0.024
0
0.038
0.026
0.018
0.05
0.452
0.018
0
0.002
0.009878902881
0.122
0.014
0.008
0.006
0.008
0.058
0.088
0.038
0.08595751517
0.066
0.034
0.022
0.138
0
0.064
0.124
0
0.062
0.008
0.518
0
0.002
0.558
0.584
0.004
0.002
0.008
0
0.052
0.032
0.044
0.006
0.014
0.022
0.008
0.024
0.006
0
0.028
0.002
0.028
0.236
0.004
0.804
0.042
0.014
0.038
0.006
0.322
0.014
0.006
0.018
0.128
0.054
0.006
0.71
0.01
0.028
0.37
0
0.01
0.03
0.002
0.026
0.526
0.06
0.002
0.042
0.006
0.6
0.014
0.002
0.012
0.052
0.04
0.028
0.078
0.008
0.016
0.018
0
0.094
0.144
0.014
0.02
0.008
0.006
0.3
0.022
0.042
0.008
0.006
0.02
0.024
0.006
0.01
0.004
0.008
0.002
0.002
0.056
0.004
0
0.012
0.038
0.006
0.02
0.002
0
0.01
0.318
0.036
0.042
0.032
0
0.13
0.048
0.056
0.01
0
0.008
0.018
0.07
0.01
0.032
0.06
0.012
0.008
0.024
0.02354421442
0.002
0.036
0
0.022
0.05
0.004
0.02
0
0.01
0.01
0.03181311456
0.02
0.122
0.012
0.002
0.018
0
0.114
0.058
0.014
0.004
0.034
0.01
0.05987805515
0.044
0.034
0.024
0.006
0.058
0.004
0.008
0
0.002
0
0.134
0.004
0.028
0.038
0.018
0.01593692677
0.066
0.024
0.014
0.012
0.018
0.028
0.002
0
0.012
0
0.026
0
0.024
0.04
0.056
0.098
0.01
0.028
0.004
0.006
0.134
0.008
0.026
0.028
0.104
0
0.008
0.012
0.002
0.028
0.074
0.004
0.004
0.01
0.004
0.032
0.908
0.004
0
0.072
0.016
0.146
0.03
0.038
0.012
0.012
0.022
0.006
0.018
0.488
0.042
0.008
0.002
0.008
0.064
0.026
0.01
0.008
0.018
0.012
0
0.006
0.006
0
0.01
0.066
0.194
0.02
0.04
0.458
0.004
0.002
0.014
0.024
0.004
0.092
0.004
0.01776584026
0.134
0.02
0.112
0.012
0.046
0.318
0.002
0.03
0
0.01587628083
0.016
0.124
0.064
0.008
0.012
0.904
0.002
0.02
0.038
0.004
0.004
0.009438450146
0.532
0.002
0.006
0.004
0.028
0.002
0.018
0.352
0.012
0.554
0.002
0.018
0.038
0.004
0.018
0.002
0.004
0.02
0.014
0.684
0.01
0.002
0.022
0.008
0.178
0.006
0.002
0.014
0.036
0.002
0.07
0.008
0.018
0.016
0.008
0.01
0.002
0.026
0.05
0.108
0.014
0.018
0.124
0.71
0.116
0.058
0.086
0.032
0.01
0.02
0.046
0.012
0.01
0.202
0.06
0.016
0.196
0.01
0.01
0.012
0.002
0.0515197018
0.016
0.024
0.004
0.004
0.014
0.008
0.2157672562
0.066
0.054
0.524
0.088
0
0.594
0.016
0.012
0.024
0.098
0.0458768427
0.006
0.1237653336
0.008
0.088
0.012
0.01
0.002
0.046
0.02
0.02
0.008
0
0.012
0.002
0.01
0.014
0.018
0.006
0.776
0.014
0
0.022
0.072
0.008
0.868
0.008
0.088
0.624
0.07
0.002
0.002
0.002
0.006
0.984
0.196
0.28
0.001669167657
0.046
0.02
0.056
0.03
0.298
0.006
0.01
0.012
0.2
0.158
0.002
0
0.012
0.01
0.014
0
0.018
0.848
0.004
0
0.006
0.022
0.042
0.018
0.018
0.16
0.008
0.006
0.026
0.008
0.024
0.02
0.01
0.008
0.024
0.016
0.004
0.004
0.014
0.002
0.006
0.048
0.004
0.034
0.072
0.032
0.016
0.02
0.008
0.012
0.008
0.01575306439
0.01
0.002
0.002
0.002
0.03
0
0.014
0.014
0.006
0.888
0.028
0.006
0.002
0.018
0.04
0.028
0.006
0.01
0.1419361398
0.106
0.008
0.026
0.654
0.032
0.006
0.006
0.022
0.014
0
0.036
0.034
0.024
0.022
0.062
0.02580074107
0.084
0.092
0.004
0.002
0.03
0.042
0
0.008
0.084
0.102
0.016
0.104
0.022
0.002
0.036
0.006
0.18
0
0.014
0.73
0.016
0
0.014
0.004
0.076
0.008
0.144
0.002
0.002
0.002
0.012
0.004
0.026
0.002
0.016
0.048
0.0636679977
0.007875610537
0.688
0.018
0.008
0.028
0
0.042
0.052
0.004
0.054
0.012
0.464
0.002
0.032
0
0.022
0.016
0.006
0.444
0.066
0.01
0.016
0.002
0.03
0.182
0.014
0.014
0.004
0
0.01
0.054
0.008
0.01
0.008
0.024
0.012
0.006
0.002
0.244
0.044
0.008
0.018
0.024
0
0
0.012
0.002
0
0.07
0.006
0.012
0.77
0.366
0.124
0
0.018
0.012
0.008
0.274
0
0.774
0.004
0.058
0.028
0.016
0.038
0.034
0.088
0
0.016
0.004
0.064
0.016
0.01
0.22
0.01
0
0.226
0
0.0216676703
0.002
0.018
0.014
0.008
0
0.002
0.01
0.09795729373
0.008
0.004
0.16
0.002
0.074
0.02
0.002
0.168
0.004
0.014
0.01
0.098
0.01987725671
0.004
0.016
0.092
0.038
0.002
0.014
0.056
0.08
0.01
0.118
0
0
0
0.032
0.076
0.068
0.006
0.042
0.016
0.038
0.008
0.006
0.014
0.006
0.112
0.886
0.02
0.01
0.008
0.002
0.1318236223
0.004
0.01
0.546
0.01
0.004
0.048
0.004
0.064
0.032
0.002
0.098
0.004
0.01
0.004
0.014
0.12
0.036
0.02
0.006
0.034
0.008
0.798
0.022
0.014
0.004
0.03
0.006
0.324
0.052
0.028
0.004
0
0.092
0.008
0
0.008
0.108
0.008
0.002
0.008
0.058
0.008
0.008
0
0.018
0.56
0.008
0.008
0.038
0
0.088
0.01593642318
0.016
0.004
0
0.05187528525
0.212
0.058
0.204
0.032
0.024
0.012
0
0.014
0.026
0.014
0.014
0.006
0.342
0.004
0.014
0
0
0.046
0
0.024
0.178
0.022
0
0.022
0.002
0.012
0.006
0.02573484953
0.006
0.002
0.024
0.01
0.058
0.008
0.026
0.01
0.012
0.01
0.004
0.004
0
0.006
0
0.209877513
0.028
0.002
0
0.044
0
0.01
0.002
0.006
0.012
0.814
0.098
0.018
0
0.726
0.012
0.01
0.004
0.006
0.058
0.008
0.018
0.262
0.084
0.01
0.014
0
0.022
0.01
0.024
0.016
0.01
0.012
0.026
0.022
0.032
0.006
0.014
0.02
0.108
0.006
0.014
0.002
0.008
0.002
0.03
0.014
0.004
0.014
0.014
0.002
0.022
0
0.008
0.008
0.05
0.236
0.032
0.02
0.046
0.008
0.008
0.012
0.032
0.012
0.106
0.03793655959
0.032
0.116
0.022
0.003876596269
0.022
0.008
0.022
0.08
0.018
0.016
0.024
0.1861441557
0
0.014
0.002
0.004
0.034
0.006
0.022
0.01
0.01
0
0.006
0.01
0.026
0.774
0.006
0.012
0
0.008
0.308
0.002
0.036
0.002
0.002
0.02
0.026
0.002
0.018
0.01
0.014
0.004
0
0.004
0.012
0.016
0.022
0.14
0.004
0.022
0.014
0.002
0.078
0.028
0.002
0.018
0.48
0.022
0.61
0.002
0.016
0.124
0.012
0.016
0.044
0.032
0.048
0.008
0.024
0.018
0.126
0.004
0.006
0.032
0.002
0.006
0.016
0.01
0.16
0.024
0.008
0.024
0.72
0.01595737589
0.002
0.032
0.02
0.004
0.032
0.038
0.1281143908
0.008
0.052
0.006
0.016
0.038
0.006
0.022
0.058
0.014
0.022
0.008
0.004
0.004
0.124
0.09
0.066
0.01
0.006
0.012
0.02787680327
0.002
0.052
0.042
0
0.008
0.004
0.024
0.486
0.06187715814
0.06
0.056
0.328
0.018
0.002
0.038
0.016
0.068
0.008
0.016
0.12
0.004
0.004
0.002
0.024
0.01
0.02
0.004
0.042
0.004
0.016
0.014
0.002
0.004
0.008
0.034
0.028
0.048
0.096
0.008
0.006
0.002
0.004
0.002
0.004
0.03
0.02
0.068
0
0.32
0.064
0.002
0.1317681657
0.008
0.022
0.008
0.066
0.038
0.02
0.158
0.01
0.014
0.018
0.008
0.002
0.006
0.034
0.008
0.016
0.026
0.506
0.022
0.012
0.094
0.016
0.002
0.002
0.006
0.038
0.006
0
0.03
0.006
0.01
0.594
0.018
0
0.044
0.012
0.024
0.166
0.012
0.026
0
0.024
0
0.014
0.012
0.018
0.004
0.004
0.002
0
0.008
0.012
0.002
0.002
0.028
0.012
0.158
0.016
0.006
0.066
0.004
0.034
0.001876359693
0.014
0.002
0
0.022
0.084
0.014
0.022
0.008
0
0.016
0.194
0
0.022
0.01
0.012
0.018
0.394
0.026
0.046
0.01
0.004
0.004
0.012
0.06
0.022
0.552
0.032
0.014
0.014
0.008
0.016
0.002
0.002
0.008
0.004
0
0.006
0.012
0.016
0.048
0.058
0.028
0.004
0.012
0.078
0.08381386851
0.004
0.008
0.096
0.002
0.022
0.018
0.002
0.002
0.018
0.042
0.02187576825
0.24
0.014
0.034
0.054
0.092
0.836
0.036
0.904
0.042
0.004
0.002
0.018
0.004
0.02
0.07
0.002
0.01
0.012
0.008
0.01
0.004
0.002
0.01
0.582
0.006
0.012
0.002
0.972
0.002
0.574
0.008
0.634
0.014
0.026
0.082
0
0.856
0.012
0
0.008
0.012
0.144
0.008
0.0458781143
0.046
0.022
0.004
0.006
0.004
0
0.06187447695
0.012
0.056
0.006
0
0.044
0.004
0.01
0
0.006
0.012
0.02
0.022
0.052
0
0.012
0.05
0.01
0.004
0.9315204491
0.034
0.642
0.026
0.008
0.108
0.002
0.024
0.044
0.12
0.026
0.532
0.106
0
0
0.05181806972
0.032
0.058
0.002
0.012
0.006
0.008
0.002
0.006
0.266
0.018
0
0.022
0.01
0.004
0.044
0.004
0.064
0.016
0.008
0.002
0.006
0.004
0.042
0.018
0.002
0.005893708049
0.002
0.02
0.034
0.01
0.004
0.002
0.006
0.168
0.048
0
0.074
0.038
0.014
0.016
0.008
0.002
0.2978780749
0.01
0.01993636546
0.00987787772
0.02
0.02
0.002
0
0.014
0.116
0.022
0.102
0.026
0.006
0.018
0.036
0.004
0.052
0.034
0.008
0.038
0.104
0.052
0.034
0.004
0.008
0.212
0.002
0.042
0.002
0.024
0.01
0.868
0.004
0.066
0.014
0.008
0.012
0
0.006
0.034
0.018
0
0
0.02
0.058
0.006
0.01
0.002
0.004
0.652
0.38
0.04
0.018
0.012
0.03376330823
0.34
0.252
0.07
0.034
0.024
0.006
0.168
0
0.046
0.016
0
0.042
0.04
0.008
0.004
0.006
0.044
0.014
0.018
0.014
0.01387773972
0.006
0.242
0
0.064
0.014
0.134
0.012
0.006
0.172
0.002
0.018
0.074
0.01
0.032
0.006
0.096
0.02
0.006
0
0.01776542093
0.062
0.008
0.036
0.018
0.206
0.018
0.028
0.588
0.028
0.002
0.3679369477
0
0.004
0
0.012
0.058
0.002
0.002
0.378
0.01
0.046
0.064
0
0.036
0.018
0.01
0.002
0.134
0.034
0.1119838524
0.022
0.002
0.006
0.002
0.012
0.026
0.012
0.018
0.002
0.01
0
0.016
0.016
0.056
0.048
0.004
0.044
0
0
0.006
0.01
0.008
0
0.008
0.012
0.02
0
0.004
0.002
0.002
0.002
0.268
0.054
0.006
0.39
0.05
0.01
0.03
0.014
0
0.018
0.04387554154
0.016
0.008
0.016
0.008
0.018
0.038
0.012
0
0.002
0.016
0.026
0.078
0.002
0.014
0.002
0.02
0
0.004
0.03
0.01
0.004
0.002
0.008
0.642
0.024
0.016
0.018
0.022
0.016
0.006
0
0.008
0.036
0.022
0
0.026
0.01
0.002
0.06
0.006
0.026
0.014
0.012
0.002
0.104
0
0.012
0.006
0.014
0
0.09
0.064
0.06
0.002
0.306
0.006
0.01
0.02
0.002
0.01
0.012
0.006
0.016
0.012
0.126
0.008
0.03
0.278
0
0
0.024
0.002
0.006
0.018
0.012
0.054
0.002
0.018
0.006
0.002
0.032
0.026
0
0.026
0.004
0.02
0.7802952427
0.068
0.008
0.004
0.08
0.178
0.008
0.046
0.008
0.014
0.012
0.022
0.65
0.122
0.022
0.004
0.056
0.01
0.034
0.018
0.014
0.004
0.012
0.002
0.038
0.034
0.06
0.008
0.01
0.016
0
0.75
0
0.086
0.054
0.02
0.02
0.02
0.002
0.102
0.01
0.03
0.012
0.018
0.834
0.006
0.006
0.018
0.002
0.002
0.006
0.074
0.012
0
0.008
0.02
0.07
0.014
0.012
0.756
0.006
0.88
0.006
0.018
0.034
0.572
0.04
0.006
0.036
0
0.048
0.028
0.018
0.03
0.06946845884
0.006
0.026
0.028
0
0.022
0.012
0.012
0.028
0.02
0.016
0.012
0
0.03
0.004
0.018
0.002
0.012
0.02
0.018
0.006
0.002
0.014
0.008
0.024
0.002
0.012
0
0.002
0.006
0
0.014
0.066
0.014
0.212
0.042
0.018
0.006
0.626
0.03
0.008
0.332
0.008
0.036
0.018
0.046
0.012
0
0.004
0.036
0.002
0.91
0.03
0.2
0.02
0.032
0.004
0.018
0.004
0.024
0.026
0.01
0.008
0.704
0.054
0.002
0.06
0
0.172
0.004
0.002
0.02
0
0.012
0.002
0.008
0.02928406636
0.018
0.08
0
0.002
0.044
0.01
0.064
0.176
0.01591593476
0.074
0.01
0.006
0.018
0.116
0.002
0.028
0.026
0.006
0
0.006
0.024
0.608
0.016
0.01
0
0.006
0.01964541703
0.006
0.038
0.116
0.014
0.01
0.008
0.01
0.05
0
0.012
0.002
0.012
0.344
0.01
0.004
0
0.12
0.016
0.004
0.02
0.05
0.018
0.02
0
0.004
0.328
0.878
0.216
0.004
0.014
0.042
0.032
0.058
0.02
0.004
0
0.1677678858
0.056
0.934
0.006
0.002
0.074
0.608
0.02
0.002
0.016
0.008
0.0259362815
0.054
0.034
0.002
0.01
0.008
0.068
0.016
0.096
0.03
0.368
0.012
0
0.046
0.06387632026
0.03
0
0.014
0.006
0.004
0.02
0
0.002
0.064
0.036
0.05
0.002
0.06
0
0.014
0.014
0.004
0.032
0.002
0.044
0.004
0.01
0.008
0.004
0
0.024
0.012
0.03
0.02793580385
0.008
0.024
0.05
0.02
0.01
0.002
0.016
0.03
0.002
0.104
0.112
0.054
0.004
0.322
0.02
0.002
0.02
0.012
0.024
0.004
0
0.018
0.052
0.028
0.034
0
0.034
0
0.014
0.002
0.026
0.044
0.012
0.004
0.014
0.006
0.002
0.042
0.008
0.026
0.022
0.018
0.034
0.102
0.01
0.0299570293
0.01
0.076
0.01
0.032
0.004
0.008
0.044
0
0.01
0.05387667513
0.092
0.0299366855
0.016
0.016
0.05
0.004
0.024
0.046
0.024
0.04
0.006
0.175500566
0.56
0
0.1859362448
0.002
0
0.002
0.01
0.012
0.008
0.01
0.03176939083
0.036
0.082
0.008
0.062
0.006
0.012
0.024
0.002
0.026
0.03
0.022
0.002
0.547875236
0.012
0.008
0.146
0.306
0.084
0
0.002
0.036
0.018
0.584
0.018
0.028
0.074
0.058
0.004
0.004
0
0.022
0.002
0.014
0.37
0.016
0.004
0.058
0.03
0.066
0.012
0.03
0
0.002
0
0
0.004
0.082
0.002
0.022
0.07
0.006
0
0.112
0.172
0.134
0.054
0.02
0.006
0.018
0.554
0.012
0.394
0.002
0.108
0
0.044
0.096
0.022
0.004
0
0.002
0.022
0.016
0.01
0.03396751934
0
0.03787814387
0.006
0.018
0.038
0
0.048
0.002
0.164
0.038
0.6937697585
0.034
0.028
0.054
0.018
0.004
0.034
0.002
0.022
0.002
0.016
0
0.004
0.08
0
0.024
0.022
0.024
0.014
0
0.678
0.014
0.02
0.03
0.012
0.028
0.002
0.022
0.004
0.008
0.014
0.378
0.008
0.088
0.03
0.046
0.406
0.004
0.054
0.04
0.05
0.01
0.01
0
0
0.174
0.074
0.016
0.11
0.012
0.006
0.78
0.006
0.004
0.002
0.054
0.032
0.01
0.004
0.002
0.008
0.918
0.014
0.026
0.058
0.014
0
0.006
0.032
0.228
0.002
0.038
0
0.004
0.022
0.01
0.05
0.006
0.134
0.008
0.04
0.004
0.002
0.018
0
0.1126040875
0.002
0.498
0.01
0.04
0.006
0.002
0.02
0.002
0.012
0.006
0.04
0.002
0.022
0.002
0.006
0.008
0.02
0.01
0.022
0.006
0.036
0.014
0.002
0
0.002
0.01
0.004
0.028
0.026
0.186
0.018
0.006
0.05784987271
0.29
0.006
0.642
0.003769670959
0.06
0.012
0.016
0.04
0.042
0.044
0.02
0.004
0.03
0.004
0.018
0.004
0
0.062
0.156
0.588
0.184
0.044
0.004
0.03
0.01
0.02
0.034
0.312
0.032
0.016
0.002
0.004
0.01
0.05
0.028
0.01
0.004
0.348
0.876
0
0.004
0
0
0.016
0.004
0
0
0.794
0.036
0.002
0.196
0.022
0.004
0.008
0
0.008
0.028
0.048
0.008
0
0
0.01
0.018
0.118
0.01
0.018
0.016
0.004
0.002
0.03
0
0.012
0.002
0.012
0.012
0.064
0.258
0.044
0.016
0.002
0.04
0.004
0.004
0.042
0.382
0.004
0.01
0.02
0
0.038
0.024
0.002
0.002
0.002
0.006
0.016
0.024
0.014
0.012
0.01
0.036
0.01
0.902
0.012
0
0.036
0.03
0.004
0
0.73
0.042
0.08587578797
0.034
0.15
0.014
0.08
0.006
0.014
0.028
0.002
0.036
0.028
0.004
0.04787729614
0
0.026
0.018
0.002
0.034
0.024
0.008
0.006
0.15
0.03
0.008
0.034
0.02
0.024
0.108
0.04991632521
0.038
0.016
0.01
0.046
0.028
0.026
0.094
0.004
0.004
0.032
0.008
0.012
0.022
0.156
0
0.018
0.004
0.022
0.692
0.004
0.018
0.06977024886
0.03
0.06
0.007767903321
0.178
0.008
0.038
0.006
0.018
0.01
0.16
0.308
0.016
0.112
0.004
0.116
0.004
0
0.01
0.002
0.026
0.004
0.456
0.004
0.01
0.004
0.032
0.652
0.004
0.002
0.022
0.026
0.254
0.004
0.032
0.006
0.016
0.028
0.038
0.002
0.008
0.012
0.002
0.01
0.014
0.02
0.036
0.01
0.0816409245
0.024
0.1
0.05
0.058
0
0.016
0.104
0.01
0.004
0.032
0.02
0.098
0.016
0.016
0.034
0.03
0.03
0.01770377173
0.012
0.016
0.004
0.248
0.597876271
0.026
0.098
0.01
0.006
0.004
0.048
0.014
0.054
0.02
0
0
0.01
0.01
0
0.026
0.002
0.004
0.004
0
0.03
0.028
0.054
0
0.01
0.006
0.022
0.002
0.01
0.004
0.04193557807
0.008
0.658
0
0.008
0.154
0.042
0.014
0.066
0.012
0
0.018
0.272
0.02
0.022
0.018
0.024
0.004
0
0.08587669484
0.01
0.002
0.26
0.008
0.022
0.016
0.058
0.006
0.028
0.002
0.26
0.006
0.024
0.026
0.01
0.006
0.008
0.028
0.002
0.022
0.016
0.002
0.01
0.02
0.02
0.002
0.01
0.018
0.002
0.038
0.01
0.004
0
0.016
0.01
0.002
0.01
0.028
0.006
0.032
0.006
0.026
0.012
0.06
0.004
0.006
0.002
0
0.006
0.026
0
0.022
0.008
0.002
0.2018762907
0
0.386
0.01
0.102
0.03
0.022
0.054
0.012
0.002
0.014
0.038
0.012
0.246
0.02
0.012
0
0.032
0.068
0.132
0.096
0
0.018
0.004
0.054
0.01
0.004
0.174
0.002
0.02
0.066
0.004
0
0.282
0.006
0.008
0
0.162
0.02
0.17
0
0.008
0.01196770631
0.142
0.002
0.038
0.004
0.004
0.018
0.01
0
0.004
0.016
0.014
0.05
0
0
0.01
0.054
0.03
0.022
0.186
0.016
0.028
0.02
0.002
0.078
0.014
0.064
0.09
0.004
0.006
0.028
0.03
0.034
0.166
0.024
0.036
0.02757403527
0.012
0.034
0.016
0.014
0
0.014
0.02
0.008
0.074
0.004
0.01
0.006
0.028
0.018
0.124
0.024
0.012
0.02
0.002
0.018
0.004
0.018
0.018
0
0.216
0.012
0.026
0.006
0.008
0.026
0.164
0
0.002
0.028
0.024
0.044
0.002
0.018
0.004
0
0.01
0.002
0.006
0.044
0
0.004
0.01
0.14
0.016
0.02
0.114
0.072
0.006
0.028
0.002
0
0.038
0.03
0.026
0.002
0.004
0
0.008
0
0.034
0.02
0.034
0.002
0.008
0.014
0.908
0.09591719489
0.004
0.03
0.018
0.094
0.09
0.008
0.694
0.02
0.024
0.028
0.044
0.06
0.008
0.016
0
0.01
0.038
0.024
0.4573541246
0.054
0.03
0.006
0.01
0.056
0.008
0.04952440248
0.038
0.018
0.006
0.012
0.878
0.004
0.06987581754
0.016
0.054
0.102
0.056
0.004
0.01
0.104
0.106
0.008
0.012
0.004
0.002
0.012
0
0.01
0.01
0.786
0.02
0.002
0.012
0.01
0.048
0.01
0.294
0.008
0.054
0
0.018
0.01
0
0.004
0.86
0.01
0.03
0.0779366855
0.008
0.004
0.52
0.018
0.012
0.01
0.01587641884
0.094
0.046
0.01
0.01
0.004
0.004
0.09
0.092
0.916
0.078
0.024
0.008
0.366
0.002
0.01
0.008
0.706
0.012
0.028
0.038
0.114
0.322
0.018
0.002
0.014
0.002
0.026
0.05991561275
0.032
0.02
0.068
0.006
0.01
0.45
0.05787639912
0.036
0.294
0.084
0.008
0.052
0.016
0.272
0.516
0.022
0.016
0.024
0.008
0.02
0.004
0.034
0
0.1578767638
0.048
0.002
0.018
0.002
0.154
0.016
0.008
0.026
0.102
0.05
0.006
0.006
0.034
0.012
0.094
0.026
0.01
0.002
0.01587812415
0
0.642
0.002
0.008
0.034
0.116
0.022
0.008
0.042
0.944
0.042
0.004
0.084
0.01
0.018
0.034
0.06577016129
0.02
0.002
0
0.008
0.006
0.04
0
0.004
0.006
0.028
0.09987517682
0.002
0.012
0
0.08
0
0.074
0.02
0.016
0.004
0
0.014
0.016
0.014
0.012
0.006
0.014
0.016
0.018
0.092
0.07975305212
0.006
0.03593637071
0.044
0.004
0.004
0
0
0.014
0.01576549081
0.508
0.002
0
0.01
0.002
0.008
0
0.002
0.002
0.056
0.016
0.036
0.01
0.04
0.01
0.034
0.226
0.024
0.048
0.002
0.012
0.09
0.008
0
0.2838768526
0.016
0.048
0.004
0.014
0.262
0.056
0.004
0.572
0.074
0.004
0.01
0.004
0.004
0.01593651762
0.148
0.008
0.206
0.006
0.02
0.03
0.008
0.004
0.002
0.06
0.018
0.042
0.004
0.07348335669
0.004
0.034
0.008
0.034
0.05
0.046
0.012
0.018
0.004
0.05
0
0.016
0.022
0.034
0.016
0.002
0.074
0.016
0.072
0.002
0.03
0.01
0.05
0.04193693726
0
0.436
0.02
0.014
0.004
0.006
0.062
0.096
0.004
0.008
0.014
0.002
0
0
0.004
0.006
0.146
0
0.008
0.024
0.026
0.076
0.012
0.704
0.03
0.024
0.014
0.012
0.06
0.01
0.014
0.014
0.7178752852
0.006
0.266
0.004
0.006
0.072
0.028
0.006
0.048
0.026
0
0.152
0.016
0.06
0.014
0.022
0.004
0.004
0.246
0.03
0.01
0
0.126
0.002
0.016
0.006
0
0.01
0.524
0.018
0.012
0.016
0.004
0.05175310382
0.002
0.01
0.006
0.27
0.018
0.426
0.014
0.054
0.02
0.02
0.162
0.002
0.208
0.032
0
0.018
0.31
0
0.028
0.002
0.034
0.028
0.064
0.11
0.012
0.026
0.004
0.026
0.02
0.032
0
0.008
0.02
0.006
0
0.004
0.068
0.03
0.01925262892
0.006
0.026
0.002
0
0.906
0.024
0.006
0.002
0.002
0.014
0.002
0.006
0.086
0.012
0.042
0.232
0.004
0.028
0.05593634972
0.2419366278
0.046
0.004
0.006
0.004
0
0.016
0.028
0.092
0.18
0.006
0.014
0
0.032
0.009915934755
0.048
0.018
0.016
0.002
0.006
0.002
0.02
0.272
0.02
0.174
0.002
0.058
0.012
0.01
0.004
0.004
0.002
0.086
0.06
0.032
0.94
0.03
0.03
0.004
0.026
0.004
0.022
0
0.006
0.036
0.148
0.002
0.012
0.08
0.014
0.01
0.02
0.04793594035
0.01
0
0
0.01
0.018
0.04
0.006
0.614
0.014
0.054
0.026
0.014
0.1
0.006
0
0.002
0
0.672
0.006
0.1019359876
0.032
0.016
0.002
0.468
0.002
0.034
0.258
0.036
0.018
0.022
0.026
0.808
0.012
0.164
0.032
0.038
0.008
0.072
0.006
0.034
0.032
0.026
0.016
0.074
0.006
0.776
0.006
0.034
0.054
0.008
0.026
0.01
0.062
0.004
0.012
0.042
0.012
0.026
0.026
0.022
0.034
0.352
0.004
0
0.04166416744
0.04587447695
0.018
0.008
0.009957265148
0.028
0.012
0.214
0.036
0.016
0.014
0.004
0.006
0.016
0.024
0.01
0.004
0.028
0.404
0.024
0.018
0.078
0.074
0.002
0.016
0
0.79
0.01
0.008
0.028
0.018
0.002
0.938
0.018
0.036
0.002
0.006
0.012
0
0.008
0.07
0.022
0.002
0.006
0.006
0.002
0.012
0.566
0.002
0.014
0.008
0.002
0.008
0.008
0.016
0.026
0.03587759186
0
0.002
0.074
0.002
0.088
0.006
0.06787692156
0.176
0.03
0.008
0.005768130746
0.752
0.026
0.006
0.026
0.018
0.036
0
0.01
0.07
0.034
0.008
0.728
0.016
0.404
0.054
0.02
0.03
0.008
0.03
0.002
0.026
0.008
0.004
0.038
0.058
0.624
0.014
0.006
0.002
0.164
0.22
0.004
0.048
0
0.01
0.006
0.002
0.086
0.012
0.024
0.05587705956
0.36
0.102
0.0119361608
0.008
0.038
0.06
0.01
0.048
0.046
0.192
0.04
0.022
0.032
0.002
0.028
0.236
0
0.014
0.004
0.022
0.006
0.08
0.028
0.228
0.066
0.01
0.016
0.262
0.014
0.01
0.002
0.022
0
0.006
0.004
0
0.542
0.002
0.012
0.016
0.022
0.006
0.08
0.014
0.054
0.032
0.018
0.032
0.006
0.016
0.002
0.014
0.006
0.004
0.004
0.002
0.04
0.002
0.122
0.002
0.032
0
0.12
0.018
0
0
0.014
0.01
0.006
0.122
0.02187620198
0.022
0.166
0.05
0.034
0.004
0.196
0.426
0.08
0.074
0.01
0.018
0.01
0.006
0.842
0.006
0.012
0.046
0
0.018
0
0.006
0.006
0.04593563583
0.008
0.08
0.38
0.002
0
0
0.366
0.016
0.028
0.006
0.004
0.082
0.85
0.016
0.004
0.02
0.016
0.014
0.008
0.004
0.014
0.042
0.002
0.012
0.332
0.012
0.014
0.008
0.038
0
0.052
0.018
0.004
0.048
0.006
0.016
0.016
0.004
0.006
0.002
0.02
0.068
0.824
0.086
0.016
0.32
0.02
0.026
0.002
0.03
0.002
0.198
0.006
0
0
0.028
0
0.01
0.008
0.1
0.002
0.018
0
0.008
0.05591566756
0.006
0.588
0
0.01
0.036
0.0258781143
0.01
0.022
0.004
0
0.044
0.006
0.022
0.028
0
0.024
0.016
0.116
0.038
0.098
0.004
0.19
0.03
0.1059360821
0.052
0.02
0.382
0.004
0.046
0.068
0
0.012
0.012
0.006
0.004
0.086
0.012
0.002
0.04
0.108
0.004
0
0.422
0.004
0
0.508
0.008
0
0.036
0.032
0.106
0.038
0.042
0.006
0.2258370366
0.004
0.038
0.02
0.006
0.024
0.02
0.052
0.014
0.002
0.052
0.002
0.03
0.006
0.012
0.144
0.002
0
0.038
0.006
0.1574558778
0.016
0.004
0.05
0.004
0.014
0.008
0
0.302
0.2
0.138
0.072
0.002
0.03
0.004
0.008
0.02
0.028
0.006
0.018
0.068
0.002
0.004
0.014
0.876
0.008
0.01
0.06
0.04
0.008
0.012
0.012
0.6358776806
0.048
0.022
0.004
0.026
0.068
0.168
0.008
0.026
0.144
0.01
0.006
0.022
0.024
0.136
0.004
0.492
0.03
0.276
0.008
0.014
0.004
0.054
0.006
0.004
0.03
0.028
0.004
0.078
0.08064138914
0.08
0.012
0.04
0.008
0.004
0.006
0.6115833441
0.026
0
0.002
0
0.014
0.006
0.02391595531
0.002
0.004
0.006
0.49
0.006
0.03
0.01
0.04
0
0.032
0.018
0.042
0.002
0
0.064
0.008
0.048
0.014
0
0.074
0.002
0.006
0.22
0.05
0.006
0.056
0.204
0.02
0.02
0.002
0.008
0.066
0.014
0.002
0.002
0.002
0.044
0.442
0
0.008
0.094
0.062
0.386
0.004
0
0.046
0.07
0.006
0.002
0.424
0.03787750314
0.002
0.044
0.02
0.059877513
0.008
0.004
0.04
0.112
0.006
0.002
0.006
0.12
0.004
0.002
0.018
0.004
0.016
0.12
0.01782057332
0.036
0.046
0.02
0.008
0
0.03
0.01393644417
0.006
0
0.012
0.006
0
0
0.066
0.008
0.11
0.146
0.018
0.002
0.004
0.006
0.022
0.04
0.458
0.004
0.004
0.572
0.008
0.05
0.026
0
0.004
0.068
0.004
0.02
0.024
0.048
0.002
0.82
0.192
0.038
0.078
0.004
0.014
0.512
0.026
0.002
0.042
0.016
0.004
0.138
0.022
0.002
0.044
0.002
0.204
0.006
0.008
0
0.016
0.02558429888
0
0.08
0.056
0.006
0.006
0.004
0.01
0.002
0.048
0.018
0.012
0.006
0.076
0.008
0.032
0.064
0.028
0.006
0.01
0.008
0.05
0.048
0.006
0.746
0.036
0.014
0
0.01
0.002
0.016
0
0.016
0.006
0.004
0
0.04193645466
0.006
0.03
0.018
0.81
0.51
0.81
0.036
0.008
0.104
0.018
0.032
0.01
0.004
0.102
0.006
0.002
0.018
0.012
0.002
0.06
0.012
0.004
0.014
0.003818389508
0.014
0
0.008
0
0
0.01
0.018
0.084
0.01
0.024
0.084
0.008
0.022
0.008
0.016
0.004
0.008
0
0.018
0.002
0.104
0.002
0.014
0.014
0.014
0.02
0.006
0.02
0.004
0
0.008
0.036
0.382
0.514
0.008
0
0.004
0.024
0.05
0.01
0.004
0
0.042
0.018
0.014
0.006
0.01
0.002
0.042
0.016
0.094
0.004
0.016
0.004
0.004
0.518
0.596
0.016
0.062
0.09
0.008
0.014
0
0.02176925078
0.024
0.026
0.026
0.002
0.004
0.036
0.004
0.004
0.008
0
0.012
0.0536441539
0.008
0.502
0.544
0.004
0.016
0.012
0.018
0.006
0.01
0.056
0.748
0.018
0.002
0.004
0.036
0.012
0.028
0.028
0.006
0
0
0.01
0.026
0.016
0.014
0.022
0.016
0.004
0.2
0.024
0.19
0.008
0.008
0.007915667562
0.764
0.01
0.016
0.022
0.032
0
0.008
0.02
0.846
0
0.008
0.006
0
0.076
0.004
0.292
0.014
0.01
0
0.008
0.142
0.004
0.026
0.014
0.008
0.088
0.052
0.018
0
0.018
0.024
0.052
0.03
0.028
0.478
0.012
0
0.008
0.01
0
0.01
0
0.058
0.02
0
0.012
0.008
0.716
0.004
0.004
0.008
0.002
0.002
0.022
0.002
0.002
0.006
0.01176813075
0.022
0.002
0.048
0.02
0.01
0.03
0
0.036
0.024
0.002
0.026
0.004
0.8
0.004
0.008
0.01776758847
0.274
0.016
0.002
0.06387688213
0.078
0.004
0.006
0.004
0.022
0.01
0.018
0.012
0.008
0
0.236
0.308
0.03
0.004
0.014
0.754
0.004
0.004
0.026
0.01
0.028
0
0.014
0.036
0.01
0.036
0
0.018
0.926
0.044
0.08187520639
0.024
0.006
0.004
0.002
0.01
0.03
0.048
0.108
0.002
0.06
0.086
0
0.016
0.022
0.0738764977
0.006
0.022
0.022
0.052
0.036
0
0
0.03
0.012
0.006
0.936
0.036
0.026
0.054
0.004
0.092
0.012
0.006
0.002
0.004
0.02787658641
0.02
0.066
0.008
0.002
0.022
0.006
0.014
0.004
0.048
0.018
0.01
0.014
0.006
0.008
0.01
0.02
0.064
0.212
0.012
0.072
0
0.056
0.022
0.004
0.836
0.002
0.754
0.016
0.022
0.02
0.004
0.006
0.016
0.046
0.038
0.002
0.376
0
0.002
0.002
0.004
0.06387813401
0.168
0.304
0
0.004
0.024
0.008
0.014
0.022
0.012
0.012
0
0.012
0.01
0.066
0.816
0.03
0.086
0.038
0.008
0.008
0.016
0.046
0.886
0.024
0.01
0.008
0.012
0.016
0.4253752132
0.01176601501
0.006
0.036
0.004
0.01
0.01
0.032
0.236
0.004
0.024
0.244
0.01
0.058
0.022
0.004
0.12
0.05
0
0.004
0.012
0
0.002
0.008
0
0.022
0.024
0
0.002
0.014
0.044
0.362
0.012
0.096
0
0.008
0.078
0.066
0.026
0.038
0.076
0.002
0.002
0.022
0.002
0.008
0.122
0.009875640109
0
0.002
0.002
0
0.004
0.034
0.006
0.172
0.016
0.316
0.052
0.034
0.008
0.008
0.03
0.01
0.008
0.016
0.144
0.014
0.004
0.006
0.032
0.022
0.044
0
0.018
0.008
0.016
0.006
0.022
0.072
0
0.066
0.07
0.004
0.002
0.058
0.294
0.042
0
0.058
0.008
0.02
0.046
0.034
0.01
0.028
0.876
0.442
0.036
0.054
0.022
0.07
0.038
0
0.016
0.006
0.004
0.006
0.206
0
0.016
0.072
0.272
0.012
0.006
0
0
0.016
0.014
0.032
0.006
0.2538757683
0.004
0.006
0.002
0.006
0.008
0.166
0.038
0.014
0.052
0.01
0.028
0.232
0.008
0.032
0.01
0.02776877818
0.144
0.018
0.05
0.004
0.016
0.006
0.018
0
0.002
0.012
0.08991594161
0.002
0
0.024
0.006
0.016
0.006
0.05
0.02
0.002
0
0.066
0.026
0.03
0.007875285246
0.02
0.004
0.078
0.64
0.127936738
0.058
0.002
0.036
0.002
0
0.804
0.002
0.014
0.04
0.002
0.108
0.001875541536
0.04
0.006
0.02
0.272
0.008
0.004
0.002
0.014
0.04
0.01587764114
0.02
0.3038765963
0.004
0.006
0.004
0.04
0.002
0.002
0.056
0
0
0.006
0.01
0
0
0.05
0.018
0.012
0.002
0.028
0.02
0.118
0.006
0.06
0.018
0.002
0.006
0.008
0.062
0.024
0.016
0.006
0.006
0.034
0.006
0.004
0.78
0.018
0.002
0.022
0.004
0.022
0.228
0.014
0.006
0.01
0.04
0.028
0.002
0.006
0.008
0.116
0
0.016
0.004
0.008
0.014
0
0
0.012
0.01
0
0.008
0.01
0.01
0.88
0.192
0
0.004
0.006
0.038
0.042
0
0.012
0
0.022
0.006
0.036
0.01
0.02
0.062
0.012
0.002
0.006
0.02
0.02
0
0.012
0.052
0.032
0
0.008
0.048
0.018
0.036
0.008
0.014
0.002
0.02
0.526
0.204
0.176
0.03976758847
0.002
0.02
0.012
0.026
0.01
0.012
0.01
0.014
0.018
0.038
0.034
0.01
0.008
0.006
0.006
0.006
0.002
0
0.06
0.022
0.052
0.022
0.006
0.002
0
0.002
0.004
0.638
0.06564190829
0.022
0.008
0.036
0.004
0.024
0.014
0.004
0.03
0.06
0.02
0.018
0.062
0.008
0.002
0.01
0.494
0
0
0.002
0.01
0.014
0
0.004
0.148
0.026
0.006
0.024
0
0
0.002
0
0.054
0.022
0.11
0.004
0.786
0.042
0.01
0.02193621853
0.232
0.02
0.028
0.03
0.002
0.02376939083
0.008
0.03
0.006
0.012
0.018
0.016
0.332
0.014
0.01
0.002
0.004
0.02
0.002
0.002
0.006
0.028
0.296
0.01
0.002
0.03
0.032
0
0.17
0.022
0.002
0.002
0.02
0
0.046
0.168
0.014
0.01
0
0.026
0.37
0.016
0.214
0.08
0.006
0.03387660613
0.088
0.008
0.226
0.046
0.004
0.002
0.002
0.018
0.086
0.018
0.004
0.006
0.002
0.022
0.016
0.024
0.546
0.066
0.334
0.098
0
0.004
0.04
0.018
0.024
0.008
0
0.014
0.108
0.27
0.014
0.038
0.006
0.01
0.008
0.006
0.05387755243
0.024
0.008
0.012
0.03
0.008
0.784
0.008
0.024
0.004
0.028
0.038
0.014
0.094
0.006
0.016
0.006
0.01
0.004
0.07
0.02
0
0.012
0.092
0.002
0.04
0.01
0.002
0.16
0
0.072
0.034
0.004
0.006
0.014
0.012
0.002
0.05
0.132
0.066
0.01
0.014
0.036
0.01
0.02343511937
0.004
0.008
0.014
0.016
0.108
0.002
0.024
0.006
0
0.018
0.01
0.004
0.052
0.23
0.06
0.002
0.004
0.008
0.034
0
0.008
0.032
0.198
0.01
0.009876763843
0.068
0.028
0.012
0.012
0.008
0.018
0.01
0.008
0.022
0.01
0.728
0.006
0
0.002
0.008
0.048
0.02
0.028
0.01
0.016
0.05
0.092
0.028
0.034
0.006
0.044
0.052
0.04187809458
0.022
0.012
0.036
0.002
0.118
0
0.008
0.024
0.094
0.014
0.42
0
0.106
0.022
0.072
0.016
0.032
0.004
0.01
0.046
0.044
0.03
0.054
0.01954261889
0.004
0.026
0.024
0.032
0.026
0.012
0.006
0.004
0.004
0.028
0.03976939083
0.018
0.01
0
0.052
0.006
0.004
0.002
0.02
0.008
0.024
0.5816307798
0.002
0.004
0.124
0.008
0.002
0.012
0.028
0
0.05
0.018
0.008
0.014
0.018
0.972
0.004
0.006
0.008
0.08
0.014
0
0.016
0.008
0.04
0.042
0.02
0.01
0.006
0.006
0.002
0.004
0.174
0.004
0.026
0.044
0.816
0.01
0.056
0.008
0.006
0.01
0.022
0.006
0.008
0.004
0.018
0.692
0.002
0.026
0.002
0.002
0.018
0.002
0.01
0.02
0.006
0.036
0.024
0.048
0.006
0.002
0.006
0.034
0.546
0.314
0.108
0.008
0
0.002
0
0.016
0.014
0.282
0.02
0.5
0.004
0.01
0.276
0.002
0.006
0.026
0.004
0.016
0.014
0.016
0.036
0.014
0
0.002
0.014
0.01
0.008
0.002
0.306
0.006
0
0.014
0.852
0
0.014
0.026
0
0.034
0.004
0.9
0.038
0.044
0.08
0.012
0.008
0
0.002
0.012
0
0.006
0.634
0.012
0.416
0
0.014
0.006
0
0.014
0.046
0.006
0.042
0.626
0.01993644417
0.002
0.014
0.014
0.01
0.024
0.006
0.024
0.004
0.036
0.306
0.028
0.04980219548
0.004
0.07
0.008
0.01
0.068
0
0.002
0.068
0.34
0.012
0.002
0.016
0.026
0.014
0.002
0.034
0.006
0.008
0.008
0.006
0.014
0.382
0.01
0.004
0
0.058
0.002
0.038
0
0.034
0.03776804327
0.004
0.002
0.008
0.008
0.036
0.018
0.044
0.012
0.014
0.082
0.01987669484
0.082
0
0.012
0.008
0.094
0.016
0.022
0.09
0.012
0.038
0.044
0.008
0.052
0.816
0.002
0.004
0.024
0.05993675893
0
0.012
0.009875285246
0.022
0.024
0
0.006
0.026
0.01787735528
0
0.004
0.078
0.02
0.018
0.02
0.01
0.008
0.008
0.03987506839
0.012
0.262
0.016
0.054
0.034
0
0.004
0.008
0.012
0.072
0.004
0.036
0.016
0.026
0
0.006
0.01
0.022
0.046
0.06
0.002
0.034
0.004
0.004
0.004
0.018
0.028
0.05
0.01
0.052
0.002
0.004
0.004
0.036
0.048
0.012
0.004
0.032
0.796
0.008
0.034
0.082
0.006
0.004
0
0.024
0.29
0.004
0.268
0.084
0.004
0.008
0.012
0.018
0.176
0.832
0.002
0
0.072
0.594
0.012
0.022
0.004
0.016
0.018
0.236
0.032
0.054
0.006
0.016
0.012
0.014
0.0318758274
0.112
0.002
0.006
0.036
0.008
0.006
0.002
0.002
0.046
0.002
0.066
0.022
0.008
0.048
0.008
0.054
0.006
0.034
0.002
0.018
0.01
0.016
0.036
0.014
0.002
0
0.042
0.022
0.756
0.08
0.016
0.004
0.016
0.02
0.012
0.064
0.014
0.04
0.004
0.078
0.004
0.02
0.026
0.014
0
0.002
0.03
0.002
0.05
0.004
0.39
0.022
0.032
0.012
0.02
0.052
0.088
0.004
0.02
0.02550347383
0.008
0.06
0.008
0.01
0.41
0.01
0.266
0
0.04
0.026
0.022
0.098
0.016
0.672
0.008
0.006
0.02176967096
0.008
0
0.018
0.002
0.002
0.0676721205
0.028
0.098
0.05
0.01
0.006
0.406
0.02
0.016
0.004
0.02
0.012
0.156
0.002
0.002
0.322
0.003877394712
0.174
0.006
0.02
0.01
0.02
0.018
0.054
0.03
0.03
0.046
0.034
0.058
0.012
0.016
0.034
0.844
0.07
0.816
0
0.244
0.016
0.002
0.003666805406
0.012
0.248
0.026
0.022
0.03
0.008
0.004
0.026
0.774
0.034
0.01
0.012
0
0.95
0.062
0.02
0.034
0
0
0.082
0.008
0.014
0.01
0.002
0.036
0.03193694775
0.168
0.022
0
0.012
0.558
0.036
0.006
0.016
0.006
0.184
0.028
0.02
0.002
0.008
0.022
0.906
0.004
0.002
0.04
0
0.022
0.03
0.008
0.054
0.022
0.004
0
0
0.002
0.014
0.016
0.034
0
0.002
0
0.76
0.01
0.006
0.008
0.002
0.002
0.004
0.022
0.002
0.004
0.002
0.016
0.006
0.112
0.064
0.024
0
0.842
0.514
0.402
0.728
0.014
0.006
0.026
0
0.658
0.028
0.038
0.022
0.002
0.002
0.016
0.028
0.004
0.064
0.034
0.026
0.024
0.03
0.014
0.006
0.042
0.016
0.138
0.028
0.012
0.042
0.006
0.014
0
0.044
0.002
0.05
0.89
0.024
0.026
0
0.048
0.016
0.006
0.018
0
0.01
0.012
0.024
0.01
0.01
0.048
0.01
0.012
0.02
0.004
0.002
0.032
0
0.012
0
0.016
0.014
0.002
0.006
0.008
0.036
0.002
0
0.002
0.018
0.016
0.044
0.002
0.788
0.01
0.004
0
0.004
0.006
0.01587814387
0.034
0.044
0.004
0.048
0.022
0.034
0.044
0.116
0.018
0.018
0.146
0.022
0
0.02
0.006
0.006
0.02
0.42
0.01
0.01
0.02
0.022
0.4198764977
0.032
0
0.018
0.004
0.004
0.008
0.098
0.012
0
0.004
0.068
0
0.006
0.012
0.004
0.056
0.014
0.698
0.024
0.002
0.03
0.042
0.002
0.02
0.006
0.02
0.006
0.008
0.012
0.01
0.006
0.016
0.008
0.296
0
0.014
0.02
0.076
0
0.054
0.002
0.014
0.01783298469
0.018
0.168
0.012
0
0.038
0.038
0
0.004
0.02
0.004
0.022
0
0.0154076368
0
0.006
0.058
0.004
0.082
0.004
0.022
0.018
0.01
0.204
0.004
0.728
0.024
0.5218763301
0.016
0.022
0.016
0.8757653161
0.002
0.012
0.004
0.014
0
0.034
0.24
0.006
0.024
0.014
0.026
0.004
0.102
0.022
0.022
0.014
0.034
0.002
0.028
0.036
0.036
0.002
0.002
0.092
0.182
0.016
0.004
0.002
0.004
0.006
0.01
0.014
0.112
0
0.618
0.006
0.072
0.048
0
0.01
0
0.008
0.002
0.026
0.03
0.03
0.098
0.616
0.042
0.006
0.002
0.02
0.044
0.11
0.006
0.01
0.02
0.002
0.004
0.032
0.002
0.062
0.028
0.088
0.034
0.002
0.02
0
0.054
0.008
0.016
0
0.038
0.05
0.65
0.002
0.034
0.01
0.034
0
0.022
0.01
0.158
0.002
0.01
0.004
0.028
0.024
0.008
0.032
0.042
0
0.552
0
0.068
0.032
0.014
0.002
0.03
0.008
0.142
0.016
0
0.002
0.01
0.028
0.018
0.01
0.002
0.028
0.01
0.004
0.006
0.012
0.006
0.002
0.002
0.194
0.688
0
0.016
0.012
0.16
0.006
0.026
0.0458750881
0.002
0.008
0.022
0.006
0.002
0.008
0.02
0.004
0
0.016
0
0.018
0.042
0.01
0.02
0.076
0.24
0.006
0.008
0.022
0.012
0.008
0.008
0.002
0.03
0
0.004
0.014
0.014
0.138
0.018
0.004
0.002
0.02
0.06987633012
0.002
0.044
0
0.016
0
0.018
0.016
0.003878065009
0.018
0.014
0.068
0.004
0.01
0.096
0
0.004
0.022
0.002
0.756
0.034
0.02
0
0.082
0.006
0.038
0.004
0.072
0.44
0
0.064
0.046
0.002
0.032
0.024
0.036
0.042
0.038
0.008
0.052
0.002
0.006
0.022
0.002
0.008
0.034
0.002
0.402
0
0.002
0.002
0.024
0.094
0.002
0.038
0.006
0.01187642869
0.44
0.004
0.018
0.01
0.042
0.004
0.266
0.072
0.036
0.044
0.048
0
0.006
0.026
0.014
0.058
0.056
0.004
0.018
0.004
0.264
0.008
0.024
0.084
0.09993681138
0.024
0.312
0.034
0.044
0.038
0.01
0.056
0.026
0
0
0.02
0.01
0.006
0.088
0.008
0.004
0
0.007875610537
0.04
0.048
0.03
0.016
0.002
0.056
0
0.04
0.008
0.216
0.004
0.008
0.054
0.022
0.01
0.006
0.05
0.006
0.346
0.244
0.094
0.004
0.016
0.02
0.034
0.022
0.13
0.012
0.018
0.13
0.002
0.004
0.002
0.002
0.056
0.69
0.02
0.004
0.002
0.12
0.009506030213
0.008
0.004
0.054
0.02
0.038
0.016
0
0.01
0.186
0.04
0.04396728618
0.074
0.008
0.006
0.018
0.022
0.086
0.014
0.168
0.004
0.068
0.134
0
0.04
0.01
0.012
0.084
0.006
0.008
0.006
0.744
0.012
0.006
0
0.064
0.038
0.024
0.016
0.08
0
0.804
0.06
0.034
0
0.158
0.044
0.066
0.032
0.008
0.002
0.014
0.004
0.006
0.112
0.01
0
0.02
0.014
0.028
0.002
0.046
0.012
0.014
0.006
0.02187669484
0
0.012
0.032
0.062
0.006
0.012
0
0.022
0.038
0.01795712222
0.036
0.014
0.106
0.03
0.004
0.008
0.006
0.034
0.014
0.08
0.6778765273
0.004
0.05
0.442
0.732
0.956
0.464
0.002
0.002
0.238
0.002
0.012
0.05
0.018
0.038
0.03
0.034
0.424
0.596
0.006
0.024
0.1
0.338
0.308
0.032
0.008
0.004
0.018
0.87
0.046
0.054
0.066
0.066
0.032
0.008
0.058
0.064
0.016
0.018
0.38
0
0.004
0
0.004
0.042
0.008
0.02
0.134
0.008
0.016
0.002
0.016
0.024
0.002
0.022
0.022
0.048
0.01
0.028
0.186
0
0.002
0.058
0.014
0.004
0.028
0.012
0.982
0.03
0.004
0.444
0.024
0.412
0.008
0
0.004
0
0.516
0.008
0.004
0.086
0.006
0.0319359141
0.002
0.212
0.004
0.012
0.104
0.27
0.078
0.01
0.03
0.548
0.004
0.034
0.008
0.02566255922
0.002
0.756
0.06
0.07
0
0.034
0.008
0.116
0.022
0.004
0.008
0.016
0.942
0.006
0.026
0.016
0.026
0.75
0.118
0.01
0.488
0.008
0.018
0.018
0.002
0.006
0.002
0.004
0.01
0.02
0.964
0.006
0.016
0.002
0.016
0.01
0.004
0.032
0.004
0.002
0.008
0.002
0.04
0.006
0.01
0.886
0.004
0.002
0.098
0.014
0.004
0.02
0.016
0.02
0.158
0
0.034
0.006
0.012
0.052
0.016
0.028
0.17
0.032
0.038
0.044
0.004
0.014
0.016
0.002
0.004
0.052
0.052
0.018
0.03
0.006
0.008
0.052
0.006
0.002
0.018
0.01
0.092
0.91
0.016
0.03
0.038
0.028
0.004
0.036
0.014
0.44
0.014
0.05
0.02
0.086
0
0.056
0.03933955682
0.032
0.052
0.004
0.022
0.168
0.002
0
0.072
0.01795720441
0.01
0.006
0.014
0.02
0.07187520639
0.672
0
0.05
0.01
0.004
0.774
0.036
0.552
0.018
0.19
0.016
0.008
0.014
0.086
0.044
0.1596725898
0.022
0.048
0.056
0.002
0.024
0.018
0.038
0.01
0.046
0.044
0.014
0.048
0.04176814824
0.008
0.028
0.002
0.022
0.002
0.052
0.008
0.004
0.018
0.014
0.02
0.004
0.004
0.002
0.062
0
0.01
0.002
0.024
0.008
0.002
0.006
0.002
0.006
0.036
0.012
0.004
0.004
0
0.006
0.04
0.004
0.044
0
0.002
0.012
0.06187637941
0.006
0.046
0.03
0.024
0.022
0.09
0.048
0
0.014
0.002
0.004
0.02
0.162
0.034
0.002
0
0.012
0.012
0.512
0.048
0.036
0.002
0.012
0.014
0.014
0.056
0.028
0.003935929846
0.016
0.03
0
0.008
0.278
0.006
0.026
0.168
0.009935215668
0.002
0.002
0.008
0.018
0
0.018
0.012
0.002
0.07
0
0.012
0.018
0.018
0.004
0.008
0.004
0.472
0.016
0.084
0.204
0.004
0.004
0.008
0
0.01
0.022
0.046
0.006
0.01
0
0.002
0.02
0.016
0.008
0.048
0.02
0.02387517682
0.044
0.008
0.002
0.11
0.026
0.006
0.024
0.294
0.006
0.002
0.004
0.012
0.01193675893
0.006
0.022
0.028
0.01
0.032
0.024
0.096
0.006
0.002
0.006
0.018
0
0.014
0.018
0.046
0.032
0.016
0.002
0.026
0
0.008
0.046
0.552
0
0.014
0.13
0.04
0.044
0.046
0.024
0.04
0.028
0.004
0.052
0.76
0.256
0.01
0.002
0
0.006
0.002
0.004
0.03987700042
0.038
0.032
0.076
0.036
0.242
0.032
0.004
0.01
0.318
0.3954360383
0.012
0
0
0.194
0.01
0.37
0.048
0.01
0.052
0.878
0.02
0.004
0.006
0.02
0.024
0.078
0.0479570293
0.01
0.018
0.026
0.002
0.856
0.032
0.144
0.534
0
0.002
0.108
0
0.002
0.006
0.006
0.062
0.001877611572
0.014
0.008
0.032
0.026
0.006
0.066
0.006
0
0.034
0.008
0.01
0.012
0.04
0.002
0.03
0.154
0.026
0.03
0.012
0.002
0
0.018
0.01
0.006
0.002
0.008
0.012
0.004
0.002
0.068
0.004
0.002
0.002
0
0.08
0.008
0.03393634972
0.01
0.156
0.022
0.016
0.812
0.022
0.016
0.006
0.03
0.018
0.026
0.006
0.018
0.006
0.004
0.02
0.028
0.052
0.046
0.044
0.028
0.018
0.046
0.052
0.002
0
0.022
0.03
0.018
0.016
0.074
0.018
0.002
0.006
0.02
0.024
0.008
0.022
0
0.028
0
0.146
0.009764076211
0.006
0.014
0.01
0.07387650755
0.696
0
0
0.01975423741
0.02
0.028
0.046
0.006
0.016
0.024
0.09193631824
0.76
0.028
0.01
0.026
0.032
0.04
0.004
0.052
0.002
0.01
0.04
0.006
0.004
0.032
0.008
0.012
0.04
0
0.012
0.054
0.002
0.002
0.036
0.08976732614
0
0.014
0.014
0.014
0.614
0.046
0.004
0.022
0
0.014
0.006
0.022
0.008
0
0.008
0.006
0.002
0.03
0.908
0.062
0.002
0.028
0.012
0.04
0.034
0
0.72
0.098
0.02
0.006
0.01
0.024
0.004
0.138
0.002
0.008
0.046
0.006
0.08
0.032
0.012
0
0.004
0.022
0.006
0
0.028
0.004
0.014
0.012
0.242
0.046
0.006
0.006
0.052
0.03
0.02
0
0.018
0.014
0.02
0.04787528525
0.9274528833
0.042
0.614
0.104
0.83
0.007956746862
0.046
0.01
0.042
0.032
0.032
0.004
0.028
0.002
0.046
0.028
0.006
0.004
0.006
0.05
0.01
0.998
0
0.102
0.01
0.246
0.014
0.01
0.01
0.06
0.02
0.272
0.006
0.03
0.04
0.018
0.008
0.004
0.026
0
0.956
0.066
0.086
0.006
0.002
0.014
0.006
0.008
0
0.06
0
0.004
0.018
0.058
0.012
0.012
0.058
0.009875985115
0.02
0
0.002
0.078
0.002
0.014
0.012
0.204
0.004
0.002
0.25
0.002
0.36
0.018
0.004
0.876
0.03176967096
0.008
0.008
0.014
0.014
0.002
0.938
0.682
0.026
0.834
0.006
0.026
0.006
0
0.04
0.03
0.102
0.048
0.036
0.01
0.204
0.036
0.018
0.102
0.01
0.004
0
0.124
0.002
0
0.17
0.01
0.008
0.084
0.016
0.44
0.006
0.002
0.07587838044
0.014
0.006
0.02
0.006
0.012
0.12
0.016
0.008
0.022
0.058
0.001876882131
0.004
0.018
0.008
0.01
0.7
0.004
0.012
0.008
0.002
0.048
0.002
0.056
0.538
0.044
0.002
0.012
0.002
0.002
0.07
0
0.006
0.002
0.088
0.018
0.006
0.004
0.004
0.024
0.002
0.002
0.714
0.014
0.01
0.004
0.3418768821
0.062
0.018
0.008
0.014
0.018
0
0.0357655607
0.154
0.026
0.002
0.014
0.004
0.004
0.01
0.03
0.004
0.2497669065
0.006
0.024
0.024
0.006
0.008
0.004
0.006
0.046
0.006
0.03
0.008
0.336
0.006
0.01
0
0.012
0.016
0.008
0.008
0.002
0.004
0.012
0.009844825458
0
0.938
0
0.02376611986
0.03494827761
0.068
0.002
0.906
0.01
0.006
0.026
0.084
0.004
0.012
0.028
0.008
0.104
0
0.084
0.044
0.09
0.006
0.002
0.1399357408
0.004
0.008
0.956
0.698
0.34
0.014
0.026
0.006
0.068
0.058
0.006
0.784
0.018
0.02
0
0.014
0.056
0.93
0.01384049412
0.026
0.018
0.738
0.014
0.01
0.036
0.018
0.002
0.018
0.028
0.036
0.006
0
0.4
0
0.84
0.116
0.174
0.012
0.006
0.016
0.03
0.004
0.004
0.036
0.024
0.012
0.178
0.008
0.514
0.072
0.064
0.028
0.014
0.016
0.012
0.036
0.04793557807
0
0.004
0.126
0.038
0.23
0.008
0.028
0.052
0.034
0.48
0.008
0.044
0.006
0.064
0.01
0.386
0.002
0.002
0
0
0
0.028
0.006
0.01
0.042
0.002
0.016
0.008
0.008
0.06393651762
0.004
0.006
0.04
0.004
0.006
0.008
0.331875581
0.012
0.01595723299
0.036
0.02
0
0.064
0.034
0.054
0
0.02
0.002
0.006
0.008
0.018
0.02
0.004
0.016
0.038
0.114
0.01
0.038
0.016
0.114
0.012
0.018
0.002
0.002
0.014
0.002
0.012
0.018
0.026
0.05
0
0.022
0.006
0.084
0.706
0.012
0.008
0.012
0.018
0.008
0.02
0.006
0.006
0.006
0.05
0.018
0.006
0.036
0.016
0.004
0.228
0.012
0.004
0
0.012
0.022
0.006
0.02
0.008
0.05176793831
0.04
0.762
0.008
0.044
0.004
0.004
0.048
0.054
0
0.006
0.042
0
0.004
0.014
0.024
0.01
0.028
0.048
0.004
0.032
0
0.004
0.02
0
0.01
0.01
0.034
0.01
0.032
0
0.074
0
0.046
0.028
0.072
0.006
0.024
0.036
0.05
0.084
0.024
0.018
0.07176695893
0.044
0.022
0.028
0.002
0.008
0.002
0.006
0.068
0
0.034
0.852
0.024
0.02
0.002
0.046
0.008
0.036
0.009874092511
0.01787908031
0
0.002
0.024
0.018
0.012
0.014
0.007536927144
0.012
0.5
0.044
0.028
0.02
0.042
0.014
0.18
0.004
0
0.014
0
0.004
0.002
0
0.32
0.022
0.016
0.012
0.006
0.004
0.004
0.012
0
0.016
0.792
0.032
0.084
0.02
0.014
0.1019364547
0.018
0.028
0.002
0.01
0.04
0.026
0.008
0.002
0.002
0.006
0.07
0.834
0.01
0.002
0.028
0.108
0.094
0.02
0.008
0.01
0.002
0.032
0.072
0.016
0.026
0.186
0.002
0.01
0.012
0.004
0.014
0.184
0
0.022
0.096
0.034
0.312
0
0.056
0.018
0.016
0.198
0.03
0.056
0.84
0.012
0
0.046
0.01987567954
0.058
0.024
0.008
0.002
0.002
0.064
0.04176584026
0.034
0.134
0
0.08393612931
0.002
0.03966895699
0.004
0.394
0.016
0.012
0.002
0.048
0.034
0.08
0.664
0.104
0.004
0.004
0.006
0.022
0.014
0.004
0.054
0.022
0.026
0.048
0.002
0.014
0.014
0.036
0
0.018
0
0.014
0.034
0
0.026
0.024
0.07775491757
0.006
0.038
0.076
0
0.048
0.014
0.006
0.01
0.016
0.024
0.044
0.002
0.024
0.008
0.03
0.006
0
0.06
0.002
0.016
0
0.012
0.014
0.03
0.072
0.036
0.014
0.014
0.016
0.152
0
0.146
0.004
0.402
0.006
0.004
0.098
0.016
0
0.07
0.018
0.028
0.004
0.144
0.05
0.006
0.024
0.244
0.01
0.632
0.266
0.024
0.636
0.01
0.006
0.01
0.006
0.002
0.004
0.008
0.004
0.002
0.01
0.032
0.014
0.028
0.016
0.072
0.04
0.036
0.006
0.004
0.02
0.002
0.5678758274
0.01
0.008
0.024
0.014
0.078
0.06
0.4198762414
0.004
0.036
0.036
0
0.006
0.018
0.064
0.03
0
0.022
0.02
0.104
0.06
0.014
0.286
0.004
0.018
0
0.468
0.014
0.03
0.006
0
0.024
0.018
0.002
0.004
0.01
0.032
0
0.068
0.02
0.334
0.004
0.364
0.032
0.014
0.01796786068
0
0.002
0.452
0.042
0.062
0.074
0.01
0.004
0.05946172663
0.018
0.032
0.004
0.084
0.02
0.01
0
0.08976584026
0.024
0.004
0.036
0.008
0.006
0.0236133802
0.076
0
0.02
0.004
0
0.002
0.012
0.018
0.202
0.246
0.004
0.03571601579
0.002
0.032
0.006
0.014
0.012
0.008
0.024
0
0.022
0.024
0.032
0.002
0.034
0.036
0.082
0.038
0.018
0.018
0.024
0
0.024
0.036
0
0.136
0
0.02
0.046
0.012
0.02
0.014
0.01
0.005915667562
0.684
0.006
0.01
0.07
0
0.026
0
0.034
0.01
0
0.024
0.008
0.002
0.006
0.016
0.014
0.038
0.218
0.076
0.016
0.01
0.014
0
0.014
0.492
0.008
0.146
0.01
0.002
0.058
0.064
0.066
0.04
0.038
0.038
0.016
0.04
0.004
0.002
0.008
0.006
0.018
0.01
0.002
0.002
0.004
0.01
0.024
0.332
0.228
0.158
0.038
0
0.056
0
0.014
0.046
0.01
0
0.114
0.02
0.01
0.082
0.042
0.018
0.102
0.19
0.038
0.002
0.008
0
0.006
0.002
0.022
0.07
0.014
0.006
0.05
0.004
0.004
0.016
0
0.006
0.028
0.002
0.002
0.248
0.002
0.024
0.01
0.024
0.004
0.028
0.006
0.018
0.09576729116
0.014
0.108
0.022
0.034
0.164
0.744
0.04
0.014
0.014
0.004
0.002
0.009936129308
0.034
0.002
0.206
0.002
0.002
0.012
0.01
0.01
0.044
0
0.014
0.014
0.01393576185
0.226
0.252
0.04
0.014
0.002
0.028
0.01
0.002
0.02
0.01
0
0.308
0.25
0.004
0.022
0.1077151705
0.004
0.012
0.626
0.008
0.002
0.018
0.394
0.076
0.036
0.002
0.084
0.062
0.014
0.006
0.162
0.012
0.004
0.002
0.006
0.052
0.014
0.008
0.574
0.032
0.024
0.01787696099
0.4678764287
0.01
0.002
0.022
0.598
0.02
0.032
0.006
0.01
0.286
0.008
0.01
0.008
0.006
0.012
0.008
0.594
0.06
0.034
0.042
0
0.004
0.022
0.006
0.006
0.008
0.022
0.002
0.002
0.028
0.014
0.04195698998
0.008
0.016
0.006
0
0.02
0.124
0.014
0.084
0.034
0.018
0.046
0.044
0.006
0
0.006
0.026
0.004
0.002
0.008
0.026
0.008
0.078
0.014
0.024
0.014
0.01
0.002
0.028
0
0.122
0.036
0.018
0.032
0.01
0.006
0.004
0
0.046
0.008
0.0878765667
0.034
0.01
0.012
0.01
0
0
0.128
0.052
0.024
0.028
0.006
0.002
0.058
0.002
0.016
0.014
0.006
0
0.002
0.03
0.164
0.024
0.01
0.01
0.112
0.024
0.002
0.006
0.052
0.01
0.018
0.01
0.05
0.022
0.06
0.036
0.01
0.006
0.01
0.0198767047
0.004
0.052
0.104
0.01
0.024
0.014
0
0.052
0.054
0.062
0.004
0.016
0
0.04
0.042
0.004
0.024
0.002
0.06989325756
0.95
0.028
0.002
0
0
0.01
0.119957683
0.824
0.004
0
0.014
0.01
0.006
0.048
0
0
0.036
0.004
0.018
0.112
0.042
0.884
0.894
0.012
0.012
0.046
0.016
0.024
0
0.018
0.006
0.018
0.002
0.004
0.014
0.024
0
0.008
0.004
0.028
0.014
0.042
0.002
0.016
0.162
0.064
0.202
0.016
0.05
0.032
0
0.018
0.028
0.23
0.008
0.028
0.782
0.002
0.008
0.016
0.044
0.024
0.01
0.086
0.062
0.002
0.016
0.002
0.048
0.002
0.026
0.1
0.016
0
0.01
0.024
0
0.01
0.086
0.08
0.22
0.01
0.01
0.04
0.542
0
0.02
0.002
0.004
0
0.23
0.002
0.04
0.004
0.024
0.04
0.026
0.056
0.15
0.42
0.004
0.002
0.016
0.072
0.442
0.006
0.08593508959
0.052
0.008
0.068
0.02
0.004
0
0.03
0.036
0.008
0.022
0.146
0.014
0.054
0.02
0.006
0.014
0.026
0.006
0.024
0.006
0.028
0.02
0.004
0.026
0.008
0.018
0.01
0.008
0.004
0.01
0
0.05
0.02
0.242
0.064
0.008
0.022
0.012
0.026
0.002
0.006
0.026
0.014
0.012
0.006
0.098
0.014
0.002
0.018
0.828
0.022
0.014
0.012
0.01
0.02181321688
0.01
0.016
0.03
0.022
0.024
0.11
0
0.052
0.002
0.088
0.004
0.108
0.018
0.022
0.008
0.004
0.026
0.032
0.014
0.006
0.004
0.004
0.002
0.136
0.014
0.39
0
0.008
0.008
0.074
0.01
0.052
0.002
0.006
0.006
0.044
0.002
0.086
0
0.022
0
0.004
0.004
0.208
0.004
0.04
0
0.04
0.008
0.002
0.012
0
0
0.032
0
0
0.004
0.01
0.008
0.286
0.02
0.028
0.004
0.002
0.032
0.008
0.006
0.002
0.014
0.719579533
0.006
0.38
0.004
0.142
0.008
0.056
0.03595720441
0.002
0.01
0.142
0.04993563583
0.002
0.03
0.026
0.032
0.008
0.442
0.002
0.06
0.008
0.032
0.006
0.028
0.018
0.028
0.054
0.28
0.014
0.966
0
0.05
0.024
0.012
0.024
0
0.026
0.01
0.01
0.038
0.4499370054
0.012
0.038
0.018
0.004
0.036
0.01
0.152
0.02
0.016
0.002
0.036
0.01
0.116
0.006
0.008
0.23
0.004
0.018
0.004
0.036
0.044
0.242
0.012
0.022
0.02
0.012
0.022
0.018
0.128
0.01
0.008
0.036
0.012
0.008
0.01
0.008
0
0.042
0.046
0.1377095281
0.008
0.01
0
0.002
0.008
0.138
0.012
0.002
0.022
0.724
0.5818236223
0.064
0.012
0.004
0.002
0.006
0.006
0.194
0.042
0.026
0.516
0.016
0.01
0
0.174
0.034
0.002
0.006
0.002
0
0.008
0.008
0.002
0.3
0.01387571897
0.17
0.006
0.04
0
0.022
0.006
0.012
0.528
0.014
0.036
0.004
0.012
0.002
0.4213828277
0.036
0.008
0
0.026
0.008
0.004
0.018
0.006
0.014
0.008
0.03
0.004
0.024
0
0.052
0.004
0.012
0.02
0.044
0.002
0.002
0
0.016
0.028
0.466
0
0.054
0.02
0.01
0.008
0.034
0.002
0.114
0.006
0.008
0.06782125523
0.006
0.022
0.012
0.004
0.008
0.018
0.028
0
0.024
0.024
0.007765176364
0.022
0.678
0.25
0.006
0.01
0.368
0.044
0.006
0.012
0.082
0.006
0.016
0.07
0.214
0.006
0.024
0.318
0.016
0.012
0.062
0.002
0.006
0
0
0.006
0.01
0.5456647973
0.068
0.044
0.006
0.008
0.014
0.02
0.004
0.04
0.032
0.002
0
0.002
0.024
0.004
0.94
0
0.006
0.002
0.01
0.014
0.01
0.201766015
0.002
0.062
0
0.008
0.006
0.018
0.012
0.016
0.002
0.076
0.004
0.006
0.062
0.844
0.126
0
0.004
0.02976736111
0
0
0.006
0.018
0.006
0.032
0.006
0.006
0.002
0
0.004
0.05
0.014
0.042
0
0.006
0.008
0.006
0.002
0.012
0.22
0.02
0
0.046
0.008
0.012
0.006
0.6519364389
0.006
0.034
0.024
0.554
0.082
0.016
0.04787614283
0.03
0.064
0.01
0.012
0.1
0.016
0.01
0.004
0.038
0.054
0
0.024
0.008
0.062
0.018
0.04
0.002
0
0.002
0.088
0.006
0.028
0.006
0.062
0.04
0.034
0
0.014
0.01
0.018
0.052
0.032
0.032
0.008
0.008
0.016
0.026
0.054
0.032
0.042
0.058
0.01
0.02
0.038
0.05
0.056
0.1
0
0.082
0.002
0.018
0.002
0.016
0.002
0.052
0.018
0.03187768057
0.006
0.022
0.02
0
0.006
0.008
0.01
0.004
0.01
0.01
0.3995842427
0.004
0.038
0.02
0.03
0.4358218955
0.004
0.032
0.01
0.02
0.016
0.01
0.014
0
0.014
0.038
0.102
0.004
0.016
0
0.006
0
0.058
0.012
0.058
0.928
0.002
0.778
0
0.704
0.002
0.016
0.008
0.468
0
0.004
0.88
0.006
0.014
0.008
0.022
0.008
0.01
0.008
0
0.036
0.002
0.016
0.088
0.006
0.018
0
0.052
0.046
0.028
0.004
0.014
0
0.11
0.022
0.012
0.01
0
0.054
0.942
0.01
0.052
0
0.002
0.05
0.038
0.02376395401
0.874
0.058
0.016
0.184
0.004
0.022
0.01
0.006
0.004
0.004
0.03
0.018
0
0.002
0.006
0.782
0.004
0.076
0
0.006
0.028
0.27
0.006
0.004
0.026
0.14
0.086
0.002
0.178
0.736
0.014
0.014
0.04
0.396
0.012
0.012
0.038
0.002
0.004
0.016
0.01
0
0.124
0.018
0.128
0.014
0.178
0.004
0.004
0.006
0.294
0.002
0
0.006
0.034
0.632
0.002
0.056
0.062
0.004
0.006
0.004
0.012
0.094
0.01
0
0.004
0.738
0.05391644849
0.042
0.046
0.02
0.004
0.01
0.094
0.002
0.006
0.006
0.156
0.018
0.482
0.016
0.018
0.038
0.024
0
0.038
0.008
0.02
0.062
0.3477108593
0.01
0.004
0.004
0.004
0.512
0.026
0.008
0
0.024
0.002
0.026
0.006
0.044
0.048
0.07791670873
0.116
0.0139781224
0.012
0.006
0.006
0.066
0.022
0.002
0.02
0.006
0.008
0.412
0.004
0.012
0.022
0.012
0.006
0.002
0.03587712856
0.016
0.004
0.012
0.538
0.026
0.038
0.004
0.248
0.2452451643
0.008
0
0.06
0.002
0.028
0.002
0.03
0.018
0.006
0.004
0.028
0.004
0.088
0.004
0.01
0.018
0.002
0.024
0.004
0.04
0
0.006
0.25
0.026
0.32
0.054
0.008
0.004
0.016
0.004
0.028
0.006
0.002
0.028
0.006
0.016
0.154
0.418
0.006
0.072
0.116
0.11
0.006
0.616
0
0.06
0.254
0.008
0.596
0.016
0.11
0.008
0.002
0.01
0.012
0.002
0
0.002
0.004
0.024
0.15
0.018
0.028
0.016
0.004
0.04
0.028
0.02
0
0.008
0.232
0.006
0.016
0.102
0.002
0.054
0.016
0.002
0.01
0.012
0.018
0.003667483248
0.03
0.074
0.64
0
0.056
0.3398788437
0.002
0.736
0.01176639951
0.01
0.012
0.022
0.04
0.098
0.812
0
0.018
0.012
0.004
0
0
0
0.946
0.006
0.018
0.004
0.002
0.014
0.008
0.002
0.028
0.058
0.013877513
0.07976662675
0.01
0.006
0.052
0.028
0.014
0.002
0.022
0.002
0.016
0.018
0.018
0.022
0.012
0.002
0.246
0.016
0.002
0.006
0.042
0.014
0.026
0.006
0.01
0.004
0.028
0.844
0.922
0.006
0.012
0.152
0.006
0.044
0.004
0.024
0.014
0.008
0.004
0.04
0.842
0.046
0.332
0.044
0.07
0.012
0.008
0.016
0.06
0.728
0.094
0.02
0.014
0
0.056
0.01
0.314
0.012
0.006
0.022
0.012
0.028
0.004
0.114
0.014
0.08
0.656
0.014
0.004
0.004
0.0638769807
0.018
0.006
0.008
0.148
0.004
0.004
0.109877306
0.294
0.024
0.038
0.002
0.01
0.022
0.112
0.002
0.02
0.11
0.022
0.002
0.006
0.09
0.002
0.002
0.004
0.048
0.84
0.01
0
0.006
0.006
0.03
0.016
0.016
0.038
0.01
0.016
0.02
0.004
0.03
0.016
0.008
0.006
0.046
0.088
0.006
0.006
0.004
0.012
0.004
0.666
0.01
0.018
0.004
0.024
0.022
0.04
0.014
0.006
0.016
0.144
0.008
0.618
0
0.002
0.002
0.04
0.1218750782
0
0.018
0.032
0.018
0.012
0.3479367484
0.028
0.034
0.006
0
0.044
0.004
0.02
0.036
0.004
0.006
0.002
0.048
0.004
0.032
0.006
0.014
0.01
0.04195697211
0.018
0.022
0.038
0.338
0.03
0.006
0.008
0.04
0.03
0.014
0.006
0.096
0.008
0.004
0.004
0.006
0.006
0.002
0.104
0.172
0.01
0.43
0.002
0.022
0.002
0.052
0.012
0.002
0
0.028
0
0.01
0.048
0.012
0.02
0.024
0
0.074
0.018
0.004
0.018
0.072
0.052
0
0.008
0.008
0.012
0.012
0.934
0.012
0.06193681138
0.0658769117
0.014
0.002
0
0.012
0.002
0.18
0.008
0.022
0.012
0.008
0.05591566756
0
0.022
0.01995791496
0
0.004
0.012
0.002
0.002
0.012
0.016
0.006
0.046
0.006
0.006
0.024
0.026
0.012
0.002
0.004
0.12
0.006
0.012
0.004
0.046
0.014
0.036
0.004
0.006
0.012
0.038
0.004
0.004
0.01
0.326
0.036
0.002
0
0.086
0.04
0.112
0.014
0.224
0.002
0.04
0.018
0.008
0.002
0.012
0.19
0.012
0.002
0.002
0
0
0.692
0.024
0.016
0.03
0.004
0.012
0.02
0.024
0.018
0.0238768427
0.018
0.034
0.008
0
0.026
0.01
0.024
0.01
0
0.034
0.002
0.046
0.066
0.034
0.028
0.004
0.016
0.138
0.02
0.074
0
0.02
0.016
0.004
0.032
0.014
0.008
0.004
0.01
0.044
0.002
0.04
0.004
0.002
0.014
0.016
0.01
0.044
0.006
0.048
0.016
0.268
0.002
0.3
0.004
0.064
0.006
0.012
0.01
0.068
0.004
0.016
0.004
0.006
0.008
0.008
0.028
0.028
0.952
0
0.072
0.162
0.038
0.026
0.124
0.014
0.032
0.022
0.1419159142
0.04
0.07
0.042
0.002
0.064
0.072
0
0.042
0.09
0.916
0
0.084
0
0.024
0
0
0.022
0.108
0.016
0.008
0.022
0.008
0.03987772986
0.006
0.022
0.074
0
0.086
0.166
0.174
0.032
0.054
0.008
0.002
0.016
0.008
0.002
0.04
0.002
0.256
0.002
0
0.004
0.01
0.058
0.586
0.022
0.034
0.03
0.032
0.01
0
0.01576725619
0.006
0.008
0.012
0.008
0.036
0.004
0.02
0.002
0.034
0.01
0.006
0.022
0.032
0.004
0.006
0.01
0.118
0.006
0.004
0.028
0.026
0.006
0.002
0.002
0
0.012
0.42
0
0.002
0.108
0.002
0.014
0.004
0
0.034
0.012
0
0.0836110651
0.016
0.006
0.026
0.01
0.948
0.028
0.022
0.012
0.004
0.002
0.052
0
0.026
0.118
0.038
0.054
0.042
0.022
0.03387739471
0.004
0.008
0.024
0.198
0.002
0.01
0.022
0.07
0.028
0.02
0.002
0.004
0.01793556232
0.006
0.05
0.002
0.012
0.006
0.008
0.014
0.002
0.004
0.046
0.018
0.03
0.02
0.148
0.048
0.032
0.018
0.008
0.024
0.02
0.034
0.022
0.18
0.01
0.016
0.022
0.05776912824
0.024
0.042
0.002
0
0.004
0.008
0.04771787301
0.016
0.032
0.018
0
0
0
0.022
0.01
0.01
0.046
0.022
0.032
0.038
0.01
0.022
0.048
0.068
0.106
0.002
0.022
0.01
0.002
0.11
0.874
0.004
0.02
0.016
0.06
0.01145773535
0.012
0.002
0.002
0.122
0.008
0.014
0.096
0.004
0.002
0.016
0.292
0.002
0.006
0.076
0.024
0.008
0.004
0.038
0.004
0.004
0
0.048
0.06
0.002
0.01
0.126
0.016
0.04
0.052
0.362
0.014
0.012
0.012
0.026
0.006
0.022
0.046
0
0.022
0.002
0.008
0.002
0.005765228768
0.004
0
0.024
0.004
0.018
0.006
0.116
0.034
0.008
0.076
0.008
0.01
0.044
0.04
0.026
0.022
0.004
0.252
0
0.0697695484
0
0.02367205011
0.022
0
0.004
0.038
0.026
0.004
0.01
0.04
0.016
0.038
0.008
0.038
0.002
0.022
0.058
0.0417679558
0.086
0.006
0.016
0.016
0.022
0.19
0.112
0
0.038
0.074
0.08
0.158
0.018
0.764
0.018
0.02
0.038
0.003874614949
0.024
0.036
0.002
0.082
0.016
0.024
0.002
0.12
0.01
0.02
0.026
0.006
0.004
0.038
0.03376841069
0.016
0.102
0.034
0.752
0.804
0.372
0.028
0.448
0.004
0.01
0.008
0.44
0.016
0.026
0.008
0.03987633012
0.036
0.026
0.03795725086
0.058
0.016
0.04
0.006
0.086
0.01
0.004
0
0.024
0.046
0.004
0.05
0.006
0.002
0.04
0.076
0.018
0.004
0.012
0.188
0.01
0.06
0.028
0.034
0.012
0.03181904309
0.042
0.008
0.18
0
0.036
0.028
0.02
0.06
0.528
0.016
0.004
0
0.024
0.006
0.004
0.006
0.056
0.002
0.606
0.6198776806
0.056
0.028
0
0.008
0.004
0.008
0
0.008
0
0.006
0.072
0.114
0.022
0
0.606
0.024
0.168
0.006
0.122
0.016
0.038
0.048
0.002
0.01
0.068
0
0
0.006
0.044
0.03
0.008
0
0
0.01
0.006
0.012
0.008
0.018
0.002
0.06
0.158
0.006
0.04391577718
0.004
0.004
0.01
0.8
0
0.004
0.008
0.018
0.034
0
0.017877513
0.012
0.002
0.006
0.024
0.004
0.002
0.016
0.006
0
0.372
0.002
0.002
0.114
0.03
0.006
0.062
0.01
0.004
0.002
0.012
0.004
0
0.058
0.17
0.032
0
0.004
0.014
0.026
0.014
0.004
0.022
0.002
0.02
0.022
0
0.01
0.002
0.002
0.04
0
0.006
0
0.016
0.018
0.004
0.946
0.01176163373
0.08193553606
0.022
0.136
0.654
0.024
0.008
0.002
0
0.012
0.008
0.004
0.076
0.01
0.022
0.006
0.012
0.006
0.046
0.018
0.04
0.012
0.482
0.672
0.004
0.01
0.022
0.056
0.002
0.028
0.02
0.774
0.016
0
0.008
0.02
0
0.184
0.01
0.014
0.022
0.016
0.016
0.407877306
0.012
0.006
0
0.01
0.83
0.012
0.132
0.344
0.006
0.7158750881
0.004
0.004
0.03146773629
0
0.126
0.044
0.004
0.05587704971
0.148
0.092
0.014
0.002
0.028
0.004
0.022
0.024
0.002
0.006
0.036
0.018
0.004
0
0.006
0.07
0.09
0.038
0.012
0.004
0.01
0.01
0.102
0.006
0.016
0.102
0.004
0.06
0.018
0.036
0.018
0.044
0.712
0.02
0.112
0.016
0.018
0.378
0.012
0.002
0.026
0.036
0.158
0.08
0.01
0.008
0.022
0.014
0.002
0.016
0.014
0.01
0.058
0
0.026
0.102
0.01
0.018
0.078
0
0.002
0.016
0.032
0.02
0.008
0.028
0
0.016
0.004
0.006
0.008
0.01
0.06136225181
0.122
0.04
0.012
0.086
0
0.004
0.024
0.026
0.03
0.04
0.004
0.002
0.004
0.006
0.014
0.038
0.044
0.006
0.01
0.002
0.022
0.008
0.004
0.024
0.048
0.006
0.006
0.004
0.018
0.018
0.018
0.604
0.02
0.006
0.002
0.004
0.004
0.01
0.026
0.912
0.024
0.016
0
0.03
0.214
0.09703674541
0.532
0.5
0.04
0.018
0.01
0.324
0.542
0.022
0.022
0.01
0.034
0.02
0.014
0.144
0.002
0.024
0.008
0.058
0.008
0.066
0.022
0.6536454939
0.008
0.008
0.13
0.02
0.006
0
0.002
0.012
0.048
0.022
0.004
0.046
0.104
0.012
0.012
0
0.004
0.3319570186
0.054
0.026
0.338
0.014
0.002
0
0.004
0
0.012
0.03987858745
0.002
0.002
0.182
0.038
0.014
0.012
0.27
0.022
0.03
0.002
0.12
0.1097669939
0.038
0.004
0.006
0.012
0.086
0
0.008
0.634
0.006
0.01354572989
0
0
0.008
0.258
0.066
0.066
0
0.032
0.004
0.016
0
0.006
0.016
0.2036877363
0
0.022
0
0.126
0.624
0.02993612931
0.022
0.194
0.046
0.016
0.77
0.758
0.006
0.032
0.022
0.01
0.008
0.058
0.004
0.024
0.04
0.008
0.002
0.014
0
0.626
0.006
0.01376685402
0.014
0.02
0.024
0.6198746248
0.014
0.036
0.102
0.008
0.042
0.914
0.014
0.016
0.132
0.008
0.028
0.046
0.008
0.014
0.008
0.03
0.002
0.004
0.026
0.044
0.6539569578
0.034
0.012
0.02
0.008
0.006
0.312
0.008
0.11
0.674
0.09
0.004
0.02
0.024
0.014
0.02
0.04
0.178
0.008
0
0.008
0.026
0.008
0.014
0.788
0.01
0.02
0.006
0.002
0.006
0
0
0
0.008
0.044
0.008
0.006
0.062
0.004
0.012
0.004
0
0.012
0.012
0.04
0.032
0.01
0.078
0.006
0.198
0
0.02
0.022
0.002
0.022
0.014
0.066
0.024
0.002
0.316
0.05913349703
0.002
0.002
0.004
0.062
0.008
0.484
0.008
0.006
0.348
0
0
0.056
0.04593599284
0.012
0.024
0.016
0.01
0.02
0.014
0.004
0
0.05180219548
0.142
0.084
0.022
0.004
0.026
0.024
0.018
0.004
0.01
0.022
0.016
0.002
0.016
0.046
0.01
0.018
0.006
0.1016709245
0.02
0.04962333939
0.006
0.002
0.002
0.024
0.008
0.082
0.006
0.016
0
0.018
0.002
0.05193544153
0.024
0.002
0.028
0.014
0.104
0.016
0.012
0.002
0.008
0.02
0.002
0.002
0.05
0.058
0.178
0.032
0.002
0.12
0.026
0.004
0.056
0
0.012
0.006
0.018
0.004
0.026
0.008
0.008
0.006
0
0
0.008
0.004
0.368
0.002
0.062
0.01566680541
0.044
0.674
0.016
0.032
0.012
0.034
0.002
0.004
0.004
0.034
0.014
0.028
0
0.04
0.01
0
0
0.028
0.004
0.014
0.004
0.01
0.014
0.022
0
0.026
0.002
0.008
0.086
0.018
0
0.006
0
0.036
0.032
0.022
0
0
0.01
0.024
0
0.04
0.01
0.016
0.004
0.006
0.09796746242
0.13
0.01
0.012
0.022
0.002
0.026
0.622
0
0.006
0.156
0.006
0.002
0.006
0.02
0.028
0.034
0.012
0.054
0.08
0.024
0.02
0.014
0.008
0.012
0.02
0.024
0.002
0.65
0.022
0.004
0.02
0.002
0.146
0.024
0.002
0.02
0.068
0.004
0.022
0.266
0.068
0.02
0.25
0.068
0
0.006
0.026
0.004
0.002
0
0.01
0.036
0
0.074
0.028
0.009835977252
0.008
0.006
0.03
0.096
0.058
0.022
0.004
0.016
0.006
0.012
0.01
0
0.016
0.006
0.002
0.078
0.004
0.002
0.032
0.01
0.006
0.014
0
0.042
0.056
0.026
0.004
0.008
0.004
0.008
0.002
0.026
0.03387584711
0.018
0.002
0.01
0.054
0.014
0.002
0.044
0.024
0.02
0.01775214766
0.084
0.026
0.006
0.01
0.018
0.012
0.008
0.008
0.006
0
0.02
0.028
0.002
0
0.006
0.018
0.018
0.03
0.014
0.032
0.002
0.012
0.03
0.012
0.042
0.022
0.05793724139
0.012
0.004
0.07
0.004
0.002
0.01
0.022
0.006
0.028
0.004
0.01
0.042
0.002
0.028
0.002
0.274
0.522
0.022
0.002
0.226
0.002
0.014
0.048
0.008
0.018
0.002
0.006
0.01
0
0.028
0.048
0.022
0.018
0.04
0.032
0.008
0.006
0.046
0.006
0.01
0.09991646219
0.814
0.002
0.022
0.158
0.01
0.314
0.002
0
0.004
0.022
0
0.01
0.002
0.008
0.006
0.014
0.002
0.152
0.082
0.044
0.006
0.012
0.01
0.006
0.032
0.194
0.01
0
0.01981322663
0.6
0.008
0.012
0.554
0.032
0.006
0.006
0.01
0.036
0.006
0.088
0.002
0.044
0.01
0.002
0.004
0.02
0.004
0.002
0.08158129679
0.302
0.012
0.064
0.028
0
0.024
0.034
0.012
0.012
0.004
0.046
0.004
0.032
0.234
0.004
0.006
0.002
0.048
0.012
0.006
0.01
0.018
0.012
0.282
0.004
0.01
0.02
0.026
0
0.04
0.002
0.028
0.106
0.014
0.668
0.012
0.004
0.016
0.01
0.006
0.032
0.008
0.322
0.004
0.004
0.004
0.026
0.042
0.03
0.012
0.006
0.068
0.002
0.002
0.04193617129
0.01777012626
0.05
0.008
0.012
0.64
0.012
0.022
0.004
0.012
0.028
0.146
0.028
0.014
0.038
0.014
0.02
0.058
0.03
0.004
0.234
0.012
0.02
0.046
0.002
0.06
0.008
0.078
0
0.058
0.002
0.006
0.112
0.02
0.022
0.016
0.036
0.014
0.012
0.038
0.02
0.004
0.014
0.004
0.008
0.318
0.038
0.024
0.006
0.012
0.04
0.218
0.03
0.016
0.018
0.046
0.02
0.006
0.592
0.002
0
0.016
0.006
0.03
0.856
0.046
0
0.012
0
0.072
0
0.054
0.002
0.006
0.446
0.024
0.024
0.012
0.066
0.002
0.006
0
0.008
0.022
0.01
0.018
0.016
0.004
0.02
0.006
0.014
0
0.016
0.006
0.002
0.002
0.016
0.056
0.008
0.014
0.008
0.18
0.02
0.01
0.124
0.008
0.008
0.944
0.006
0.038
0.02
0
0.004
0.006
0
0
0.058
0.01
0.014
0.118
0.006
0
0.004
0.012
0
0.11
0.138
0.766
0.162
0.032
0.01
0.006
0.018
0
0.008
0.022
0.002
0.032
0.005765665527
0.012
0.014
0.024
0.094
0.424
0
0.01
0.014
0.01
0.038
0.006
0.076
0.078
0.02
0
0.082
0.05793602433
0.002
0.004
0.002
0.032
0.012
0.004
0.002
0.014
0
0.004
0.012
0.03183442401
0.054
0.024
0.018
0.036
0.002
0.018
0.78
0.01
0.038
0.02
0.01
0.026
0
0.008
0.014
0.914
0.01
0
0.058
0.098
0.01
0.01
0.002
0.004
0.002
0.002
0.93
0.01
0.024
0.022
0.01
0.074
0.008
0.018
0.006
0.002
0.032
0.004
0.034
0.02
0
0.004
0.06
0
0.002
0.026
0.004
0.036
0.018
0.002
0.074
0.3
0.002
0.002
0.002
0.914
0.158
0.006
0.002
0.232
0.082
0.088
0.002
0.806
0.006
0.014
0.024
0.028
0.082
0.018
0.118
0.98
0.002
0.528
0.048
0.016
0
0.004
0
0.02
0.112
0.022
0
0.648
0.026
0.006
0.008
0.012
0.014
0.044
0.008
0.014
0.012
0.008
0.044
0.068
0.022
0.274
0.894
0.048
0.018
0
0.056
0.004
0.004
0.068
0.116
0.014
0.01
0.01
0
0.026
0.468
0.018
0.016
0.038
0.002
0.026
0.908
0.02987499938
0.096
0.066
0.052
0.002
0.002
0
0.006
0
0.042
0.066
0.002
0.014
0
0.5536697296
0.016
0.044
0.01
0.03
0.07
0
0.16
0.004
0.004
0.006
0.032
0.022
0
0.016
0.01
0.008
0.03
0.002
0.004
0.088
0.022
0.006
0.14
0.03
0.214
0.068
0.034
0.002
0.012
0.026
0
0.676
0
0.028
0.026
0.138
0.007533953574
0.01
0.01
0.008
0.002
0.024
0.174
0.942
0.274
0.05
0.002
0.0178769807
0.03
0.004
0
0.406
0.018
0
0.02
0.006
0.016
0.006
0
0.034
0.002
0
0
0
0.598
0.006
0.01
0.01
0.024
0.004
0.03
0.014
0.01
0.068
0.002
0.004
0.03
0.122
0.056
0.014
0.026
0.044
0.074
0.008
0.118
0.002
0.01
0.018
0.01
0.018
0.004
0.002
0.028
0.018
0.074
0
0.024
0.018
0.016
0.006
0.002
0.508
0.04
0.034
0.01
0.01
0.03
0.052
0.092
0.002
0
0.022
0
0.03759800073
0.002
0.1
0.014
0.004
0.844
0.004
0.104
0.066
0.064
0
0.002
0.38
0.25
0.038
0.012
0.146
0.036
0.026
0.017726906
0.006
0.008
0.024
0.796
0.004
0.022
0.012
0.04
0.002
0.012
0.006
0.116
0.088
0.006
0.648
0
0.048
0.024
0.014
0.03
0.006
0
0.022
0.008
0.008
0.014
0.002
0.008
0
0.006
0.152
0.01
0.046
0.014
0
0.012
0.038
0.046
0.048
0.022
0
0.004
0.012
0.008
0.04
0.026
0.006
0.004
0.032
0.016
0.006
0.024
0
0.012
0.034
0
0.186
0
0.016
0.028
0.038
0.06971909174
0.008
0.01
0.014
0.024
0.012
0
0
0.01
0.076
0.074
0.008
0.014
0.004
0
0.002
0.052
0.942
0
0.032
0
0.006
0.026
0.046
0.002
0.01
0
0.02
0.006
0.01
0.044
0.016
0.02776657431
0.01
0.002
0.014
0.01
0.954
0
0.03
0.06
0.002
0.026
0.02
0.004
0.008
0.01
0.01
0.146
0.006
0
0.032
0.854
0.012
0.006
0.002
0.034
0.026
0.008
0
0.04
0
0
0.77
0.002
0.01
0.026
0.012
0.086
0.266
0.008
0.016
0.03
0.008
0.028
0.042
0.006
0.08
0.016
0.132
0.01
0.022
0.004
0.004
0
0.01766708585
0.09993612931
0.012
0.006
0.018
0.022
0
0.008
0.008
0.006
0.002
0.05
0.022
0.012
0
0.02
0.022
0.054
0.002
0.002
0
0.004
0.002
0.002
0.032
0.012
0.01
0.014
0
0.01
0.014
0.002
0
0.062
0.032
0.036
0.008
0.016
0.006
0.03
0.024
0.005914989145
0.586
0.008
0.098
0.116
0.018
0.008
0.008
0.168
0.016
0.036
0.006
0.001915612749
0.024
0.124
0.002
0.02595762586
0.01
0.698
0.044
0.002
0.008
0.01744643532
0.064
0.006
0.362
0.058
0.04
0.064
0.064
0.022
0.01
0.014
0.018
0.014
0.004
0.016
0.076
0.03
0.026
0.056
0
0.004
0.008
0.036
0.008
0.002
0.002
0.006
0.012
0.006
0.012
0.014
0.062
0.02
0.276
0.378
0.546
0.04
0.044
0.776
0.012
0.008
0.082
0
0.008
0.006
0.026
0.009674539183
0.028
0.024
0.01
0
0
0.018
0.044
0.028
0.01
0.004
0
0.008
0.018
0.018
0.014
0.9539364809
0.104
0.006
0
0
0.006
0.456
0.034
0.248
0.014
0.004
0.01
0.014
0.012
0.038
0.01
0
0.002
0.008
0.02
0.114
0.006
0.014
0.002
0.062
0.028
0.054
0.006
0.026
0.012
0.014
0.128
0.146
0.028
0.078
0.014
0.3
0.044
0.008
0.018
0.018
0
0.016
0.006
0.024
0.002
0.006
0.024
0.004
0.002
0.014
0.01
0.002
0.022
0.044
0.008
0.014
0.004
0.04
0.01
0.002
0.012
0.152
0.04
0.01
0.006
0.006
0.002
0.376
0.01
0.002
0.002
0
0.006
0.016
0.002
0.002
0
0.028
0.6769836332
0.248
0.008
0.024
0.002
0.014
0.03
0
0.008
0.616
0.03
0.02793681138
0.196
0.004
0.018
0.684
0.004
0.01
0.006
0.01
0.232
0.046
0.002
0.002
0.056
0.038
0.046
0.006
0.004
0.03
0.002
0.01
0.008
0.022
0.002
0.044
0.002
0.494
0.622
0.054
0.3817670289
0.008
0.002
0.014
0.002
0.01
0.024
0.02
0.004
0.018
0.004
0.006
0.056
0.012
0.05
0.002
0
0.008
0.056
0.01
0.032
0.298
0.004
0.032
0.006
0.007876862417
0.006
0.012
0.03
0.014
0.032
0.008
0
0
0.012
0.014
0.006
0.008
0.018
0
0.006
0.022
0.03
0
0.056
0.01
0.428
0.444
0.062
0.002
0.012
0.11
0
0
0.01
0.008
0.446
0.012
0.028
0.032
0.002
0.002
0.034
0.022
0.568
0.002
0.008
0.03
0.056
0
0.092
0.034
0.066
0.032
0
0.004
0.002
0.056
0.024
0.016
0.038
0.004
0.002
0.028
0.006
0.008
0.004
0.006
0.006
0.04
0.014
0.04
0
0.732
0.068
0.018
0.016
0.006
0.004
0
0.008
0.01
0
0.006
0.11
0.054
0.008
0.008
0.006
0.006
0.014
0.196
0.01
0.008
0.002
0
0.138
0.008
0
0.004
0.01
0.032
0.042
0.008
0.006
0.016
0.02587734542
0.026
0.198
0.894
0.0219358301
0.758
0.016
0.024
0.03
0.04567273063
0.034
0.04
0.158
0.007766539349
0.022
0.014
0.006
0.338
0.012
0.002
0.022
0.028
0.004
0.064
0
0.02
0.007502271731
0.294
0.026
0.034
0.024
0
0
0.006
0.018
0.042
0.004
0.486
0.002
0.018
0.007763936555
0.048
0.01
0.0476740222
0.002
0.01
0.024
0.394
0.024
0.01
0.076
0.03
0.008
0.01987688213
0.106
0
0.026
0.046
0.008
0.024
0.004
0.012
0.004
0.016
0.016
0.014
0.354
0
0.026
0.002
0.066
0.008
0.01
0.032
0.008
0.016
0.01
0.014
0
0.002
0.018
0.012
0.016
0
0.028
0.074
0.022
0.03
0.002
0.004
0.006
0.01
0.002
0.046
0.002
0.008
0.106
0.012
0.008
0.012
0.846
0.124
0.016
0.42
0.184
0
0.052
0.02371909174
0.018
0.078
0.012
0.01
0.016
0.024
0.004
0.012
0.004
0.004
0.4981600538
0.018
0.07
0.04
0.016
0
0.014
0
0.014
0.6478210186
0.034
0.008
0.01
0.004
0
0.148
0.006
0.002
0.024
0
0.004
0.7071695867
0.006
0.004
0.026
0.6533852182
0
0.004
0.006
0.014
0.008
0.012
0.01
0.008
0.02
0.18
0.024
0.252
0.282
0.002
0.116
0.002
0.004
0.028
0.014
0.018
0.014
0.056
0.004
0
0.004
0.024
0.02
0.006
0.002
0.03395751517
0.012
0.016
0.004
0
0.002
0.942
0.872
0.012
0.006
0.032
0.002
0
0.002
0.206
0.04
0.006
0.004
0.022
0.028
0.014
0.004
0
0.01
0.014
0
0.022
0.044
0.002
0.084
0.01
0.004
0.182
0.026
0.188
0.02
0.004
0.018
0.692
0.1218145467
0
0.476
0.018
0.01
0.002
0.007876635698
0.002
0.042
0.006
0.004
0.01
0.064
0.004
0.504
0
0.056
0.03987641884
0.008
0.108
0.002
0.016
0.022
0.004
0.008
0.004
0.074
0.004
0.048
0.028
0.084
0.016
0
0.054
0.002
0.01
0.07787556125
0
0.002
0.2456709948
0.03993557807
0.014
0.042
0.008
0.018
0
0.062
0.002
0.02
0.044
0.768
0.148
0
0.002
0.082
0.046
0.026
0.932
0.012
0.016
0.598
0.028
0.05
0.01
0.006
0.012
0
0
0.008
0.316
0.068
0.078
0.05
0.018
0.002
0.028
0.044
0
0.01
0.044
0.012
0.002
0.136
0.404
0.022
0.094
0.026
0.24
0.004
0.016
0.036
0
0.01
0.32
0.72
0.3955810581
0.002
0.038
0.008
0.004
0.042
0.01
0.016
0.016
0.01
0.008
0.01
0.012
0.01
0.156
0.076
0.004
0.046
0.268
0.002
0.03
0.194
0.014
0.02376725619
0.008
0.002
0
0.046
0.106
0.042
0.046
0.052
0.003915564786
0.004
0.036
0.012
0.016
0.008
0.052
0.008
0.01
0.018
0.02
0
0.122
0.09
0.03
0.022
0.01
0
0.018
0.034
0.002
0.002
0.008
0.09176729116
0.004
0.57
0.756
0.028
0
0.002
0.01
0.002
0.002
0.002
0.01
0.002
0
0.034
0.012
0.106
0.008
0.968
0.018
0.016
0.028
0.002
0.006
0.004
0.002
0.024
0.004
0.022
0.032
0.088
0.388
0.014
0.03
0.008
0.002
0.006
0.014
0.006
0.03
0.022
0.018
0.01
0.018
0.028
0.044
0.006
0.102
0.006
0.006
0.0377655607
0.002
0.05
0
0.076
0.504
0
0.01
0.002
0.084
0.026
0.008
0.004
0.226
0.006
0.014
0.078
0.12
0
0.046
0.002
0.006
0.016
0.022
0.322
0.008
0.01966594107
0.094
0.004
0.026
0.018
0.012
0.004
0.008
0.076
0.3236428389
0.002
0.026
0.012
0.038
0.036
0.03
0.008
0.052
0.39
0.036
0.612
0
0.02
0.038
0.016
0.028
0.008
0.032
0.006
0.008
0.004
0.328
0.032
0.042
0.05
0.004
0.01
0.05
0.044
0.004
0.008
0.002
0.02
0.102
0.05
0.01
0.026
0.016
0
0.006
0.008
0.008
0.007936517622
0.05576816574
0.022
0.038
0.026
0.02
0.034
0.064
0
0.8738213387
0.004
0.022
0.09193675893
0.052
0.002
0.004
0.004
0
0.01
0.002
0.266
0.002
0.078
0.032
0.064
0
0.016
0.008
0
0.02
0
0.004
0
0.06181329669
0.018
0.094
0.018
0.028
0.026
0.014
0.184
0.004
0.268
0.026
0.024
0.028
0
0.004
0
0
0.172
0.02
0.018
0.028
0.046
0
0.012
0.006
0.036
0.038
0.478
0.696
0.282
0.01
0.092
0.1658116101
0.416
0.162
0.004
0.002
0.044
0.014
0.014
0.944
0.005875758397
0.002
0.072
0.018
0.008
0.004
0
0.004
0.251957333
0.61
0.032
0.012
0.084
0.01
0.01
0.008
0.0159367432
0.192
0.004
0.002
0.002
0.028
0.034
0.028
0.01
0.012
0.004
0.006
0.04
0.01
0.008
0.038
0.024
0.002
0.01
0.002
0.01
0.006
0.048
0.002
0.014
0.02
0.008
0.006
0.052
0.016
0.014
0.018
0.008
0.012
0.014
0.016
0.004
0.04
0.01
0.002
0.006
0.02
0.222
0.014
0.002
0.702
0.05
0.012
0.188
0.118
0.002
0.004
0.036
0.012
0.004
0.01
0.008
0.012
0.014
0.834
0.028
0.012
0.002
0.008
0.048
0.006
0.004
0.058
0.054
0.002
0
0.05
0.04787736514
0.002
0.014
0.01
0.006
0.016
0.002
0.012
0.092
0.046
0.362
0.01
0.034
0.012
0
0.01
0.018
0.76
0.006
0
0.022
0.058
0.04
0.026
0.014
0.006
0.754
0.004
0
0.05593643892
0.006
0.022
0.012
0.018
0.022
0.008
0.004
0.01
0.008
0.09995706504
0.074
0.04
0.016
0
0.002
0.002
0.044
0.004
0.0677471576
0.007936695988
0.06
0.048
0.074
0.004
0.012
0.018
0.016
0.034
0.004
0.032
0.762
0.096
0.04
0
0.584
0.008
0.112
0.02
0
0.052
0
0
0.016
0.288
0.054
0.01
0.048
0.05345359728
0.01
0
0.02
0.016
0.022
0.028
0.008
0.208
0.074
0.024
0.012
0.018
0.068
0.01
0.012
0.872
0.008
0.016
0
0.008
0.03
0.094
0.026
0.018
0.01
0.02
0.004
0.022
0.028
0.018
0.022
0.004
0.02
0
0.026
0.006
0.048
0.008
0.008
0.006
0.014
0.068
0.024
0.012
0.004
0.172
0.036
0.032
0.078
0.008
0.02
0.044
0.866
0
0.018
0.254
0.878
0.014
0.012
0.006
0.008
0.008
0.01
0.012
0.038
0.014
0.062
0.28
0.01
0.034
0.006
0.005770564158
0.028
0.002
0.024
0.026
0.034
0.022
0.524
0.01
0.008
0.048
0.014
0.02
0.024
0.254
0.072
0.002
0.036
0.038
0.004
0.014
0.342
0.014
0.026
0.044
0.006
0.004
0.036
0.002
0.018
0.062
0.002
0.002
0.146
0.048
0.002
0
0.386
0.134
0.03357637616
0.002
0.01
0.01
0
0.004
0.572
0.022
0
0.002
0.012
0.006
0.014
0.01581734686
0.002
0.012
0.038
0.016
0.004
0.084
0.02
0.018
0.006
0.014
0.016
0.004
0
0.028
0.634
0.492
0.176
0
0.008
0.018
0.012
0.018
0.02
0.004
0.026
0.1478765174
0
0.02
0.22
0.01
0.026
0.022
0.032
0.022
0.008
0
0.106
0.016
0.04
0.0438759654
0.01
0.012
0.648
0.022
0.004
0.002
0.006
0.03
0.044
0.107763954
0.004
0.01
0.01
0.002
0.23
0
0.006
0.022
0.01
0.02
0.05
0.032
0.038
0.09
0
0
0.026
0.15
0.016
0.002
0.008
0.048
0.012
0.146
0.036
0.03
0
0.006
0.036
0.706
0.004
0.048
0.03
0
0
0.014
0.024
0.01
0
0.004
0.01
0.05
0.008
0.026
0.042
0.006
0.016
0.526
0.086
0.044
0
0.05
0.076
0.026
0.07
0.02
0.112
0.774
0.44
0.05387584711
0.024
0.024
0.012
0.016
0.078
0.408
0.21
0.006
0.012
0.11
0.886
0.002
0
0.016
0.012
0.036
0.014
0.034
0
0.098
0.004
0.004
0.01
0.038
0.064
0.008
0
0.024
0.008
0.53
0.016
0.036
0.02187462481
0.036
0.07
0.014
0.01595791496
0
0
0.024
0.17
0.02
0.008
0.014
0.026
0.016
0
0.002
0
0.014
0.03
0.042
0.006
0.006
0.004
0.022
0.032
0.074
0.036
0.016
0.002
0.302
0.014
0.01
0.036
0.004
0.01
0
0.124
0.054
0.006
0.13
0.002
0.004
0.028
0.016
0.014
0.07
0.01
0.08
0.03
0
0
0.006
0.002
0.022
0.2
0.056
0.018
0.006
0.106
0
0.04
0.026
0.038
0.046
0.024
0.054
0.01396771714
0.836
0
0.004
0.092
0.6354600206
0.052
0.02
0.006
0.008
0
0.014
0.006
0.008
0.02
0.002
0.004
0.014
0.098
0.125875167
0.008
0.006
0
0.062
0.008
0.178
0.022
0
0.064
0.014
0.028
0.006
0.01
0.028
0
0.038
0.074
0.002
0.202
0.1770444466
0.39
0.006
0.044
0.396
0.002
0.014
0.096
0.01
0.024
0.004
0.764
0.018
0.008
0.076
0.008
0.006
0.052
0.004
0
0.01
0.01
0.008
0.028
0.008
0.002
0.02
0.006
0.016
0.002
0.012
0.022
0.038
0.024
0.002
0.024
0.02
0.068
0.132
0.012
0.002
0.008
0.006
0.926
0.008
0.04
0.006
0.02
0.022
0
0.05
0
0
0.239477652
0
0.016
0.204
0.026
0.322
0.028
0.016
0.022
0.008
0.008
0.412
0.014
0.012
0.01
0.008
0.008
0.716
0
0.012
0.026
0.036
0.012
0.018
0.008
0.002
0.024
0.02
0.068
0.018
0.01
0.026
0.002
0.036
0.152
0.06
0
0.016
0.298
0.032
0.444
0.016
0.002
0.036
0.014
0.062
0.002
0.454
0.744
0.018
0
0.01
0.012
0.022
0.01
0.006
0.006
0.002
0.006
0.026
0.042
0.028
0.004
0
0.04
0.002
0.03
0.004
0.006
0.006
0.022
0.714
0.002
0.004
0.012
0
0.014
0.032
0.01
0.02
0.016
0.008
0
0
0.024
0.028
0.004
0.008
0.028
0.032
0
0.006
0.02
0.02
0.088
0.024
0
0.024
0.022
0.078
0.6920701992
0
0.022
0.01587705956
0.01
0.212
0.014
0.006
0.008
0.002
0
0
0.06
0.19
0
0.024
0.018
0.002
0.024
0.05
0.048
0.009936423181
0.038
0.194
0.012
0.002
0.01
0.006
0.072
0.002
0.004
0.948
0.01
0.006
0.002
0.48
0.02993625002
0.014
0.006
0.046
0.536
0.014
0.052
0
0.082
0.004
0.007876527268
0.006
0
0.01
0.004
0.002
0.05
0.032
0.046
0.014
0.048
0.018
0.03
0
0.308
0.012
0.004
0.004
0.08
0.254
0.094
0.006
0.002
0.012
0.096
0
0.002
0.006
0.006
0.006
0.556
0.004
0.044
0.394
0.028
0.03
0
0.012
0.008
0.362
0.014
0.008
0.03
0.018
0
0.078
0.018
0.1979359141
0
0.008
0.008
0.016
0.68
0.27
0.064
0.01
0.008
0.016
0.1
0.004
0.036
0.814
0.01
0.006
0.002
0.01176799079
0
0.01
0.006
0.008
0.048
0.006
0.84
0.032
0.01
0.296
0.006
0.01
0.018
0.036
0.018
0.006
0.02
0.014
0.006
0.014
0.002
0.51
0.082
0.002
0.012
0.002
0.016
0
0.024
0
0.012
0
0.018
0.028
0.008
0.804
0.036
0.014
0.008
0.01
0.002
0.008
0.084
0.636
0.006
0.01
0.782
0.024
0.008
0.006
0.036
0.04
0.846
0.006
0.872
0.01
0.028
0.016
0
0.008
0.008
0.126
0.022
0.08
0.1198773947
0.064
0.034
0.002
0.06
0.016
0.02
0.364
0.012
0.006
0.472
0.014
0.01
0.006
0.002
0.01
0.028
0.124
0.024
0.008
0.038
0.004
0.022
0
0.016
0.518
0.002
0.02
0.014
0.01
0.014
0.004
0.006
0
0.156
0.822
0.2097687607
0.076
0.034
0.004
0.054
0.3298774736
0.046
0.034
0
0.012
0.052
0.006
0
0.472
0.006
0.006
0.014
0.084
0.048
0
0.018
0.01
0
0.096
0.004
0.06
0.02
0.008
0.04
0.004
0.006
0.03
0.064
0.056
0.012
0.02
0.01
0.26
0.034
0.002
0.002
0.01
0.046
0.014
0.012
0.096
0.004
0.022
0.002
0.01596762774
0.002
0.006
0.042
0.006
0.086
0.014
0.01
0.002
0.232
0.002
0.004
0
0.088
0
0.018
0.03
0.108
0.012
0.5598785874
0.002
0.002
0.006
0.064
0.006
0
0.056
0.004
0.02
0.026
0.004
0.022
0.11
0.078
0.002
0.012
0.852
0.018
0.006
0.034
0.028
0.01
0.002
0.082
0.052
0.062
0.006
0.63
0
0.068
0.022
0.01366575426
0.648
0.054
0.024
0.006
0.016
0.036
0.014
0.016
0
0.008
0.702
0.018
0.05
0.674
0.012
0.004
0.068
0.01
0.016
0.386
0.574
0.006
0.018
0.058
0.03
0.144
0.086
0.018
0.002
0.002
0.004
0.134
0.154
0.04587690185
0.026
0.022
0.014
0.006
0.002
0.002
0
0.066
0.01
0.008
0.006
0.606
0.004
0.006
0.08
0.048
0
0.002
0
0.522
0
0.012
0.028
0.06
0.02
0.046
0.024
0.022
0.058
0.012
0.014
0.054
0.028
0.018
0.086
0.06
0.018
0.008
0.006
0.026
0.002
0.022
0.014
0.004
0.4336721205
0.016
0.054
0.034
0.001876418837
0.022
0.01
0.01
0.182
0.004
0.004
0.024
0.016
0.178
0.004
0
0.01
0.014
0.022
0.014
0.076
0.138
0.004
0.006
0.024
0.002
0.724
0.012
0.012
0.012
0.022
0.078
0.02387499938
0.018
0.058
0.016
0.374
0.068
0.012
0.152
0.014
0.012
0.012
0.726
0.032
0.022
0.024
0.92
0
0.078
0.166
0.026
0.022
0
0.002
0.004
0.008
0.002
0.028
0.02587464452
0.006
0.72
0.018
0.04
0
0.036
0.012
0.08
0.002
0.038
0.05
0.058
0.024
0.006
0.006
0.042
0.062
0.036
0.006
0.002
0.006
0.012
0.016
0.272
0.004
0.004
0.104
0.01
0.204
0.128
0.006
0.02
0.094
0.026
0.002
0.004
0.002
0
0.016
0.04
0.008
0.314
0.004
0.01
0.044
0.008
0.042
0.03
0.002
0.31
0.04
0.006
0.008
0.004
0.018
0.004
0.024
0.014
0.054
0.004
0.018
0.028
0
0.006
0.016
0.02
0.022
0.018
0.748
0.016
0.014
0.008
0.002
0.04
0.008
0.056
0
0.016
0.01
0.002
0.018
0.008
0.01
0.09
0.002
0.01
0.062
0.006
0.514
0.004
0.014
0.006
0.09
0.014
0.034
0.006
0.032
0.028
0.01
0.038
0.002
0.044
0.004
0.03
0.014
0.004
0.004
0
0.012
0
0.002
0.01
0.002
0.034
0.024
0.002
0.332
0.014
0.014
0.406
0
0.026
0
0.06210968448
0.0298206429
0.026
0.02
0.012
0.264
0.024
0.028
0.122
0.004
0.008
0.042
0.004
0.006
0.024
0
0.15
0.004
0.334
0.002
0.064
0.002
0.048
0.286
0.128
0.002
0.004
0.006
0.012
0.546
0.06
0.018
0.006
0.008
0.296
0.018
0.8
0.332
0.002
0.022
0.004
0.04
0.026
0.016
0.028
0.006
0.228
0.004
0.02
0
0
0.018
0.016
0.004
0.95
0.004
0.002
0.03
0.02
0.012
0.014
0.028
0.418
0.032
0.068
0.012
0.01
0.02
0.05
0.004
0.012
0
0
0.01
0.098
0.006
0.174
0
0
0.02
0.368
0.022
0.004
0.01
0.028
0.002
0.004
0.002
0.008
0.004
0.022
0.53
0.002
0.03345379938
0.01
0.01
0.01
0.004
0.02
0.004
0.016
0.024
0.02
0.062
0.002
0.01376846319
0.18
0
0.026
0.36
0.002
0
0
0.004
0.052
0.03
0.004
0.022
0.016
0.126
0.62
0.016
0.008
0.014
0.026
0.002
0.022
0.018
0.008
0.02
0.002
0.118
0
0.006
0.012
0.006
0.006
0.014
0.03
0.022
0.004
0.032
0.202
0.004
0.002
0.054
0.054
0.156
0.006
0.062
0.006
0.018
0.016
0.81
0.014
0.032
0.412
0.012
0.06376713378
0.004
0.004
0.006
0
0.002
0.01
0.014
0.018
0
0.034
0.014
0.02
0.014
0.676
0.196
0.002
0
0.096
0.012
0
0.02
0.01
0.002
0.008
0.012
0.016
0.006
0
0.018
0.002
0
0.074
0.176
0.064
0.002
0.018
0.002
0
0.01
0.816
0.608
0.004
0.016
0.042
0.006
0.028
0.032
0.03
0
0.086
0.006
0.006
0.014
0.498
0.002
0.022
0.014
0.6
0.05
0.014
0.026
0.016
0.002
0.018
0.022
0.082
0.018
0.004
0.016
0.152
0.002
0
0.034
0.026
0.15
0
0.002
0.032
0.17
0.02
0.002
0
0.1
0.046
0.024
0.018
0.008
0.06587620198
0.5625828931
0.012
0.104
0.062
0.028
0.028
0.002
0.022
0
0.004
0.048
0.118
0.01
0.028
0
0.03
0.008
0.006
0.09787578797
0
0.032
0.006
0.006
0.136
0.012
0.106
0.03
0
0.014
0.014
0.036
0.016
0.004
0.008
0.02
0.018
0.02
0
0
0.004
0.018
0.002
0.012
0.01
0.014
0.008
0.022
0.058
0.028
0.056
0.006
0.138
0.012
0.008
0.038
0.028
0
0
0.106
0.278
0.012
0.024
0.026
0.042
0.004
0.02
0.058
0.032
0.016
0.012
0.006
0.012
0.014
0.012
0.006
0.004
0.01
0.004
0
0
0.16
0.042
0.108
0.014
0.002
0.3111784904
0.002
0.022
0.012
0.036
0.038
0.004
0.022
0.02
0.003956829107
0.006
0.006
0.054
0.808
0.056
0.022
0.004
0.516
0.01
0.008
0.03
0.018
0.284
0.01
0.052
0
0.002
0.002
0.01
0.024
0.01
0.02
0.01787567954
0.03
0.022
0.004
0
0.004
0.004
0.032
0.072
0.02
0.132
0
0.682
0.04
0.012
0.026
0.002
0.004
0.02
0.02
0.002
0.038
0.006
0.02964552978
0.008
0.03
0.002
0.022
0.008
0.018
0.022
0.116
0.031765683
0.012
0.056
0.012
0.016
0.012
0.012
0.028
0.21
0.006
0.036
0
0.02781241586
0.03576517636
0.006
0.008
0.004
0.026
0.082
0.01
0.05
0.006
0.054
0.008
0.83
0.056
0.064
0
0.018
0.01
0.002
0.014
0.006
0.044
0.122
0.026
0.002
0.004
0.016
0.036
0.052
0.004
0.028
0.01
0.01
0.004
0.008
0
0.126
0.084
0
0.95
0.036
0.082
0.012
0
0.032
0.048
0.03
0.048
0.116
0.046
0
0.016
0.006
0.004
0.02
0.04187764114
0.006
0.02
0.064
0.002
0
0
0.522
0
0.034
0.032
0.864
0
0
0.004
0.006
0.044
0
0.112
0.004
0.04
0
0.028
0.01
0.3
0.02
0.03
0.018
0.006
0.006
0.018
0.022
0.07
0.036
0.028
0.516
0.008
0.022
0.076
0.002
0.006
0.056
0.032
0.09
0.008
0.004
0.006
0.002
0.002
0
0.012
0
0
0.022
0.012
0.02
0.496
0.106
0.762
0.084
0.02
0.066
0.01
0.09
0.036
0.716
0.002
0.004
0.008
0.018
0.006
0.812
0.034
0.008
0.006
0.032
0.006
0.04
0.002
0.004
0.03
0.054
0.028
0.112
0.066
0.004
0.04
0.046
0.022
0.016
0.03422479538
0.002
0.022
0.09976844569
0.006
0.068
0.002
0.004
0.004
0.008
0.01
0.098
0.016
0.06
0.016
0.09
0.074
0.046
0.004
0.006
0.608
0
0.06
0.03367284799
0.028
0.016
0.032
0.002
0
0.016
0.026
0.184
0.016
0
0.022
0.006
0.008
0.02
0.016
0.022
0.6639568684
0.006
0.024
0.044
0.024
0.006
0.008
0.014
0.008
0
0.004
0.008
0.012
0.004
0.838
0.184
0.158
0.006
0.004
0.072
0.002
0.054
0.014
0.008
0.034
0.008
0.018
0.05
0.01
0.078
0.036
0.014
0.048
0.016
0.652
0.006
0.014
0.002
0.02
0.002
0.004
0.004
0.024
0.082
0.01
0.032
0.016
0.094
0.014
0.428
0.006
0.006
0.012
0.168
0.002
0.016
0.02
0.02
0.018
0.008
0.008
0.042
0.006
0.002
0.008
0.012
0.6178776609
0.3418769413
0.022
0.016
0.002
0.046
0.012
0.006
0.034
0.436
0.008
0.004
0.008
0.04
0.018
0.07
0.002
0.042
0.006
0.466
0.012
0.006
0.018
0.048
0.068
0.012
0.132
0.038
0.012
0.016
0.006
0.026
0
0.004
0.01
0.006
0.002
0.008
0.018
0.616
0.496
0.15
0.004
0.016
0.01
0.038
0.608
0.072
0.01
0.404
0.02
0.03
0.076
0.01
0.002
0.042
0.006
0.002
0.12
0.002
0.024
0.848
0.024
0.002
0
0.02
0.006
0.612
0.016
0.052
0.018
0.006
0.004
0.038
0.022
0
0.034
0.004
0.06776409367
0.022
0.008
0.026
0.004
0.008
0.002
0.008
0
0.006
0.002
0.004
0.004
0.01
0.014
0.032
0.07
0.012
0.016
0.586
0.004
0.058
0.704
0
0.148
0.016
0.03
0.002
0.01
0.01
0.054
0
0.006
0
0.008
0.016
0
0.016
0.004
0
0.014
0.002
0.462
0.014
0.03482478657
0.008
0.004
0.006
0.004
0.014
0.006
0.096
0.094
0.056
0.004
0.004
0.006
0.038
0.004
0.01
0.012
0.01
0.014
0.012
0.008
0.026
0.018
0.012
0.724
0.002
0.01387850859
0.008
0
0.252
0.006
0.014
0.018
0.002
0.016
0.104
0.006
0.006
0
0.004
0.008
0.032
0.006
0.02
0.022
0.076
0.012
0.01
0.014
0
0.004
0.018
0.044
0.006
0.028
0.01
0.006
0.024
0
0.028
0.016
0.002
0.006
0.118
0.03
0.004
0.012
0.09558424269
0.018
0.018
0.119672848
0
0.054
0.01
0.014
0.076
0
0.042
0.08
0.008
0.01
0.002
0.03
0
0.948
0.006
0.01
0.726
0.012
0.308
0.008
0.052
0.012
0.008
0.034
0.01
0.006
0.074
0.252
0.028
0.004
0.002
0.012
0.106
0.03
0.022
0.006
0.004
0.06
0.008
0.658
0.014
0.042
0.004
0.08
0.036
0.002
0.068
0.014
0.006
0.108
0.082
0.002
0
0.13
0.004
0.122
0
0.002
0.012
0.008
0.008
0.026
0.004
0.006
0.024
0.004
0
0
0.01
0.002
0.006
0.048
0.234
0.006
0.086
0.002
0.008
0.008
0.036
0.008
0.808
0.018
0.02
0.006
0.012
0.032
0
0.01
0.002
0.014
0.616
0.004
0.018
0.084
0.052
0.014
0.002
0.034
0.01
0.004
0.01
0.01980074107
0.02
0.014
0.002
0.006
0.004
0
0.006
0.18
0.002
0.006
0.024
0.034
0.026
0.028
0
0.026
0.01
0.04
0.03
0.032
0.008
0
0.022
0.01
0.042
0.022
0.034
0.014
0.054
0.004
0.036
0.026
0.014
0.034
0.006
0.002
0
0.008
0
0.008
0.004
0.03
0.844
0.036
0.008
0.038
0
0.004
0.114
0.002
0.018
0.026
0.032
0.01
0.01
0.01
0.01
0
0.012
0.03
0.014
0.018
0.004
0
0.006
0.012
0
0.19
0.032
0.008
0.016
0.648
0.012
0.008
0.004
0.018
0.174
0.064
0.006
0.002
0
0.002
0.014
0.004
0.008
0.02387638927
0.08568716888
0.014
0.014
0.012
0.002
0.01187773972
0
0.002
0
0.008
0.012
0.094
0.014
0.1059575152
0.004
0.138
0.004
0
0.006
0.002
0.01
0.02
0.004
0
0.066
0.038
0.054
0.014
0.556
0.026
0.012
0.022
0.186
0.004
0.02387650755
0.026
0
0.014
0.028
0.32
0.002
0.004
0.004
0.024
0.036
0.01
0.34
0.018
0.014
0.034
0.106
0.014
0.024
0.018
0.012
0.006
0.024
0.002
0.024
0.762
0.006
0.978
0.02764294404
0.012
0.014
0.09
0.07
0.146
0
0.028
0.102
0.028
0.052
0.008
0.038
0.022
0.03193675893
0.01
0.004
0.008
0.01
0.002
0.042
0.054
0.014
0
0.136
0.016
0.016
0.036
0
0.028
0.012
0.008
0
0.014
0.008
0.046
0.004
0.012
0.088
0.02
0.002
0.016
0.014
0.01
0.036
0.008
0.002
0.012
0.01
0.004
0.1278771581
0.01
0.022
0.026
0.062
0.003915612749
0.422
0.01
0.004
0
0.008
0.01
0.002
0.004
0.072
0.014
0.02
0.008
0.016
0.01
0.016
0.028
0.01
0.002
0.01
0
0.938
0.008
0.002
0.044
0.02
0.008
0.016
0.06
0.434
0.002
0.018
0.004
0.008
0.006
0.002
0.008
0.018
0.018
0.012
0.022
0.002
0.022
0.002
0.024
0.002
0
0.004
0.016
0.452
0.044
0.012
0.022
0.016
0.008
0.03
0.006
0.018
0.128
0.038
0.932
0.006
0.028
0.012
0.024
0.746
0.002
0.004
0
0.284
0.058
0.004
0.006
0.002
0.006
0.792
0.03
0.01
0.004
0.006
0
0.014
0.012
0
0.042
0.016
0.024
0.004
0.042
0.002
0.038
0.046
0.02
0.002
0.022
0.008
0.152
0.316
0.428
0.07
0.278
0.004
0.001875482392
0.0558769117
0.01
0.032
0.006
0.018
0.8
0.072
0.002
0.028
0.054
0.016
0.022
0.02
0.006
0
0
0.014
0
0.002
0.002
0.112
0.002
0.114
0.042
0.002
0.37
0.016
0.002
0.304
0.012
0.1258780453
0.038
0.142
0.034
0.012
0.012
0.596
0.062
0.004
0.016
0.528
0.018
0.002
0.592
0.012
0.03
0.006
0.028
0.038
0.06
0.044
0.006
0.004
0.028
0.02
0.01
0.004
0.1
0.102
0.01
0.064
0.024
0.04
0.002
0.036
0.12
0.018
0.008
0.072
0.062
0.03
0.12
0.004
0.01
0.322
0.022
0.002
0.022
0.05
0.006
0.016
0.756
0.008
0
0.1079568255
0.07
0.04
0.014
0.028
0.006
0.004
0.076
0
0.538
0.102
0.002
0.006
0.136
0.056
0.052
0.004
0.012
0.026
0.13
0.068
0.026
0.036
0.216
0.004
0.028
0.058
0.036
0.008
0.036
0.08
0.04
0.016
0.98
0.004
0.034
0.004
0.01187773972
0.01
0
0.446
0.038
0.026
0.028
0
0.006
0.056
0.014
0.024
0.064
0.016
0.038
0.022
0.016
0
0.008
0.046
0.032
0.008
0.016
0.026
0.002
0.02
0.028
0.004
0.04
0.006
0.016
0.028
0.018
0.008
0.01
0.024
0.002
0.058
0.004
0
0.044
0
0.022
0.002
0.002
0.018
0
0.136
0
0.006
0.006
0.014
0.036
0.002
0.006
0.024
0.062
0.028
0.014
0.02
0.006
0.006
0.006
0.004
0.01
0.002
0.118
0.056
0.29
0.006
0.4117701263
0.02
0.026
0.014
0.022
0.008
0
0.002
0.01
0.036
0.008
0
0.042
0.014
0.02
0.028
0.008
0
0.018
0.012
0.09
0.008
0.032
0.924
0.002
0.004
0.01
0.016
0.038
0.002
0.002
0.028
0.006
0.014
0.026
0.004
0.016
0.004
0.02
0.002
0.452
0.002
0
0.022
0.048
0.076
0
0.036
0.004
0.028
0
0.034
0.024
0.004
0.014
0.02
0.004
0.08587561054
0.024
0.036
0.986
0.014
0.064
0.032
0
0.02
0.008
0.004
0.014
0.002
0.032
0.006
0.034
0.006
0.112
0.002
0
0.006
0.03
0.034
0.002
0.002
0.686
0.014
0.018
0.024
0.056
0.026
0.008
0.008
0
0.022
0.002
0.03
0.006
0.25
0.002
0.664
0.006
0.012
0.008
0
0.03
0.078
0.032
0.008
0.032
0.004
0.006
0.166
0.008
0.666
0.014
0.004
0.036
0.002
0.008
0.056
0.834
0.044
0.014
0.008
0.004
0.008
0.004
0.022
0.004
0.004
0.116
0.67
0.462
0.002
0.088
0
0.004
0.048
0.016
0.014
0
0.024
0.002
0.002
0.02176846319
0.734
0.04
0.03
0.002
0.002
0.016
0
0
0.004
0
0
0.006
0.008
0.004
0.028
0.048
0.002
0.016
0.006
0.018
0.004
0.006
0.016
0.002
0.4802579962
0.316
0.012
0.49
0.002
0.034
0.046
0.012
0.106
0.002
0.06
0.014
0.058
0.028
0.004
0.024
0.012
0.096
0.004
0.006
0.004
0.012
0.006
0.044
0
0.002
0
0.002
0.12
0
0.008
0
0.004
0.016
0.1
0.01
0
0.008
0
0.004
0.002
0
0.006
0.056
0.022
0.106
0.516
0.044
0
0.008
0
0.012
0.068
0.056
0.104
0.008
0.04576604996
0.04
0.036
0.008
0.09
0
0.006
0.004
0.016
0
0.094
0.032
0.002
0.018
0
0.012
0.014
0.034
0
0.004
0.01
0.002
0.01
0.016
0.138
0.03
0.006
0.002
0.006
0.016
0.01
0.032
0.036
0.002
0.036
0.01
0.002
0.086
0
0.038
0.12
0.002
0.002
0.008
0.45
0.006
0.032
0.004
0
0.004
0.002
0.8678768526
0.018
0.034
0.002
0.05
0.004
0.004
0.784
0.006
0.006
0.024
0.582
0.066
0.004
0.004
0.012
0.042
0.084
0.066
0.01387673427
0.03
0.002
0.01
0.04
0.098
0
0.1096690272
0.012
0.024
0.016
0.01
0.008
0.036
0
0.002
0.004
0.036
0.004
0.052
0.016
0.016
0.008
0.016
0
0.01
0
0.306
0.254
0.2
0.016
0.008
0.042
0
0.004
0.004
0.164
0.002
0.01
0.008
0
0.01
0
0.036
0.044
0.004
0.006
0.104
0.022
0.006
0.056
0
0.014
0.002
0.58
0.014
0.004
0.258
0.014
0.042
0.012
0.022
0.016
0
0.06
0.016
0.004
0.004
0.112
0.004
0.004
0.018
0.014
0.006
0.008
0.074
0.122
0.008
0.036
0.01
0.024
0.01
0.002
0.008
0
0.012
0.018
0.01
0.068
0.01
0.1818790803
0.014
0.018
0.004
0.066
0.014
0.124
0.016
0.016
0.02
0
0.022
0.004
0.004
0.006
0.568
0.484
0.284
0.002
0.014
0.038
0.024
0.144
0.038
0.012
0.168
0.026
0.002
0.024
0.62
0.012
0.544
0.008
0.18
0.008
0.004
0.024
0.544
0.032
0.09
0.008
0.006
0.356
0.048
0.004
0
0.28
0.01
0.002
0.004
0.032
0.002
0.038
0.198
0.042
0.086
0.256
0.036
0.028
0.002
0.028
0.038
0.006
0.012
0.01190678259
0.428
0.012
0.038
0.012
0
0.028
0.026
0.028
0.004
0.078
0.814
0.906
0.002
0.028
0
0.05
0.012
0.004
0
0
0.256
0.01
0.008
0.026
0.002
0.06
0.004
0.7579368638
0.02
0.032
0.006
0.028
0
0.006
0.004
0.246
0.028
0.05
0.004
0.006
0.012
0.01
0.01
0.092
0.004
0.002
0.506
0.01
0.084
0.038
0.01
0.062
0.006
0.004
0.014
0.01
0.088
0.062
0.044
0.004
0
0.138
0.002
0.006
0.008
0.006
0.006
0.012
0.006
0.046
0.042
0.004
0.022
0.002
0.03187654698
0.048
0.004
0.012
0.074
0.06
0.028
0.032
0.028
0.004
0.172
0.496
0.028
0.038
0.018
0.008
0
0.026
0.014
0.086
0.326
0.008
0.002
0.008
0.004
0.058
0.022
0.016
0.052
0
0
0.026
0
0.028
0.016
0.078
0.014
0.018
0.004
0.02587612312
0.02
0.03
0.008
0.016
0.048
0.04
0.02
0.056
0.012
0.054
0
0.002
0.028
0.02
0.056
0.022
0.01
0.048
0.006
0.004
0.006
0.002
0.006
0.006
0.014
0.01
0.04
0
0.1
0.036
0.008
0.03
0.002
0.016
0.1
0.006
0.004
0.018
0.002
0.002
0.062
0.002
0.018
0.134
0
0
0.018
0.002
0.012
0.018
0.018
0.082
0.012
0.014
0.002
0.024
0.028
0.03
0.026
0.008
0.076
0.008
0.2279569578
0.388
0.012
0
0.026
0.05
0.594
0.036
0.012
0.02
0.036
0.102
0
0.2
0.024
0.004
0
0.004
0.026
0.014
0.064
0.004
0
0.006
0.64
0.008
0.196
0.018
0.076
0.1177657354
0.008
0.004
0.008
0.018
0.018
0.008
0.058
0.002
0.016
0.004
0.008
0.02
0.02
0.068
0.034
0
0.012
0.026
0.008
0.006
0.004
0.146
0.002
0.002
0.024
0.018
0.004
0.06955184352
0.344
0.062
0.026
0.018
0.034
0.006
0.02
0.032
0.138
0.22
0.754
0.006
0.006
0.008
0.37
0
0.01
0.004
0.016
0.008
0.002
0.008
0.864
0.07393664353
0.004
0.004
0.854
0.01
0.1039368061
0.008
0.005936008586
0.186
0.646
0.004
0.014
0.088
0
0.002
0.002
0.008
0.006
0.032
0.064
0
0.02
0.006
0.026
0.016
0.018
0.014
0.766
0.102
0.002
0.002
0.102
0.01
0
0
0.046
0.024
0.004
0.018
0.002
0.89
0.006
0.002
0.002
0.004
0.012
0.012
0.114
0.012
0.08
0.004
0
0
0.11
0.014
0.018
0.056
0.026
0.036
0.002
0.008
0.004
0
0
0.024
0.008
0.02387578797
0.026
0.19
0.002
0.006
0.004
0.322
0.006
0.008
0.026
0.004
0.114
0.012
0.422
0
0.01
0.002
0.006
0.022
0.036
0.01
0.016
0.042
0.072
0.004
0.002
0.022
0.004
0
0.004
0.016
0.01
0.014
0.04995725086
0.29
0.034
0.014
0.002
0.1
0.652
0.038
0.196
0.004
0.376
0
0.008
0.552
0.012
0.05
0
0.07
0.14
0.02
0.012
0.012
0.018
0.052
0.012
0.008
0.004
0
0.05
0.001669425185
0.072
0.006
0.018
0.004
0
0.008
0.01
0.022
0
0.046
0.138
0.006
0.024
0.036
0.012
0
0
0.06
0
0.02
0.036
0.006
0.03
0
0.026
0.006
0.012
0.462
0.038
0.014
0.016
0.014
0.114
0.004
0.018
0.012
0.002
0.098
0.044
0.876
0.012
0.008
0.014
0.04
0
0.018
0.01
0
0.002
0.008
0.024
0.208
0.196
0.018
0
0.008
0.006
0.208
0.002
0.014
0.024
0.438
0.02
0.012
0.098
0.022
0.014
0.016
0.05976620725
0.006
0.068
0.006
0.002
0.008
0.036
0.01
0.022
0.014
0.488
0.054
0.02776575289
0.014
0.042
0.02
0.324
0.034
0.02371787301
0.026
0.004
0.01
0.094
0.022
0.016
0.588
0.022
0.714
0.07
0.344
0.016
0.012
0.03
0.002
0.11
0.004
0.02
0
0.016
0.364
0.008
0.026
0.228
0.006
0.004
0.008
0.018
0.108
0.002
0.018
0.03
0
0.02
0
0.072
0.002
0.172
0.034
0.018
0
0.012
0.05
0.002
0
0.002
0.004
0.006
0.348
0.114
0.008
0.012
0.054
0.034
0.078
0.018
0.014
0.86
0.09
0.8332449939
0.008
0.004
0.048
0
0.009877641144
0.05
0.04
0.012
0.016
0.018
0.022
0.042
0.484
0.02
0.002
0.03
0.002
0.056
0.016
0.004
0.002
0.02
0.214
0.02
0.022
0.014
0.01
0.006
0.028
0.754
0.044
0.012
0.05
0.002
0
0.01
0.03
0.024
0.006
0.002
0.012
0.004
0.02
0.12
0.016
0.026
0.04
0
0.008
0.004
0.014
0.002
0
0.062
0.192
0.394
0.006
0.028
0.006
0.018
0.138
0.018
0
0.04
0.04
0.022
0.006
0.106
0.002
0.068
0.004
0.05
0.578
0.002
0.005956821956
0.004
0.012
0.038
0.026
0.154
0
0.806
0.044
0.012
0.008
0.006
0.04
0.006
0.008
0.01
0.032
0.004
0.068
0.01
0.012
0.04
0.006
0.004
0.01
0.006
0.012
0.002
0.084
0.002
0.03787627098
0.01
0.094
0.04
0
0.032
0.012
0.006
0.004
0.016
0.006
0.008
0
0.012
0.03
0.038
0.036
0.01973484953
0.022
0.006
0.006
0
0.018
0.02
0.012
0.008
0.016
0.04
0.01
0.024
0.59
0.03
0.812
0.06
0.006
0.012
0
0.7716765292
0.008
0.018
0.7596746863
0.044
0.022
0.012
0.034
0.01
0.004
0.006
0.012
0
0.012
0.004
0.006
0.022
0.01
0.014
0.006
0
0.4
0.044
0.026
0.018
0.004
0.022
0.114
0.016
0.002
0.002
0.034
0.054
0.018
0.006
0.026
0.064
0.006
0.002
0.1558749698
0
0.314
0.066
0.014
0.006
0.006
0
0.002
0
0.02
0.012
0.018
0
0
0.468
0.014
0.002
0.01
0.012
0.588
0.008
0.004
0.014
0.006
0.204
0.042
0.012
0
0.002
0.016
0.004
0
0.03
0.016
0.008
0.002
0.03
0
0.002
0
0.178
0
0.04
0.006
0.356
0.012
0.022
0.02
0.484
0.004
0.012
0.34
0.06
0.004
0.032
0.042
0.57
0.01
0.028
0.624
0.506
0.024
0.008
0.018
0.01
0.062
0.012
0
0.016
0.002
0
0.006
0.042
0.026
0.014
0.01757975678
0.052
0
0.014
0.004
0.002
0.038
0.006
0.054
0.018
0.018
0.006
0.144
0.11
0.006
0.018
0.108
0.01
0.4
0.024
0.04793604008
0.012
0.008
0.006
0.032
0.01
0.034
0.004
0.014
0.014
0.792
0.008
0.034
0.324
0.012
0.006
0.016
0.02787409251
0.156
0.006
0.01
0.006
0.022
0
0.002
0.016
0.004
0.022
0.002
0.026
0.026
0.008
0.012
0.154
0
0.018
0.002
0.022
0.002
0.004
0.202
0.472
0.036
0.014
0.002
0.038
0.436
0.052
0.008
0.688
0.056
0.01
0.004
0.024
0.01
0
0
0.012
0.014
0.014
0.486
0.008
0
0.024
0.002
0.044
0.006
0.032
0.054
0.01
0.002
0.018
0.668
0.02
0.012
0.002
0.002
0.158
0.006
0
0.068
0.02
0.016
0.006
0.016
0.424
0.008
0.012
0.124
0.008
0.004
0
0.008
0.002
0.012
0.654
0.002
0.01
0.004
0.026
0.008
0.028
0.008
0.01
0.788
0.436
0.006
0.03
0.01
0.042
0.004
0.006
0.024
0.006
0.04
0.902
0.012
0.03
0.09482797544
0.028
0.004
0.036
0.07
0.002
0.016
0.036
0.016
0.046
0.05
0.002
0.024
0.048
0
0.048
0.582
0.002
0.552
0.008
0.002
0.014
0
0.226
0
0.03
0.018
0.264
0.008
0.026
0.018
0.13
0
0.112
0.012
0.112
0.012
0.008
0.02
0.01
0.016
0.02
0.02
0.012
0.044
0.04
0.018
0.056
0.036
0.004
0.1918765076
0.028
0.018
0.008
0.084
0.02
0.558
0.006
0.002
0.06
0.092
0.002
0.006
0.006
0
0.06
0.03391620191
0.06
0.008
0.004
0.048
0.914
0
0.026
0.026
0.028
0.016
0.034
0.004
0
0.01
0.03
0.022
0.012
0.012
0.002
0.018
0.002
0.01
0.004
0.09
0.76
0.024
0.01
0.026
0.026
0.008
0.012
0.006
0.638
0.042
0.066
0.714
0.024
0.04
0.478
0.104
0
0.002
0.008
0.548
0.01
0.044
0.016
0.003503157346
0.658
0.003364473915
0.002
0.01
0.008
0.022
0.026
0.006
0.002
0.042
0.056
0.088
0.046
0.01
0.012
0.002
0.002
0.03
0.08
0.01
0.034
0.07
0.008
0.002
0.042
0.002
0.012
0.016
0.002
0.372
0.006
0.68
0.008
0.01
0.01
0
0.062
0.006
0.032
0.002
0.008
0.086
0
0.014
0.008
0.006
0.008
0.026
0
0.086
0.01
0
0.004
0
0.008
0.018
0.012
0.002
0.014
0.048
0.002
0.084
0.028
0.004
0.014
0
0.044
0.7
0.678
0.006
0.002
0.009877158136
0.274
0.02
0.132
0.03787665541
0.012
0.018
0.124
0.008
0
0
0.074
0.002
0.002
0
0.012
0.002
0.05
0.064
0.028
0.01
0.026
0.078
0.08
0.002
0.016
0.028
0.012
0.066
0.03340655733
0.008
0.026
0.836
0.0379633011
0.026
0.004
0.006
0.032
0.01
0.06
0.004
0.008
0.516
0.006
0.104
0.004
0.04
0.01
0.042
0.008
0.02
0.002
0.004
0.046
0.01796757626
0.026
0.134
0.01
0.004
0.27
0.02787809458
0.032
0.072
0.006
0.044
0.148
0
0.078
0.014
0.152
0.004
0
0.066
0.004
0.158
0
0.002
0.014
0.058
0.01
0.004
0.002
0.002
0.002
0
0.016
0.002
0.006
0.018
0.21
0.032
0.034
0.092
0.016
0.006
0.094
0
0.122
0.268
0.016
0.028
0.002
0.02
0.036
0.018
0
0.016
0.884
0
0.062
0.01
0.006
0.008
0
0.012
0.04
0.028
0.016
0.004
0.002
0.014
0.016
0.042
0.334
0.002
0.04
0.024
0.02
0
0.002
0.014
0.024
0.004
0.002
0.044
0.006
0
0.052
0.084
0.032
0.018
0.01
0.008
0.008
0
0
0.07396769276
0.132
0
0.7018132942
0.018
0.008
0.094
0.076
0.006
0.162
0
0.142
0.008
0.02193697397
0.016
0.02
0.004
0.002
0.016
0.004
0.005822675225
0
0.02
0
0.072
0.014
0.01
0.004
0.006
0
0.226
0.032
0.002
0.002
0.006
0.014
0
0.598
0
0.074
0.03
0
0.018
0.016
0.064
0.914
0.018
0.04396771985
0.008
0.006
0.484
0.002
0.004
0.014
0.014
0.012
0.018
0.058
0.036
0.046
0.002
0.006
0.042
0.046
0.022
0.01
0.028
0.062
0.002
0.002
0.234
0.006
0.008
0.036
0.038
0.02
0.014
0.028
0.118
0.02376517636
0.002
0.006
0.012
0.528
0.022
0.018
0.084
0.012
0.012
0.012
0.01
0.004
0.018
0.04
0.004
0.008
0.002
0.036
0.004
0.004
0.002
0.004
0.026
0.026
0.008
0.016
0.004
0.164
0.678
0.02358415842
0.002
0.04
0.006
0.018
0.01
0.136
0.002
0
0.004
0.05791670873
0.096
0.036
0
0.012
0.012
0.048
0.022
0.008
0.032
0.018
0
0
0.022
0.006
0.01
0.288
0.018
0.002
0.01
0.048
0.002
0.744
0.016
0.054
0.118
0.002
0.058
0.012
0.004
0.006
0.016
0.066
0.024
0.038
0.036
0.02
0.092
0.334
0.084
0.006
0.142
0.014
0.006
0.002
0.018
0.03
0.016
0.002
0.009507565413
0.028
0.002
0.022
0.196
0.006
0.01
0.006
0.008
0.00576501916
0.016
0
0.012
0.5
0
0.01787787772
0.012
0.008
0.01
0.002
0.3
0.094
0.15
0
0.05
0.19
0.022
0.01
0.024
0.002
0.018
0.034
0.008
0.006
0.1689445525
0.0219358406
0.036
0.008
0.012
0.004
0.012
0.018
0.004
0.168
0.008
0.02587735528
0.004
0.248
0.008
0.018
0.004
0.074
0.026
0
0.018
0.03
0
0.002
0.016
0.008
0.004
0.008
0
0.018
0.102
0.07
0.026
0.012
0.06
0.006
0.014
0
0
0.032
0.008
0.064
0.016
0.004
0.004
0.078
0.002
0.064
0.146
0.012
0.002
0.036
0.19
0.032
0.016
0.068
0.004
0.002
0.052
0.062
0.226
0.048
0.008
0.012
0.09
0.002
0.004
0.008
0.004
0.716
0.06
0
0.042
0.012
0.008
0.09
0.07358146951
0.02
0.036
0.04
0.018
0.008
0.056
0.078
0.174
0.024
0.062
0.03358567634
0.064
0.04
0.004
0.048
0.326
0.004
0
0.002
0.03
0.008
0
0.388
0.034
0.028
0.692
0.002
0.07
0.005667833992
0.214
0.028
0.1
0.002
0.014
0
0.016
0.086
0.018
0.068
0.31
0.002
0.004
0.002
0.008
0.008
0.002
0.016
0.258
0.478
0.012
0.03
0.482
0.16
0.09
0.028
0.004
0.07
0.132
0.024
0.032
0.02
0.078
0.038
0.002
0.012
0
0.006
0.004
0.116
0
0.008
0
0.01
0.002
0.014
0.008
0.002
0.21
0.002
0.048
0.008
0
0.148
0.024
0.004
0.018
0.006
0.05
0.02
0
0.01
0.008
0.004
0.004
0.002
0.006
0.032
0.012
0.08
0.002
0.004
0.004
0.006
0.03
0.002
0.01
0.016
0.012
0.088
0
0.034
0.016
0.008
0.002
0.056
0.24
0.004
0.016
0.02
0.022
0
0.046
0.014
0.01
0.014
0.04
0.008
0.08367228473
0
0.028
0.014
0.008
0.008
0.002
0.036
0.01
0.004
0.014
0.002
0.034
0.446
0.02
0
0.014
0
0.38
0.13
0
0.042
0.004
0.018
0.004
0.006
0.02
0.008
0.47
0.008
0.008
0.02
0.004
0.054
0.03
0.012
0.018
0.014
0.018
0.002
0.24
0.068
0.024
0.008
0.058
0
0
0.026
0.042
0.002
0.006
0.022
0.006
0.034
0.01
0.002
0.038
0.002
0.298
0.02776690647
0.19
0.004
0.02
0.006
0.014
0.008
0
0.01
0.972
0
0.014
0.008
0.02
0
0.022
0.452
0.012
0.008
0
0.382
0.024
0.074
0.012
0
0.07
0.008
0.02
0.02
0.024
0
0
0.668
0.012
0.08
0.002
0.01
0.012
0.006
0.018
0.004
0.886
0
0.018
0.002
0.112
0.002
0.012
0
0.016
0.101916017
0.418
0.002
0.012
0.012
0.006
0.01
0.012
0
0.002
0.008
0.002
0.008
0.034
0.004
0.042
0.038
0.012
0.066
0.002
0.1398771581
0.012
0.016
0.148
0
0.144
0.012
0.002
0.008
0.006
0.22
0.018
0.016
0.018
0.008
0.492
0.002
0.004
0.014
0.004
0.018
0.056
0.024
0.014
0.002
0.02993455882
0.002
0.216
0.02769835481
0.028
0.004
0.114
0.012
0.006
0.02
0.006
0.006
0.004
0.064
0.014
0.002
0.004
0.012
0.006
0.01
0.074
0.38
0.018
0.192
0.03
0.004
0.008
0.786
0.002
0.048
0.02
0.074
0.04066226216
0.004
0.022
0.036
0.014
0.01
0
0.056
0.012
0.006
0.02
0.02
0.252
0.026
0.044
0.004
0.008
0.004
0
0.002
0.012
0.054
0.018
0.004
0.006
0.004
0.008
0.046
0.004
0.716
0.006
0.728
0.006
0.64
0.012
0.006
0.002
0.086
0.01
0.036
0.004
0.022
0.01
0.044
0.018
0.002
0.006
0.014
0.068
0.01
0.04000325534
0.002
0.012
0.738
0.038
0.11
0.012
0.016
0.032
0.018
0.004
0.03
0
0.06
0.014
0.002
0.032
0.001765560695
0
0.006
0.016
0.004
0.002
0.006
0.126
0.018
0
0
0.112
0.226
0.012
0.126
0.022
0.056
0.054
0.008
0.00995725443
0.008
0.02
0.012
0.006
0.014
0
0.01
0.012
0.002
0.026
0.022
0.01
0.022
0.042
0.002
0.048
0.006
0.008
0.012
0.024
0.016
0.002
0.014
0.012
0.004
0.008
0.032
0.004
0.02
0.018
0.7996309125
0.008
0.002
0.006
0.062
0.012
0.036
0
0.042
0.01
0.005936124059
0.01
0.092
0.002
0.008
0.004
0.03
0.004
0.01
0.08
0.008
0.022
0.004
0.01
0.008
0.006
0.022
0.894
0.084
0.024
0.01
0.048
0.016
0.024
0.016
0.176
0.018
0.006
0.01
0.006
0.016
0.004
0.016
0.002
0.022
0.022
0.538
0.134
0.018
0.008
0.004
0.006
0
0.044
0.044
0.01
0.006
0.052
0.04
0
0.052
0.11
0.046
0.002
0.01
0.002
0.02776758847
0.01
0.0395088057
0.002
0.004
0.328
0.02
0
0.1210624135
0.028
0.014
0.032
0.154
0.062
0.038
0.01
0.02
0.024
0.04
0.006
0.034
0.014
0.002
0.01
0.01
0.002
0.012
0.008
0.01
0.012
0
0.002
0
0
0.01
0.02
0.01
0
0.022
0.006
0
0.002
0.052
0.01
0.008
0.928
0.02
0.018
0.06987736514
0.006
0.004
0.376
0.006
0.708
0.014
0.026
0.012
0.006
0.016
0.004
0.042
0.352
0.042
0.05
0.016
0.002
0.012
0.006
0.002
0.024
0.01976890069
0
0.156
0.022
0.032
0.07
0.026
0
0.032
0.002
0.104
0.006
0.002
0.06181214232
0.246
0.008
0
0.088
0.018
0.066
0.008
0.008
0.04175184209
0.108
0.034
0.084
0.102
0
0.026
0.016
0.022
0.068
0.03
0.04
0.028
0.982
0.024
0.056
0.01
0.42
0.144
0.002
0.212
0
0.014
0.004
0.02
0.004
0
0
0.01597405517
0.016
0.104
0.016
0.026
0.034
0.33
0.024
0.0419362815
0.002
0.028
0.012
0.044
0.39
0.018
0.002
0.014
0.004
0.004
0.046
0.04
0.024
0.018
0.088
0.024
0.006
0.08
0.66
0.03
0.042
0.004
0.004
0.04
0
0.016
0.078
0.236
0.02
0.832
0.01
0.042
0.004
0.004
0.02587462481
0.088
0
0.172
0.062
0.048
0.034
0.012
0.338
0.006
0.004
0.006
0
0.024
0.006
0.014
0.022
0.046
0.012
0.012
0.516
0.01
0.004
0.006
0.038
0.108
0.08
0.012
0.376
0.006
0.28
0.086
0.01
0.168
0.028
0.01
0.08776690647
0.032
0.192
0.14
0.012
0.004
0.024
0.028
0.014
0.002
0.01
0.028
0.004
0.002
0.01
0.006
0.04
0.192
0.022
0.008
0.044
0.028
0.006
0.528
0.018
0.012
0.038
0.064
0.972
0.002
0.004
0.054
0.174
0.016
0.028
0
0.076
0
0.002
0.45
0.97
0.008
0.018
0.002
0.008
0.01
0.34
0.004
0.034
0.02
0.036
0.034
0.378
0
0.004
0.386
0.002
0.012
0
0.002
0.008
0.018
0.016
0.008
0.918
0.1718744769
0.004
0.016
0.008
0.004
0.018
0.1
0.014
0.838
0.006
0.002
0.03
0.004
0.006
0.944
0.04
0.004
0.01
0.006
0.07
0.012
0.068
0.012
0.516
0.728
0.004
0.808
0.198
0.052
0.684
0.036
0.084
0.002
0.042
0.02
0.07
0.038
0.014
0
0.088
0.006
0.1792869939
0.6230991141
0.002
0.006
0.004
0.098
0.026
0.004
0.014
0.018
0.302
0.644
0.454
0
0.004
0.006
0.02
0.022
0.006
0.024
0.004
0.012
0.004
0.132
0.006
0.058
0.044
0.02
0.102
0.022
0.014
0.322
0.008
0.006
0.004
0.008
0.05
0.02
0.024
0.096
0.984
0
0.064
0.002
0.1658749107
0.012
0
0.028
0
0.01
0.008
0.008
0.804
0
0.524
0.024
0
0.006
0.014
0.04
0
0.016
0.006
0.01
0.11
0.018
0.032
0.002
0.024
0.004
0.014
0.006
0.002
0.006
0.008
0.03
0.044
0.118
0.002
0.062
0.016
0.154
0.052
0.392
0.002
0.02
0
0.016
0.01
0.008
0.024
0.018
0.109967996
0.105813721
0.01
0.026
0.028
0.006
0.018
0.008
0.02
0.01
0.166
0.112
0.03368142557
0.09
0.056
0.47
0.04
0.012
0.01
0.002
0.006
0.05
0.34
0
0.016
0.06
0.008
0.008
0.244
0.022
0.04
0.004
0.01
0
0.048
0.026
0.002
0.006
0.018
0
0.05
0.006
0.19
0.014
0.006
0.786
0.006
0.834
0.006
0.282
0
0.006
0.038
0.04
0.024
0.02
0.114
0.002
0.002
0.008
0.014
0.03
0.464
0.004
0.01
0.052
0.002
0.014
0.038
0.004
0.002
0.026
0.026
0.024
0.044
0.012
0.006
0
0
0.006
0.012
0.408
0.002
0.05
0.002
0.02
0.018
0.654
0
0.206
0.032
0.006
0.004
0.046
0.014
0.02
0.01
0.63
0.004
0.818
0.462
0
0.008
0.846
0.646
0.008
0.004
0.048
0.02
0.008
0.04
0.002
0.74
0.06187739471
0.028
0.008
0.012
0.01
0.05
0.044
0.002
0.002
0.004
0.026
0.364
0.05395711508
0.064
0.006
0.008
0.01
0
0.008
0.006
0.008
0.744
0.024
0.014
0.014
0.004
0.006
0
0.046
0.052
0.002
0.004
0.002
0.002
0.01
0.272
0.002
0.004
0.012
0.004
0.152
0.006
0.002
0.034
0
0.02
0.028
0
0.01
0.04
0.002
0.008
0.026
0.1278765174
0.01
0.014
0.008
0.1077037717
0.032
0.424
0.036
0.008
0.042
0.03
0
0.012
0.018
0.272
0.022
0.016
0.258
0.306
0.036
0.006
0.05
0.228
0
0.028
0.04
0
0.106
0.012
0
0.046
0.008
0.382
0.006
0.014
0.004
0.012
0.006
0.03158424269
0
0.064
0.01
0.002
0.03196757626
0.012
0.024
0.004
0.034
0
0.066
0.008
0.7
0.064
0.056
0.002
0.02
0.006
0.254
0.014
0.024
0.176
0.014
0.01
0.016
0.014
0.038
0.012
0.002
0
0
0.012
0
0.004
0.01
0.004
0.056
0
0.002
0.054
0.02
0.002
0.032
0.058
0.022
0.016
0.03
0
0.002
0.06
0.008
0.012
0.038
0.012
0.008
0.014
0.02795638197
0.584
0.002
0.038
0.02587594569
0.0359359246
0.014
0.018
0
0.004
0.012
0.008
0.032
0.564
0.448
0.012
0.004
0.022
0.006
0.004
0
0
0.074
0.022
0.008
0.028
0.018
0.068
0.252
0.006
0.002
0.074
0.002
0.006
0.002
0.002
0.008
0.018
0.022
0.008
0.024
0.174
0.3516683486
0.028
0.002
0.032
0.008
0.01
0.004
0.01
0.01
0.01
0.004
0.01
0.038
0.002
0.008
0
0.032
0
0
0.01187685256
0.96
0.004
0.172
0.004
0.126
0.01
0
0.068
0.036
0.11
0.2909251191
0.026
0.186
0
0
0.02
0.046
0.0219358301
0.02
0.012
0
0.006
0.05
0.004
0.004
0.004
0.02780074107
0.016
0.006
0.002
0.378
0
0
0.028
0.02
0.052
0.026
0.71
0.009335311901
0
0.028
0.002
0.04
0.004
0.012
0
0.01
0.012
0.004
0.012
0.092
0.008
0.042
0
0.68
0.02
0.002
0.008
0.062
0.012
0.006
0.006
0.004
0.018
0.01
0.064
0.02
0.012
0.048
0.11
0.01
0.01
0.026
0.002
0.01
0.142
0.002
0.002
0.004
0.136
0.03
0.892
0.064
0.01
0.034
0
0.022
0.002
0.012
0.024
0.01
0.012
0.068
0.038
0.012
0.01
0.01
0.002
0
0.016
0.036
0.156
0.002
0.024
0.008
0.082
0.03
0.1
0.034
0.0159152016
0.01
0.024
0.012
0.036
0.088
0.008
0.032
0.036
0.024
0.032
0
0
0.042
0.052
0.698
0.012
0.673936696
0.024
0.048
0.014
0.028
0.01
0.002
0.01
0.034
0.004
0.058
0.012
0
0.008
0.012
0.008
0.008
0.004
0.136
0.002
0.05587773972
0.014
0.018
0.02
0.086
0.01
0.012
0.706
0.022
0.082
0.004
0.002
0.016
0.058
0.002
0.042
0.004
0.008
0.066
0.01
0.01
0.018
0.006
0.004
0.016
0.002
0.002
0.006
0.014
0.006
0.036
0.005561463812
0.016
0.006
0.086
0.018
0.056
0.024
0.032
0.004
0.714
0.056
0.532
0.304
0.008
0.056
0.034
0.844
0.018
0.01
0.046
0.01
0.012
0.02
0.368
0.018
0.004
0.012
0.024
0.232
0.008
0.002
0.012
0.006
0.024
0.04381713838
0.028
0.012
0
0.072
0.004
0.01
0.004
0.01
0.01
0.044
0.004
0.03
0.052
0.006
0.006
0.002
0.048
0.008
0.002
0.012
0.002
0.008
0
0.01
0.042
0.006
0.1719367589
0.018
0.038
0.024
0.014
0.004
0.44
0.08
0.006
0
0.018
0.006
0.2518766061
0.018
0.02
0.01
0.268
0.002
0.044
0.018
0.006
0.006
0.002
0
0.024
0.006
0.004
0.028
0.002
0.012
0.02
0.006
0.03995674329
0.014
0.026
0.03
0.004
0.118
0.02
0.004
0.032
0.5819569042
0.008
0
0.002
0.036
0.012
0.024
0
0.002
0.406
0.028
0.014
0.012
0.008
0.036
0.332
0.002
0.066
0.02
0.012
0.036
0.02
0.006
0.036
0.026
0.014
0.054
0
0.264
0.006
0.024
0.224
0.014
0.004
0.016
0.006
0.012
0.004
0.06
0.01
0.006
0.0857666792
0.008
0.004
0.004
0.014
0.002
0.012
0.02
0.008
0.042
0.002
0.038
0.032
0.03
0.006
0.028
0.16
0.012
0
0.016
0
0.036
0.004
0.042
0.01
0.002
0.056
0.024
0.08
0.028
0.02
0.29
0.008
0
0.002
0.054
0.002
0.018
0.032
0.038
0.004
0.058
0.014
0.81
0.824
0.866
0.146
0.012
0.194
0
0.002
0.05
0.002
0.06193606108
0
0.146
0
0.342
0.008
0.01
0.01
0.014
0.01
0.012
0.938
0.026
0.322
0.006
0.398
0.012
0.002
0.008
0.008
0.006
0.01
0.264
0.02
0
0.318
0.056
0.01
0.012
0.006
0.012
0.012
0.03
0
0.002
0
0.034
0.014
0.004
0.042
0.284
0
0
0
0.004
0.03
0.002
0.04
0.004
0.008
0.002
0.144
0
0.028
0.03
0.014
0.1096151252
0.01
0.002
0.012
0.07
0.002
0
0.024
0.016
0.006
0.13
0.03
0.01
0.016
0.208
0.012
0.096
0.028
0.008
0.096
0.06
0.002
0.6242411652
0.802
0.028
0.312
0.036
0.004
0.182
0.01
0.41
0.008
0.018
0.002
0.044
0.014
0.016
0.012
0.004
0.014
0.01
0.026
0.004
0.016
0.03
0.028
0.738
0.01776638203
0.016
0.004
0.024
0.1999352945
0.91
0.01
0.004
0.006
0.006
0.002
0.014
0.02
0.004
0.012
0.632
0.13
0.05
0
0.006
0.05
0
0.008
0.038
0.02
0.234
0.052
0.002
0.014
0.094
0.042
0.01
0.396
0.018
0.124
0.028
0.008
0.012
0.05
0
0.014
0.016
0.024
0.004
0.082
0.032
0.002
0.008
0.008
0.38
0.038
0.002
0.008
0.004
0.006
0.038
0.006
0.006
0.01
0.004
0.778
0.014
0
0.004
0.09587747357
0.04
0.09
0.004
0.078
0.004
0.002
0.098
0
0.004
0.112
0.006
0.004
0.006
0
0.002
0.046
0.002
0.008
0.01
0
0.006
0.006
0.176
0.004
0.012
0.066
0.026
0.486
0.184
0.178
0.03
0.032
0.008
0.13
0.006
0.008
0.008
0.004
0
0.008
0.03
0.012
0.002
0.088
0.02
0.012
0.004
0
0
0.006
0.126
0.02
0.01
0.002
0.092
0.01753692714
0.002
0.02
0.01
0.04576454763
0.002
0.016
0.036
0.012
0.02
0.008
0.09
0.034
0.336
0
0.012
0.01
0.006
0.066
0.002
0.032
0.026
0.006
0.018
0.046
0.058
0.022
0.014
0.048
0.2238742601
0.048
0.026
0.028
0.006
0.04976662675
0.018
0.008
0.004
0.682
0.024
0.002
0.002
0.024
0.014
0.022
0.12
0.996
0.006
0.002
0.002
0.008
0.024
0.11
0.018
0.014
0.052
0
0.026
0.112
0.054
0.072
0.19
0.082
0.004
0.036
0.036
0.282
0.014
0.104
0.004
0.034
0.002
0.018
0.004
0.006
0.016
0.014
0.012
0.012
0.004
0.004
0.092
0.03
0.214
0
0.008
0.106
0.006
0.004
0.248
0.008
0.004
0.004
0.042
0
0.098
0.062
0.008
0.08
0
0.03
0.84
0.026
0.002
0.016
0.044
0.002
0.004
0.022
0.028
0.2833463012
0.006
0.016
0.04
0.014
0.014
0.016
0.014
0.004
0.484
0.06
0
0.004
0.042
0.016
0.088
0.776
0.004
0.752
0.002
0.008
0.022
0.012
0.018
0.01
0.002
0.002
0
0.012
0.388
0.014
0.506
0.004
0.002
0.07
0.008
0.086
0.014
0.014
0.024
0.016
0.004
0.026
0.007877305996
0.012
0.012
0.04
0.068
0.036
0.002
0.016
0.016
0.066
0.106
0
0.02
0.012
0.018
0.006
0.418
0.052
0.006
0.116
0.002
0.004
0.038
0.1797657704
0.008
0
0.006
0.014
0.002
0.05
0.024
0
0.058
0.042
0
0.026
0.008
0.004
0
0.008
0.004
0
0.044
0.012
0.606
0.09587797629
0.006
0.244
0.01
0.074
0.024
0.216
0.004
0.012
0.36
0.046
0.04
0.184
0
0.22
0.054
0.9274528833
0.23
0.006
0
0.016
0.078
0.488
0.04187528525
0.534
0.006
0
0.03
0.002
0.042
0.2014765652
0.918
0.054
0.01
0.01
0.022
0.022
0.08
0.032
0.03
0.018
0
0.004
0.07
0.028
0.016
0.006
0.078
0.064
0.004
0.01
0.01387638927
0.08
0.004
0.01
0.1502459278
0.01
0.006
0.354
0.004
0.356
0.052
0
0.028
0.046
0.002
0.02
0.03
0
0.009876546982
0.432
0.01
0.008
0.008
0.46
0.054
0.008
0.044
0.888
0.002
0.02
0.008
0
0
0.252
0.022
0.014
0.01
0.042
0.162
0.094
0.02382133874
0.316
0.044
0.43
0.008
0.018
0.01
0.064
0.012
0.004
0.028
0.02
0.018
0.008
0.002
0.012
0.002
0.002
0.038
0.3
0
0.008
0.008
0.006
0.004
0
0
0.846
0.058
0.004
0.01
0.042
0.032
0.012
0.034
0
0.01
0.02
0.008
0.014
0.01
0.224
0.02
0.002
0.104
0.024
0.036
0.024
0.002
0.1017680083
0.002
0.042
0.004
0.006
0.208
0.0235068982
0.09382065681
0.072
0.04
0.022
0.002
0.024
0
0.124
0
0.008
0.02
0.002
0.056
0.002
0.034
0.018
0.046
0.094
0.012
0.02
0.034
0
0.03
0.014
0.346
0.282
0.008
0.05587722714
0.356
0.002
0.006
0.022
0.02
0.006
0.034
0.004
0.04
0.038
0.004
0.09
0.402
0.004
0.012
0.926
0.032
0.002
0.032
0.678
0.01387694128
0.024
0
0.014
0.02787736514
0
0.024
0.002
0
0
0.01
0.026
0.032
0.034
0
0.012
0.09
0.012
0.038
0.01
0.006
0.018
0
0.01
0.01
0.024
0.034
0.002
0.012
0.046
0.006
0
0.026
0
0.002
0.05993711031
0.004
0.018
0.006
0.02593690055
0.028
0
0.034
0
0.006
0.896
0
0.042
0.006
0.026
0.014
0.012
0.054
0.01
0.068
0.002
0.148
0.042
0.08
0.016
0.01
0.02
0.03376601501
0.004
0.532
0.062
0.002
0.008
0.004
0.004
0.012
0.082
0.038
0.008
0.15
0.11
0.01
0.04958531073
0.02
0.03
0.014
0.006
0.016
0
0.008
0.08
0.006
0.018
0.006
0.704
0.004
0.582
0.002
0.004
0
0.01776566553
0.002
0.046
0
0
0.004
0.022
0
0.002
0.09
0.014
0.012
0.024
0.004
0.108
0.798
0.532
0.004
0.026
0.03
0.028
0.058
0.02
0
0.006
0.014
0.006
0.028
0.004
0.034
0.002
0.052
0.006
0.03796769547
0.01
0.03
0.018
0.006
0
0.352
0
0.044
0.005877177851
0
0.652
0
0
0
0.012
0.004
0.044
0
0.014
0.614
0.232
0.002
0.014
0.009876034402
0.078
0.006
0.022
0
0
0.008
0.046
0.012
0.132
0.004
0.064
0.008
0.006
0.01
0.016
0.004
0.756
0.004
0.004
0.082
0.01
0.002
0.024
0.016
0.69
0.002
0.018
0.01
0.01
0.048
0.04193709982
0.004
0.124
0.03593612406
0.04
0.02
0.094
0.016
0.032
0.08793624477
0.002
0.038
0.06
0.002
0.002
0.004
0.016
0.006
0.44
0.006
0.01382118564
0.01
0.134
0.008
0.08393628675
0.02
0.012
0.016
0.002
0.016
0.042
0.004
0.004
0.002
0.002
0.056
0.018
0.004
0.024
0.082
0.018
0.014
0.002
0.01
0.03
0.006
0.016
0.004
0.012
0.006
0.02
0.038
0.002
0.04
0.016
0.058
0.002
0.008
0.006
0.028
0.008
0.012
0.086
0.008
0.042
0.528
0.05
0.0878757584
0.006
0.004
0.01
0.012
0.004
0.056
0
0.004
0.036
0.01
0.016
0.008
0.02
0.03787680327
0.038
0.012
0
0.022
0.006
0.006
0.012
0.008
0.008
0.038
0.014
0.004
0.014
0.022
0.002
0.004
0.01
0.03
0.05187639912
0
0.008
0.02
0.002
0.014
0.022
0.01
0.14
0.016
0.002
0.001936685497
0.01
0.15
0.01
0.0417532714
0.002
0.25
0
0.002
0.022
0.018
0
0.014
0.128
0.078
0.026
0.008
0.002
0.028
0.01
0.006
0.012
0.004
0.622
0.018
0.002
0.004
0.014
0.03
0.02
0.004
0.05360727423
0.032
0.034
0.014
0.004
0.212
0.004
0.044
0.004
0.018
0.046
0.09593594035
0.01
0.036
0.012
0.046
0.026
0.018
0.022
0.052
0
0.016
0.088
0.004
0.042
0.022
0.344
0.026
0.064
0.574
0.01
0.01
0.048
0.002
0.008
0.002
0.008
0
0.07387854802
0.002
0.004
0.5495841584
0.012
0.022
0.006
0.014
0.072
0.002
0.02
0.006
0.01
0.016
0.002
0.008
0.022
0.096
0.014
0.008
0.008
0
0.022
0
0.012
0.03369690676
0.762
0.03
0.002
0.906
0.016
0.012
0.042
0.006
0.004
0.002
0.018
0.018
0.018
0.003767448554
0.006
0.03
0.016
0.014
0.024
0.232
0.046
0.778
0.062
0.016
0.028
0.02
0.004
0.002
0.008
0.036
0.072
0
0.32
0.08387599497
0.024
0.004
0.002
0.042
0.008
0.022
0.006
0.01
0.006
0.01
0.002
0.006
0.01
0.07
0.018
0.052
0.024
0.024
0.06164414553
0.014
0.006
0.004
0.04
0
0.01
0.01
0.006
0.006
0.01
0.008
0
0.028
0.002
0.004
0.004
0.518
0.002
0.028
0.018
0
0.012
0.002
0.002
0
0.018
0.006
0.032
0.01
0.062
0.754
0.004
0.028
0.189877513
0.002
0
0.01
0.06
0.012
0.326
0.046
0.036
0.01
0
0.024
0.002
0.01
0.008
0.066
0.022
0.812
0.004
0.206
0.004
0.024
0.22
0.108
0.002
0.032
0.034
0.798
0.4
0.012
0.002
0.052
0.008
0.214
0.066
0.002
0.008
0.198
0.004
0.02
0.004
0.13
0.032
0.012
0
0.006
0.008
0.012
0.046
0.014
0.032
0.008
0.012
0.144
0.026
0.054
0.022
0.004
0.71
0.016
0.036
0.008
0.072
0.036
0
0.014
0.032
0.024
0.006
0.02
0.006
0.698
0.028
0.022
0.066
0.016
0.016
0.01
0.006
0.012
0.3599569328
0.004
0.016
0.014
0.038
0.01
0.008
0.004
0.126
0
0
0.02
0.044
0.03
0.032
0.006
0
0.294
0.276
0.024
0.016
0.014
0.888
0.048
0.05593673271
0.016
0.628
0.014
0.068
0.022
0.89
0.088
0.016
0.014
0.03
0.008
0
0.006
0.014
0.044
0.104
0.062
0.002
0.046
0.05354612253
0.008
0.018
0.012
0.002
0.008
0
0.068
0.001875965401
0.016
0.116
0.092
0.006
0.048
0.024
0.01
0.008
0.008
0.176
0.018
0.004
0.016
0.044
0.19
0.09
0.07769733428
0.454
0.004
0.042
0
0
0.04
0.0457098178
0
0.004
0.006
0.038
0.684
0
0.008
0.038
0.01
0.092
0.008
0.006
0.009752906676
0.01
0.006
0.03787669484
0.778
0.002
0.01
0.348
0.018
0.068
0
0.01
0.002
0.002
0.022
0.048
0.028
0.012
0.004
0.008
0
0.03
0.06
0.002
0.642
0
0.022
0.06
0.008
0.006
0.018
0.002
0.008
0.04
0
0.002
0.032
0.112
0.028
0.01
0.054
0
0.022
0.04
0.022
0.016
0.002
0.03
0
0.05525747662
0
0.012
0.056
0.03
0.018
0.024
0.02
0.002
0.008
0.01
0.018
0.012
0
0.016
0.13
0.06
0.018
0.014
0.002
0.002
0.006
0
0.008
0.002
0.006
0.006
0.112
0.038
0.012
0.012
0
0.666
0.064
0.022
0.016
0.018
0.01
0
0.676
0
0.012
0.012
0.006
0.044
0.01993642318
0.502
0.026
0
0.002
0.036
0.03
0.03
0.016
0.02
0.078
0.006
0.003764669864
0.006
0.03
0.002
0.076
0.024
0.02
0.056
0.002
0.018
0.018
0.086
0
0
0.02
0.014
0
0
0.052
0.04
0.016
0.008
0.004
0.018
0.002
0.002
0.01
0.012
0.006
0.006
0.008
0.012
0.03387581754
0.022
0.014
0.012
0.054
0.004
0.044
0
0.002
0.012
0.034
0.04
0.002
0.044
0.022
0.034
0.008
0.016
0
0.008
0.016
0.028
0.032
0.03
0.466
0.022
0.002
0.016
0.006
0.008
0.042
0.006
0.008
0.024
0.002
0.012
0.018
0.03
0
0.004
0.014
0.024
0.018
0.132
0.024
0
0.012
0.026
0.092
0.012
0.23
0
0.036
0.014
0
0
0.064
0.01
0.004
0.042
0.004
0.004
0.008
0.214
0.004
0.018
0.006
0.016
0.022
0.014
0.032
0.028
0.014
0.056
0.018
0.018
0.022
0.016
0.04
0.028
0.014
0.032
0.002
0.01
0.01
0.1198751768
0.024
0
0.03
0.008
0.128
0.01
0.106
0.012
0.002
0.176
0.018
0.01776846319
0.018
0.004
0.004
0.032
0.42
0
0.07
0.004
0.008
0.008
0.034
0.014
0.094
0.008
0
0.02
0.014
0.714
0.002
0.1
0.106
0.012
0.006
0.794
0.012
0.012
0.004
0.05
0.3071732819
0.032
0.022
0
0.044
0.024
0.004
0.064
0.654
0.01
0.002
0.04
0.004
0.012
0.05
0
0.002
0.05
0.028
0.004
0.014
0.072
0.158
0.88
0.02
0.046
0.002
0.006
0.012
0.048
0.082
0.028
0.022
0.006
0.072
0
0.006
0.086
0.026
0.044
0.002
0.028
0.012
0.01
0.012
0
0
0
0.022
0.002
0.04
0.02
0.008
0.01
0.02593700019
0.008
0.062
0.294
0.018
0.006
0.018
0.058
0.014
0.058
0.004
0.01
0.148
0.05
0.012
0.008
0
0.03
0
0.004
0.014
0.006
0.02
0.74
0.016
0.026
0.002
0.026
0.056
0.016
0.006
0.076
0.05
0.036
0.072
0
0
0.152
0.046
0.81
0.038
0.002
0.002
0.028
0.026
0.02
0.008
0.046
0.018
0.008
0
0.006
0.03
0.012
0.012
0.014
0
0.012
0.028
0.03
0.036
0.162
0.01139088482
0.16
0.158
0.006
0.008
0.052
0.008
0.002
0.13
0.018
0.084
0.004
0.196
0.003915098803
0.042
0.098
0.052
0.006
0.004
0
0.04
0.004
0.012
0.006
0.038
0.024
0.002
0.006
0
0.19
0.038
0.088
0.032
0.066
0.076
0.41
0.004
0.004
0.762
0.012
0.006
0
0
0.002
0.038
0.1
0.05395737231
0.032
0.014
0.004
0.004
0.026
0.114
0.008
0.018
0.094
0.054
0.002
0.006
0.014
0.016
0.01
0.02
0.014
0
0.08
0.03566416744
0.014
0.004
0.026
0
0.4918756105
0.018
0
0
0.028
0.084
0.19
0.016
0.012
0.004
0.402
0.002
0
0.02
0.016
0.002
0.006
0
0.014
0.006
0.01593642318
0.07
0.036
0.002
0.008
0.004
0.08
0.026
0.018
0.408
0.006
0.016
0.058
0.004
0.024
0.002
0.006
0.012
0.048
0.004
0.076
0.002
0.004
0.009667810606
0.01
0.002
0.004
0.008
0.074
0.046
0.628
0.004
0
0.224
0.042
0.01
0
0.066
0.05
0.016
0.192
0.014
0.018
0.022
0.032
0.008
0.002
0.036
0.002
0.06
0.006
0
0.118
0.052
0.006
0.002
0.0118752951
0.022
0.006
0.028
0.154
0.062
0.004
0.008
0.002
0.028
0.002
0.168
0.002
0.002
0.94
0.012
0.032
0.01
0
0.094
0.75
0.104
0.058
0.004
0.336
0.03
0.036
0
0.022
0.002
0.1
0.032
0.02
0.002
0.028
0.004
0.01
0.008
0
0.046
0.002
0.012
0.002
0.376
0.002
0.092
0.008
0.004
0.006
0.002
0
0.058
0.006
0.04
0.018
0.192
0.02
0.008
0.816
0.026
0.468
0.084
0.008
0.016
0
0.234
0.28
0.008
0.05
0.028
0.114
0.052
0.008
0.034
0.008
0.014
0
0.012
0.004
0.02
0.76
0.004
0.006
0.148
0.022
0
0.044
0.034
0.3
0.004
0.006
0.038
0.04
0.02
0.07
0.004
0.014
0.004
0.126
0.002
0.012
0.048
0.018
0.02
0.002
0.022
0.066
0.05
0.004
0.026
0
0.032
0.014
0.01
0.006
0.01
0
0.758
0.02
0.002
0.004
0.004
0.002
0.02187584711
0.03
0.026
0.028
0
0.008
0.004
0.004
0.008
0.002
0.004
0.34
0.048
0.018
0.012
0.008
0.02376793831
0.018
0.034
0.012
0.008
0.038
0.002
0.022
0.048
0.022
0.01
0.042
0.002
0.01
0.004
0.018
0.11
0.068
0.02
0.026
0.036
0.006
0.002
0.004
0.006
0.006
0.016
0.01
0.008
0
0.004
0.002
0.05
0.89
0.008
0.748
0
0.002
0.002
0.074
0.06
0
0.086
0.044
0.004
0.034
0.014
0.002
0.038
0.008
0.014
0.078
0.006
0.024
0.002
0.0437655607
0.002
0.004
0.004
0.006
0.21
0.025877306
0.004
0.01
0.006
0.004
0.018
0.108
0.46
0.01949936736
0.118
0
0.014
0.028
0.04
0
0.004
0.008
0.012
0.12
0.002
0.0716464801
0.014
0.004
0.066
0.01
0.018
0.028
0.002
0.002
0.03
0.156
0.094
0.012
0.036
0.08
0.002
0.3078781833
0
0.076
0.016
0
0.012
0
0.002
0.028
0.042
0.004
0.01
0.006
0.0358209073
0.268
0.004
0
0.038
0.006
0.028
0.006
0.01
0.006
0.008
0.2
0.078
0.002
0.006
0.192
0.6939364861
0.783417191
0.004
0.002
0.004
0.008
0.028
0.014
0.094
0.016
0.014
0.002
0.012
0.4138758077
0.04
0.016
0.002
0.01
0.002
0.032
0.01
0.034
0.004
0.0678142061
0.02
0.044
0.02
0.006
0.098
0.02
0.048
0.022
0.016
0.006
0.298
0.014
0.052
0.008
0.61
0.03
0
0.004
0.006
0.006
0.002
0.038
0.292
0.362
0.004
0.054
0.006
0.006
0.044
0.028
0.006
0.008
0.008
0.008
0.43
0.126
0.012
0.022
0.044
0
0.012
0.044
0.196
0.002
0.004
0.01
0.032
0.02
0
0
0.026
0.012
0.002
0.06
0.01
0.054
0.002
0.1098775919
0.028
0.006
0.016
0.024
0.034
0.066
0.516
0.03
0.036
0
0.002
0.052
0.002
0.612
0.002
0.004
0.004
0.01
0.008
0.002
0.1257681482
0.066
0.016
0.01
0.022
0.268
0.014
0.018
0
0.006
0.016
0.034
0.014
0.02
0.006
0.954
0.012
0.012
0.006
0.018
0.034
0.004
0.01
0.044
0
0.004
0.01
0
0
0.022
0.004
0.008
0.002
0.416
0.008
0.198
0.034
0.092
0.02
0.012
0.216
0.012
0.016
0.01976741358
0.012
0.028
0.006
0.03
0.014
0.144
0
0.272
0.02
0.112
0.014
0.074
0.012
0.042
0.068
0.002
0.002
0.384
0.008
0
0.108
0.012
0.048
0.124
0.006
0.046
0.054
0.008
0.004
0.02
0.048
0.102
0.124
0.022
0.044
0.016
0.006
0.018
0.55
0.126
0.016
0.074
0.014
0.09
0.014
0
0.036
0
0.06
0.004
0.002
0.006
0
0.018
0.012
0.036
0.01
0.006
0.004
0.048
0.006
0
0.02
0.068
0.024
0.006
0.04
0.038
0.02
0.008
0.018
0
0.07
0.004
0.012
0.01
0
0.008
0.034
0.008
0.016
0
0.004
0.01187680327
0
0.016
0.03791578404
0.004
0.002
0.016
0.004
0.834
0.008
0.252
0.008
0.032
0.86
0.004
0.044
0.028
0.02971843061
0.004
0.052
0.78
0.006
0.024
0.012
0.004
0.046
0.022
0.006
0.054
0.006
0.002
0.278
0.016
0.008
0.026
0.052
0.01
0.014
0.014
0.172
0.008
0.006
0.004
0.084
0.008
0.028
0.026
0.016
0.016
0.006
0
0.002
0.022
0.098
0.02
0.048
0.188
0.014
0.08
0.004
0.114
0.022
0.004
0.004
0.026
0.092
0.022
0.004
0.002
0
0.014
0.028
0.298
0.048
0.02587805515
0.02
0.004
0.002
0.114
0.012
0.092
0.024
0.008
0.002
0
0.006
0.17
0.006
0
0.002
0.016
0.014
0.016
0.03
0.028
0.578
0.002
0.002
0.012
0.044
0.02787548239
0.004
0.008
0.002
0.006
0
0.05
0.02
0.002
0.194
0.02
0.032
0.112
0.028
0.01587665541
0.072
0.008
0.006
0.01
0.006
0.002
0.038
0.02
0.022
0.004
0.012
0.018
0.012
0.144
0.016
0.004
0.034
0.012
0.116
0.022
0.02
0.014
0.028
0.134
0.01
0.014
0.02
0.014
0.606
0.012
0.008
0.028
0
0.028
0.2158768821
0.082
0.032
0.016
0.042
0.018
0.004
0
0.006
0.024
0.022
0
0.018
0.02
0.002
0.134
0.016
0.06
0.012
0.844
0.004
0.004
0.02
0.024
0.006
0.008
0.038
0.002
0.002
0.006
0.008
0.024
0.08
0.006
0.012
0.032
0.022
0.012
0.034
0.022
0.28
0.074
0.02787676384
0.052
0.024
0.006
0.09
0.006
0
0.009717645891
0.028
0.17
0.02
0.03
0
0.07
0.038
0.006
0.006
0.002
0.032
0.006
0.034
0.072
0.008
0.014
0.004
0.006
0.504
0.01
0.03176454763
0.016
0.002
0
0.002
0.04993548354
0
0.004
0.032
0.002
0.004
0
0.006
0.008
0.022
0.328
0.018
0.018
0.04593659632
0.002
0.052
0.154
0.02
0.096
0.06263827837
0.06162947337
0.06193647565
0.166
0.176
0.004
0.088
0.018
0.558
0.032
0.002
0.0497695484
0.696
0.012
0
0.026
0.014
0.026
0.012
0.002
0.066
0.016
0.004
0.078
0.01
0
0.008
0
0.136
0.03
0.06
0.018
0.01
0.022
0.002
0.01
0.004
0.006
0.002
0.34
0.03
0.024
0.002
0
0.02
0.05387638927
0.01
0.026
0.002
0.068
0.002
0.006
0.026
0.012
0.072
0.006
0.018
0.012
0.03587578797
0.106
0.008
0.156
0.374
0.009948851377
0.054
0.08
0.122
0.328
0.014
0.014
0.3
0.018
0.01
0.02
0.006
0.04
0
0.218
0.008
0.024
0.02
0.032
0.096
0.016
0.004
0.008
0.09
0.016
0.008
0.012
0.006
0.018
0
0.148
0.014
0.02
0.006
0.056
0.008
0.01787797629
0.026
0
0.008
0.038
0
0.024
0.004
0.002
0.058
0.028
0.066
0.02
0.046
0.018
0.3498767441
0.004
0.008
0.618
0.006
0.014
0.004
0.052
0.14
0.018
0.026
0.002
0.006
0.062
0.28
0.012
0.006
0.002
0.206
0.006
0.002
0.026
0.006
0.088
0.028
0.786
0.014
0.04
0.014
0.01
0.04
0.014
0.006
0.02
0.018
0
0.002
0.012
0.002
0.072
0.014
0.002
0
0.042
0.02
0.094
0.098
0.028
0.034
0.008
0.034
0.002
0.02
0.008
0.014
0.334
0.22
0.03
0.001875758397
0.032
0.008
0.024
0.022
0.004
0.766
0
0.002
0.002
0.04
0.038
0.002
0.008
0.014
0.004
0.006
0.008
0.13
0.006
0.004
0.012
0.02
0.008
0.018
0.032
0.03
0.02
0
0.048
0.048
0.04
0.034
0.078
0.014
0.018
0
0.028
0.3099678607
0.002
0
0.034
0.042
0.39
0.066
0.008
0.012
0.056
0.002
0.094
0.22
0
0.024
0.004
0.022
0.022
0.02
0.018
0.278
0.732
0.002
0.016
0.036
0.01
0.008
0.002
0.016
0.01
0.376
0.01
0.018
0
0.014
0.848
0.004
0.004
0
0.096
0.01
0.006
0.006
0.036
0.012
0.054
0.012
0.01
0.006
0.002
0.01
0.07730580198
0.306
0.004
0.012
0
0.056
0
0
0.046
0.008
0.008
0.068
0.01764528373
0.036
0.024
0.078
0.008
0.3758761724
0.07793600859
0.002
0.04
0.102
0.062
0.016
0.034
0.006
0.006
0.656
0.028
0.064
0.02787723699
0.014
0.006
0.29
0.004
0.682
0
0.004
0.014
0.016
0.01
0.032
0.002
0.022
0.006
0.008
0
0.04
0.008
0.008
0.014
0.008
0.012
0
0.008
0.012
0.072
0.02
0.03
0.038
0.004
0.03
0.004
0.002
0.006
0
0.008
0.002
0.39
0.03
0.01
0.008
0.034
0.032
0.036
0.012
0.008
0
0.018
0.026
0.004
0.008
0.014
0.034
0.238
0.034
0.018
0.422
0.008
0.01
0.02
0.01
0.044
0
0
0.03
0.054
0.002
0.01
0.146
0.01
0.002
0.002
0.118
0.02
0.016
0.002
0.026
0.012
0.592
0
0.01
0.036
0.002
0.034
0.018
0.01350899665
0.978
0.022
0.002
0
0.01
0.012
0.012
0.7156736933
0.088
0.082
0.15
0.024
0.012
0.006
0.01
0.008
0.024
0.068
0.008
0.002
0.046
0.01
0.072
0.022
0.002
0.018
0.012
0.002
0.012
0.19
0.028
0
0.016
0.008
0.002
0.002
0.03595659664
0.116
0.008
0.034
0.04
0.002
0.012
0.006
0.028
0.018
0
0.134
0.15
0.01
0
0.002
0
0.004
0.026
0.012
0.014
0.02
0.016
0.002
0.018
0.016
0.01
0.004
0.02
0.02
0.174
0.018
0.012
0.7759676386
0.022
0
0.04
0.06
0
0.564
0.004
0.002
0.008
0
0.04
0.086
0.012
0.002
0.018
0.806
0.018
0.46
0.156
0.018
0.008
0.058
0.064
0.032
0.04
0.026
0.46
0.004
0.024
0.014
0.008
0
0.014
0.004
0.008
0.084
0.002
0
0.004
0.446
0.008
0.004
0.028
0.004
0.022
0.002
0.058
0.02195707577
0.032
0.048
0.01130865567
0.074
0.02
0.088
0.01
0.018
0.002
0.074
0.04
0.004
0.006
0.01
0.032
0.002
0.012
0.002
0
0.056
0.054
0.014
0.008
0.002
0.016
0.03
0.07
0.028
0.008
0.006
0.238
0.004
0.01
0.02
0.006
0.004
0.01
0.128
0
0.058
0.028
0.004
0.01767167481
0.008
0.154
0.006
0.096
0.004
0
0.006
0.032
0.008
0.016
0.002
0.008
0.002
0.046
0.022
0.004
0.008
0.02
0.022
0.004
0.018
0.002
0.016
0.02
0.004
0.018
0.676
0.002
0.026
0.02
0.012
0
0.002
0.022
0.646
0.008
0.008
0.012
0.004
0.03
0.026
0.01
0.092
0
0.016
0.148
0.034
0.006
0.012
0.006
0.04
0.034
0.434
0.006
0.14
0.024
0.006
0
0.008
0.014
0.004
0.01
0.01787700042
0.418
0.002
0.01
0.002
0.002
0.184
0.082
0.952
0.2041244597
0.38
0.014
0.022
0.008
0.03
0.378
0.006
0.008
0.024
0.058
0.012
0.176
0.004
0.012
0.04
0.018
0.014
0.028
0.1699674624
0.006
0.008
0.01
0
0.01
0.016
0.032
0.002
0.356
0.046
0.004
0.062
0.016
0.368
0.002
0.002
0.012
0.02
0
0
0.006
0
0.006
0.012
0.002
0.018
0.002
0.028
0.074
0
0.032
0.002
0.98
0.012
0.108
0.026
0.056
0.02
0.044
0.024
0.02
0.04987694128
0.03587702013
0.596
0.016
0.012
0.01
0.028
0.002
0
0
0.2158773651
0.006
0.006
0.016
0.018
0
0.8794572695
0.024
0.012
0.006
0.026
0.004
0.232
0.018
0.092
0.03
0.004
0.036
0.002
0.004
0.078
0.686
0.01
0.004
0.016
0.004
0
0.004
0.002
0.076
0.016
0.002
0.024
0.036
0.01
0.008
0.002
0.024
0.008
0.04187538382
0.024
0
0.106
0.258
0.022
0.01
0.02
0.008
0.04790697319
0.098
0.008
0.066
0.028
0.886
0.068
0.024
0.094
0.03
0.026
0.012
0.038
0.412
0.01
0.024
0.128
0.002
0.006
0.004
0.04
0.016
0.06
0.01
0.008
0.02
0.03
0.048
0.054
0.03
0.132
0.006
0.048
0.01
0.03
0.002
0.01
0.012
0.006
0.006
0.08
0.096
0.012
0.164
0.006
0.002
0.018
0.004
0.014
0.014
0.004
0.02
0.344
0.012
0.024
0
0
0.04
0.414
0.012
0
0.002
0.18
0.004
0.004
0.022
0
0.056
0.002
0.016
0.686
0.006
0.002
0.012
0.008
0.02
0.026
0.006
0.1316702918
0.072
0.744
0.478
0.03987694128
0.018
0.01
0
0.018
0.016
0.022
0.004
0.498
0.006
0.006
0.006
0.024
0.006
0.142
0
0.554
0.128
0.016
0.008
0.032
0.026
0.005937110307
0.012
0.004
0.022
0.016
0.002
0.022
0.028
0.016
0.862
0.024
0.03
0.022
0.062
0.004
0.024
0.006
0.67
0.008
0.012
0.064
0.492
0.008
0.024
0.014
0.01
0.008
0.004
0.01
0.004
0.102
0.012
0.006
0.014
0.002
0.052
0
0.024
0.052
0.058
0.024
0.026
0.006
0.012
0.014
0.012
0.068
0.026
0.022
0.386
0.002
0.01
0.009936470403
0.014
0.004
0.06
0.034
0
0.004
0.008
0.018
0.01
0.005768340701
0.022
0.2894859081
0.006
0.108
0.05781934907
0.004
0.008
0.02
0
0.008
0
0.008
0.004
0.002
0.024
0.002
0.01
0.044
0.004
0.004
0.012
0.012
0
0.008
0.02
0.006
0.006
0.21
0.134
0.006
0.086
0.16
0.008
0.022
0.01987768057
0.75
0.028
0.026
0.01387614283
0.032
0.032
0.036
0.002
0.012
0.008
0.01
0.042
0.01
0.106
0.016
0.004
0
0.038
0.7878763301
0.074
0.008
0.022
0.244
0.08
0.062
0.014
0.004
0.022
0.194
0.052
0.006
0.002
0.006
0.026
0.054
0.012
0.034
0.004
0.024
0.01
0.074
0.0419570293
0.028
0.006
0.002
0.006
0
0.032
0.01
0.934
0.002
0.014
0.04
0.012
0.002
0.004
0.016
0.004
0.018
0.008
0.074
0
0.002
0.018
0.004
0
0.044
0
0
0.024
0.002
0.1257681482
0
0.02
0.014
0.014
0.014
0.004
0.012
0.012
0.02
0.006
0.038
0.012
0.052
0
0
0.008
0.132
0
0.006
0.01
0.024
0.018
0.046
0.042
0.016
0.002
0.018
0.022
0.016
0
0.004
0.026
0
0.014
0.562
0.314
0.008
0.012
0.324
0.01
0.006
0.038
0.586
0.064
0.012
0.004
0.14
0.24
0.036
0.006
0.002
0.034
0
0.044
0.004
0.002
0.156
0.022
0.002
0.008
0.006
0.112
0.104
0.866
0
0.016
0.002
0.004
0.06
0.018
0.08
0.004
0.068
0.004
0.168
0.834
0.028
0.002
0.05
0.014
0.004
0.018
0.038
0.018
0.01
0.198
0.012
0.006
0.008
0.006
0.018
0.004
0.056
0
0.19
0.024
0.018
0.01
0.004
0.028
0.018
0.002
0.004
0.224
0.002
0.018
0.006
0.014
0.028
0.01
0.088
0.008
0.008
0.2997693383
0
0.016
0.008
0.076
0.136
0.014
0
0
0.02
0.006
0.014
0.016
0.028
0.016
0.002
0.002
0.33
0.032
0.032
0.008
0.1315039728
0.248
0.03
0.016
0.01
0
0.026
0
0.016
0.036
0.004
0
0.03
0.032
0.016
0.088
0.006
0.112
0
0.024
0.012
0.024
0.042
0.02
0.014
0.004
0.012
0.052
0.012
0.026
0.022
0.008
0.038
0.056
0.07
0.008
0.104
0.006
0.018
0.062
0.004
0.014
0.014
0.006
0.016
0.006
0
0.002
0
0.006
0.01
0.008
0.008
0.016
0.014
0
0.046
0.016
0.012
0.008
0.036
0.012
0.012
0.002
0.018
0.006
0
0.036
0.014
0.024
0.08762088004
0.016
0.054
0.012
0
0.016
0.006
0.016
0.092
0.008
0.02596770631
0.01
0.202
0.006
0.036
0.048
0.002
0.072
0.024
0.2
0.034
0.016
0.052
0.05
0.036
0.002
0.068
0.01
0.01
0.006
0
0.028
0.03376816574
0.03
0.012
0.05
0.01
0.008
0.046
0
0.016
0.112
0.006
0.022
0.102
0.004
0.006
0.554
0.006
0.05760329343
0.19
0
0.526
0.002
0.012
0.022
0.002
0.03
0.082
0.52
0.002
0.028
0.004
0.02376685402
0.024
0.1626071226
0
0.002
0.866
0.004
0.014
0.026
0.06
0.01
0.052
0.102
0.006
0.004
0.01
0.062
0.076
0.04
0.008
0.358
0.004
0.028
0.002
0.058
0.004
0.012
0
0.016
0.002
0.01
0.176
0.012
0.002
0.004
0.006
0
0.02595655729
0.038
0.022
0.018
0.002
0.006
0.004
0.576
0.026
0.03587599497
0.046
0.01
0.016
0.402
0.262
0.372
0.006
0
0.002
0.004
0.094
0.022
0.012
0.064
0.024
0.014
0
0.05
0.012
0.172
0.012
0.044
0.028
0.02
0.008
0.004
0.012
0.012
0.016
0
0.004
0.014
0.008
0.006
0.02
0.136
0.002
0.028
0.014
0
0.048
0.012
0.018
0.006
0.02187621183
0.186
0.2
0.038
0
0.02
0.008
0.028
0.01
0.012
0.006
0.028
0.032
0.06
0.038
0.03
0.022
0.004
0.046
0.004
0.012
0.09795741518
0.086
0
0.022
0.02
0.014
0.014
0.91
0.018
0.012
0.016
0.022
0.01
0.02
0.032
0
0.056
0
0.014
0.068
0.002
0.024
0
0.006
0.002
0.128
0.024
0.108
0.002
0.002
0
0.02
0.004
0.5298762907
0.004
0.04
0.046
0
0.002
0.024
0.004
0.02
0.138
0.058
0.176
0.036
0.054
0
0.002
0.014
0.014
0.02
0.452
0.072
0.028
0
0
0.08164237622
0
0.788
0.02187661598
0.022
0.006
0
0.01
0.038
0.002
0.02
0
0.016
0.01
0.016
0.028
0.02
0.03
0.042
0.014
0.006
0.01793600859
0.008
0.004
0.036
0.01187513739
0.024
0.052
0.028
0.01566991697
0.032
0.386
0.004
0.004
0.016
0.002
0.036
0.01
0.02
0.002
0.004
0.002
0.008
0.016
0.006
0.008
0.046
0.008
0.008
0.03
0.008
0.008
0.028
0.008
0.332
0
0
0.088
0.038
0.032
0.034
0.032
0.018
0.582
0.2658774736
0
0.026
0.034
0.01
0.002
0.002
0.038
0.018
0.018
0.058
0.006
0.018
0.114
0.048
0
0.01
0.01
0.002
0.092
0.53
0.034
0
0.084
0.006
0.118
0.012
0.012
0.084
0
0.046
0.002
0.028
0.12
0.052
0.034
0.03
0.006
0.08376662675
0.12
0.02
0.014
0.014
0.016
0.016
0.008
0.024
0.004
0.006
0
0.032
0.7058768526
0.188
0.008
0.054
0.004
0.002
0.04
0.006
0.062
0.024
0.016
0.002
0.06
0.012
0.002
0.1017556766
0.042
0.05
0.01
0.008
0.004
0.004
0.01
0.184
0.008
0.02175387269
0.004
0.014
0.026
0.006
0.046
0.068
0
0.048
0.83
0
0.028
0
0.02
0.066
0.018
0.022
0.022
0.006
0.006
0.008
0
0.012
0.222
0
0.026
0.02376435555
0.016
0.006
0
0.052
0.012
0.002
0.008
0.024
0.04
0.008
0.002
0.06
0.004
0.004
0.008
0.012
0.018
0.058
0.048
0.022
0.016
0.348
0.024
0.004
0.05
0.006
0.188
0.016
0.5
0.016
0.192
0.008
0.014
0.024
0.03
0.082
0.004
0.012
0.024
0.234
0.01
0.04
0.026
0
0.008
0.009674257169
0
0.016
0.008
0.022
0.096
0.022
0.014
0.07
0.016
0.008
0.026
0.014
0.306
0.006
0.068
0.008
0.006
0.2
0.032
0
0.03
0.018
0.532
0.016
0.082
0.074
0
0.014
0.018
0.014
0.516
0.01
0.01
0
0.68
0.142
0.04
0.014
0.024
0.002
0.006
0.13
0.032
0.002
0.028
0.212
0.02
0.014
0.006
0.006
0.016
0
0.002
0.052
0.002
0.01
0.012
0.022
0.022
0.018
0.058
0.17
0.036
0.008
0.006
0.002
0.03193664878
0.036
0.01
0.284
0.102
0
0.016
0.038
0.084
0.01
0.034
0
0.008
0.004
0.034
0.04
0.002
0.012
0
0.156
0.818
0.01
0.02987669484
0.032
0.008
0.002
0.004
0.016
0.006
0.008
0.004
0.018
0.014
0.032
0.002
0.007768148241
0.002
0.77
0.024
0.018
0.012
0.1105782988
0.002
0.004
0.01
0
0.004
0.086
0.006
0.002
0.002
0.014
0.022
0.016
0.016
0.08395719012
0.01
0.806
0.004
0.086
0.026
0.016
0.012
0.006
0.026
0.01
0.03
0.008
0.008
0.044
0.06
0.038
0.012
0.108
0.026
0.03
0.046
0.106
0.014
0.008
0.026
0.004
0.67
0.008
0.024
0.006
0.002
0.002
0.02187804529
0.178
0.004
0.004
0.014
0.016
0.006
0.028
0.522
0.01587504867
0.004
0.002
0.04
0.018
0.006
0.002
0.02
0.012
0.018
0.018
0.006
0.004
0.008
0.02
0.768
0.014
0.02
0.076
0.054
0.306
0.002
0.162
0.018
0.012
0.018
0.024
0.016
0.016
0.016
0.014
0
0.034
0.524
0.008
0.01
0.028
0.014
0.01
0.062
0.02
0.256
0.004
0.002
0.01
0.01
0.972
0.748
0.674
0.008
0.38
0.094
0.022
0.042
0.012
0
0.016
0.05
0.048
0.074
0.028
0.908
0.016
0.02
0
0
0.02
0
0.038
0.104
0.044
0.1
0.006
0
0
0.014
0.012
0.01
0.008
0.012
0.04795709363
0.002
0
0.044
0.096
0.006
0.006
0.038
0.004
0.038
0.002
0.034
0.002
0.008
0
0.016
0.024
0.002
0.006
0.03
0.004
0.016
0.012
0.048
0.002
0.88
0.06776869068
0.01
0.108
0.04
0.002
0.002
0.008
0.004
0.336
0.11
0.002
0.004
0.02587423051
0.002
0.046
0.002
0.022
0
0.006
0.028
0
0.014
0.004
0.142
0.006
0
0.007770371472
0.006
0
0.008
0
0.002
0.04
0.22
0.018
0.01
0.014
0.004
0.002
0.018
0.022
0.014
0.01
0
0.046
0.04
0.007936129308
0.016
0.064
0.004
0.042
0.008
0.112
0.248
0.036
0.004
0
0.02
0.016
0.038
0.062
0.008
0.0098750881
0
0.006
0
0.012
0.002
0.002
0.006
0.01187688213
0.074
0.118
0.166
0
0.024
0.004
0.028
0.136
0.004
0.8
0.604
0.022
0.008
0.028
0.032
0.008
0.054
0.038
0.002
0.048
0.736
0.028
0.02
0.006
0.002
0.002
0.046
0.046
0.384
0.002
0.426
0.004
0.006
0
0.034
0.006
0.004
0.01
0.292
0.558
0.01
0
0.006
0.22
0.01
0.258
0.02
0.012
0
0.006
0
0.062
0.02
0
0.026
0.01
0.056
0.006
0.002
0.048
0.01
0.008
0.038
0.044
0
0.78
0.004
0.004
0.038
0.006
0.006
0
0.002
0.002
0.156
0.004
0
0.006
0.048
0.056
0
0.004
0.018
0
0
0.012
0.07
0.008
0.02
0.004
0.004
0.04393612406
0.088
0.02
0.006
0.048
0.126
0.008
0.28
0.002
0.01
0.008
0.006
0.008
0.016
0
0.012
0.038
0.472
0.452
0.038
0.012
0.004
0.018
0.01
0.096
0.002
0.016
0.004
0.004
0.134
0.008
0.95
0.022
0.052
0.058
0.05
0.014
0.012
0.006
0.01
0.03
0.018
0
0.01
0.018
0.006
0.044
0.14
0.328
0.018
0.038
0.018
0.022
0.016
0.046
0.018
0.058
0.016
0
0.05
0.006
0.014
0.262
0.884
0.022
0.02
0.006
0.002
0.038
0.004
0.1075357717
0.004
0.002
0.002
0.004
0
0.01
0.008
0.646
0.008
0.008
0.004
0.008
0
0.604
0.002
0
0.022
0.006
0.004
0.004
0.012
0.016
0.08
0.05
0.034
0.016
0.064
0.01
0.014
0.89
0.002
0.032
0.01
0.018
0.012
0.018
0.002
0.008
0.002
0.02596768463
0.012
0.004
0.008
0.002
0.008
0.02
0.268
0.03
0.008
0.014
0.002
0.03
0.026
0.008
0.004
0.002
0.008
0.028
0.056
0.012
0.028
0.014
0.018
0.038
0.026
0.042
0.04
0.002
0.01
0.368
0.002
0.018
0.01987763129
0.002
0.012
0.354
0.828
0.016
0.03
0.012
0.168
0.008
0.01
0.006
0.002
0.004
0.004
0.024
0.002
0
0.6937669065
0.03
0.352
0.018
0.016
0.038
0.432
0.014
0.002
0.272
0
0.01
0.028
0.006
0.008
0.032
0.082
0.006
0.008
0.14
0
0.01
0
0.008
0.012
0.004
0.004
0.026
0.006
0.006
0.008
0.012
0.022
0.102
0.004
0.038
0.006
0.02
0.21
0.01
0.012
0.004
0.008
0.932
0.022
0.006
0.002
0.04
0.01
0.016
0.004
0.292
0.01
0.058
0.002
0.172
0.022
0.014
0.028
0.042
0.016
0.716
0.008
0
0.01
0.026
0.012
0.392
0
0.01
0.838
0.006
0.008
0.256
0.1258772764
0.018
0.04
0.006
0
0.028
0.024
0.028
0.21
0.098
0.06787764114
0.002
0.004
0.002
0.04
0.008
0.008
0.642
0.148
0.02793687432
0.034
0.008
0.002
0.006
0.002
0.006
0.032
0.006
0.11
0.01
0.02
0.298
0.024
0.02
0.006
0.022
0
0.358
0.038
0.056
0.026
0.008
0.006
0.188
0.144
0.004
0.032
0.022
0.138
0.004
0
0.01
0.006
0.004
0.012
0.372
0.00995720441
0.012
0.016
0.058
0.014
0
0.088
0.012
0.006
0.052
0.308
0.054
0
0.022
0.002
0.012
0.024
0.014
0.014
0
0.002
0.05979102145
0.008
0.096
0.066
0.052
0.552
0.012
0.064
0.008
0.014
0.008
0.01
0.002
0.002
0.016
0.09
0.008
0.726
0.066
0.022
0.004
0.016
0.028
0.036
0.016
0.04367106516
0.188
0.002
0.056
0.022
0.01
0.082
0
0.016
0.004
0.006
0.004
0.556
0.006
0.08356576023
0.922
0.01
0.024
0.002
0
0.012
0.026
0
0.002
0.014
0.072
0.006
0.004
0.21
0.002
0.01
0.024
0.012
0.006
0.04
0.004
0.098
0.01
0.054
0.092
0.008
0.014
0.02
0.01
0.062
0.046
0.032
0.07
0.002
0.152
0.226
0.006
0.014
0.008
0.016
0.006
0.042
0.02
0.008
0.008
0.028
0.076
0.01
0.002
0.002
0.004
0.036
0.024
0.012
0
0.024
0.21
0.208
0.002
0.026
0.004
0.012
0.018
0.006
0.01
0.462
0.012
0.012
0
0.03
0
0.006
0.014
0.002
0.048
0.004
0.012
0.01
0.152
0.008
0.018
0
0.008
0.006
0.022
0.228
0.008
0.016
0.006
0.05
0.006
0.006
0.002
0.004
0.006
0.14
0.004
0.028
0.314
0.014
0.04
0.068
0.002
0.034
0.014
0.37
0.002
0.016
0.048
0.258
0.048
0.042
0.066
0.002
0
0.024
0.008
0.002
0.008
0.002
0.016
0.008
0.034
0.012
0
0.012
0.002
0.038
0.016
0.608
0.1
0.004
0.042
0.01
0.006
0.178
0.002
0.034
0.008
0.16
0.014
0.008
0.022
0.004
0.006
0.486
0.012
0
0.218
0.002
0
0.006
0.026
0.006
0
0.01
0
0.016
0.006
0.024
0
0.014
0
0.03187736514
0.012
0.006
0
0.016
0.002
0.006
0.012
0.008
0.006
0.006
0.028
0.046
0.002
0.034
0.022
0.012
0.064
0.184
0.008
0.042
0
0.002
0.01
0.014
0.296
0.162
0.006
0.024
0.004
0.096
0.014
0.006
0.004
0.018
0.012
0
0.002
0.032
0.044
0.004
0.046
0.582
0.16
0.57
0.002
0.3275046774
0
0.022
0.088
0.002
0.04
0.018
0
0.014
0.04
0.002
0.012
0.018
0.002
0
0.016
0.042
0.006
0.068
0.002
0.022
0.256
0.008
0.002
0.002
0.002
0.014
0.004
0.07167094795
0
0.012
0.002
0.048
0.042
0.068
0.024
0.002
0.016
0.012
0.018
0.012
0.004
0.016
0.03
0.028
0.014
0.026
0.002
0.002
0.002
0.006
0.008
0.002
0.016
0.012
0.012
0.008
0.01
0.002
0.054
0
0.014
0.318
0.01
0.006
0.012
0.068
0.012
0.504
0.126
0.014
0.026
0.656
0.02
0.012
0.022
0.002
0.1379365124
0.052
0.038
0.026
0.232
0.032
0.006
0.004
0.004
0.002
0.182
0.01
0.024
0.446
0.022
0.094
0.002
0
0.01
0.162
0.032
0.012
0.012
0.016
0.672
0.004
0
0.008
0.004
0.004
0
0.018
0.02
0.012
0.05164196043
0.036
0.004
0
0.016
0.124
0
0.042
0.002
0.082
0.128
0.14
0.022
0.12
0.01
0.002
0.008
0.476
0
0.028
0.044
0.004
0.044
0.01
0.018
0.022
0.028
0.002
0.07
0.05
0.012
0.012
0.002
0.002
0.054
0
0.02
0.094
0.02
0.008
0.3077539023
0.002
0.158
0.02
0.034
0.024
0.006
0.012
0
0.406
0.008
0.054
0.288
0.022
0.93
0.002
0.086
0.512
0.002
0.002
0
0.01
0.02
0
0.378
0.022
0.05795682196
0.042
0.008
0.07
0.018
0.008
0.008
0.062
0.878
0.016
0.058
0.018
0.01
0.004
0.014
0.002
0.012
0
0.006
0.418
0.06
0.002
0.01
0.774
0.004
0.262
0.026
0.016
0
0.002
0
0.054
0.004
0.008
0.028
0.144
0.054
0
0.018
0.002
0.05
0.012
0.02
0.002
0.002
0
0.002
0.03
0.032
0.002
0.016
0.038
0.04
0.082
0.008
0
0.014
0.094
0
0.026
0.014
0.082
0.006
0.056
0.01
0.09595706504
0.004
0.002
0.002
0.056
0.012
0.032
0.178
0.092
0.004
0
0.042
0.01
0.028
0.02587555139
0.002
0
0.008
0.002
0.018
0.118
0.006
0.022
0
0.056
0.01
0.018
0.052
0.006
0.002
0.008
0.004
0.35
0.094
0.03
0.01
0.018
0.004
0.006
0.1319570293
0.036
0.06
0.08
0.004
0.014
0.136
0.002
0.002
0.692
0.002
0.416
0.07
0.082
0.012
0.058
0.048
0.36
0.016
0.022
0.63
0.05
0.002
0.012
0
0.01
0.014
0.01
0.038
0.002
0.884
0.014
0.042
0.082
0.042
0.012
0.02
0.006
0.002
0.016
0.004
0.012
0.038
0.02
0.034
0.02793645466
0.007876941275
0.012
0.002
0
0.308
0.046
0
0.002
0.126
0.024
0.032
0.08
0.004
0.102
0.026
0.044
0
0.016
0.21
0.068
0.074
0.012
0.038
0.018
0.006
0.01
0.054
0.004
0.094
0.03187583726
0.006
0.03
0.006
0.004
0.02
0.006
0.004
0.01
0.01
0.018
0.02
0.064
0.07082413235
0.43
0.004
0.244
0.564
0.004
0.016
0
0.006
0.006
0
0.276
0.006
0
0.012
0.004
0.002
0.016
0.034
0
0.01
0.046
0
0.006
0
0.212
0.112
0.022
0.004
0.01
0.694
0.01
0.022
0.018
0.02
0.002
0.006
0.048
0.014
0
0.502
0.028
0.078
0.046
0.014
0.01
0.024
0.02
0.084
0.02
0.078
0.004
0.096
0
0.044
0.018
0.018
0.058
0.012
0.012
0.006
0.004
0.01
0.118
0.016
0.018
0
0.01
0.028
0.018
0.006
0.018
0.008
0.01321962753
0.008
0.02
0.006
0.016
0.012
0.874
0.016
0.006
0.174
0.004
0.002
0.3558115609
0.002
0.014
0.002
0.01
0.03350756541
0.022
0.116
0.016
0.844
0.004
0.004
0.026
0.014
0.036
0.102
0.002
0.018
0.032
0.076
0.006
0.02
0.014
0.006
0.038
0.332
0.672
0.066
0.004
0.014
0.008
0.022
0.048
0.04
0.03
0.024
0
0.006
0.014
0.688
0.01
0.012
0.004
0.004
0.006
0.208
0.006
0.014
0
0.008
0.006
0.502
0
0
0.034
0.004
0
0.004
0.02
0.016
0.012
0.006
0.018
0.03
0
0.032
0.02
0.008
0.02
0.01
0.366
0.002
0.028
0.014
0.006
0.006
0.026
0
0.022
0.024
0.01553440803
0.024
0.159811099
0.016
0.026
0.016
0.034
0.014
0.022
0.076
0.02
0.022
0.108
0.05
0.004
0.002
0.01
0.002
0.02
0.004
0
0.01
0.004
0.008
0.768
0.154
0.308
0.002
0.008
0.014
0.01
0.806
0.04993673271
0.13
0.004
0.024
0.064
0.024
0.02
0.032
0.078
0.038
0.002
0
0.018
0.008
0.176
0
0.012
0.046
0.006
0.002
0.048
0.002
0.014
0.072
0.042
0.702
0.092
0.006
0.004
0.014
0.028
0.864
0.29
0.01
0.004
0.02
0.696
0.048
0.026
0
0.048
0.01
0.001580904589
0.07
0.06
0.002
0.086
0.02
0.018
0.014
0.008
0.044
0.158
0.006
0.056
0.022
0.03787570911
0.02
0.892
0.01
0.048
0
0.162
0.02587761157
0.008
0.218
0.004
0.002
0.028
0
0.03975182237
0.748
0.006
0.002
0
0
0.002
0.006
0.042
0
0.004
0.004
0.004
0.028
0
0.002
0.02
0.038
0.056
0.01
0.002
0.002
0.014
0.008
0.054
0.006
0.064
0.01387775943
0.004
0.002
0.004
0.064
0.002
0.002
0.026
0.146
0.05
0.01
0
0.336
0.024
0.016
0.046
0.056
0.042
0.004
0.006
0.005766067435
0.006
0.034
0.01
0.002
0.002
0.004
0.002
0.01
0.046
0.012
0.004
0.802
0.01
0.01
0.01
0.032
0
0.386
0.012
0.012
0.022
0.01
0.008
0.05
0.008
0.018
0
0.108
0
0
0.024
0.004
0.048
0.006
0.038
0.018
0.002
0.012
0.024
0.02
0
0.02
0.012
0.024
0.012
0.008
0.062
0.008
0.048
0.026
0.222
0.004
0.002
0.064
0.06
0.004
0
0.004
0.002
0.048
0.032
0.0457666792
0.012
0.06
0.064
0.536
0.008
0.014
0.002
0.002
0.036
0.008
0.928
0.002
0.184
0.1458769314
0.014
0.016
0.008
0.01
0.016
0.012
0.004
0.032
0.006
0.006
0
0.042
0.538
0.01587650755
0.362
0.018
0.038
0.006
0
0.026
0.012
0.034
0.004
0.068
0.006
0.002
0.006
0.054
0.014
0.008
0.034
0.016
0.496
0.03
0
0.014
0.006
0.002
0.002
0.126
0.142
0
0
0.002
0.022
0.018
0.048
0.034
0.662
0.026
0.004
0.162
0.03
0.036
0.028
0.01
0.02
0.01
0.516
0.008
0.024
0.01
0.028
0.002
0.02
0.25
0.224
0.012
0.002
0.016
0
0.006
0.8608661435
0.016
0.02
0.026
0.002
0.024
0.048
0.026
0.058
0.03
0
0.006
0.012
0.002
0.224
0.06
0.014
0.02
0.016
0.036
0.004
0.014
0.004
0.008
0.016
0.002
0.004
0
0.542
0.026
0.01
0.014
0.81
0.008
0.008
0.006
0.002
0.05
0.002
0
0.03
0.01
0
0.004
0.002
0.01
0.042
0.126
0.004
0.048
0.008
0.024
0.012
0.002
0.038
0.012
0.018
0.008
0
0.002
0.028
0.074
0.216
0.002
0.67
0.002
0.022
0.006
0.004
0.012
0.004
0.676
0.026
0.002
0
0
0.002
0.002
0
0
0.272
0.006
0.014
0.036
0.018
0.442
0.006
0.01
0.01587830158
0.014
0
0.026
0.034
0.008
0.012
0.028
0.006
0.002
0.006
0.028
0.018
0.394
0.008
0.004
0.01
0.114
0.002
0.006
0.094
0.01
0.014
0.002
0.1037491493
0.012
0.012
0.18
0.158
0.608
0.062
0.008
0.004
0.032
0.034
0.022
0.016
0.006
0.004
0.008
0.006
0.008
0.012
0.012
0
0.054
0.056
0.048
0.024
0.03
0.1598757091
0.01
0.026
0.004
0.692
0.012
0.002
0.002
0.01
0.012
0.902
0.014
0.014
0.03
0.016
0.01
0.002
0.012
0.004
0.014
0.004
0.006
0.082
0.04554844212
0
0.008
0.046
0.008
0.002
0
0
0.042
0.02
0.162
0.008
0.004
0.002
0.032
0.006
0.002
0.012
0.024
0.02
0.012
0.292
0.066
0
0.004
0.008
0.006
0.5537687432
0.004
0.068
0.016
0.004
0.028
0.008
0.002
0.016
0.004
0.028
0.01
0.004
0.04
0.012
0.01
0.014
0.002
0.118
0.026
0.02
0.006
0.056
0.006
0.008
0
0.01
0.196
0
0.008
0
0.07
0.02
0.018
0.002
0.014
0.012
0.008
0.138
0.022
0.006
0.044
0.062
0.004
0.006
0.014
0.018
0.006
0.048
0
0.088
0.018
0.018
0.186
0.056
0.026
0
0.028
0.024
0.03
0.05191498914
0.016
0.034
0.076
0.032
0.07
0.01
0.024
0.002
0.028
0.006
0.002
0.006
0.092
0.012
0.002
0.008
0.004
0.6799566503
0.006
0.004
0.002
0.2464156005
0.014
0.01
0.034
0
0.01
0.028
0.026
0.012
0.01
0.006
0.022
0.024
0.102
0.004
0.004
0.03
0.022
0.008
0
0.19
0.008
0.036
0.01
0.324
0.012
0.05
0.014
0.022
0.008
0.004
0.046
0.02
0.292
0.004
0.004
0.012
0.002
0.496
0.002
0.018
0.01
0.2
0.008
0.028
0
0.012
0.002
0.012
0.014
0.004
0.54
0.006
0.04
0.012
0.016
0.002
0.03
0.206
0.054
0.012
0.002
0.084
0.002
0.008
0.004
0.044
0.104
0.264
0.004
0.054
0.006
0.09
0.006
0.006
0.012
0.036
0.002
0.006
0.058
0.007875758397
0.09
0.008
0.144
0.024
0
0.006
0.02
0.358
0.032
0.042
0.006
0
0.026
0.024
0.024
0.14
0.004
0.018
0.012
0.002
0.006
0.002
0.016
0.004
0
0.004
0.004
0.004
0.008
0.002
0.008
0.004
0.054
0.012
0.182
0.004
0
0.022
0.044
0.01
0.16
0.126
0.002
0.002
0.016
0.024
0.042
0.054
0.018
0.15
0.002
0.016
0.088
0.006
0.016
0
0.016
0.122
0.382
0.022
0
0.04787570911
0.006
0.3
0.012
0.002
0.024
0.002
0.03
0.004
0.068
0.8210840683
0.018
0.108
0.012
0.008
0.036
0.012
0.002
0.132
0.056
0.018
0
0.19
0
0.052
0.004
0.026
0.13
0.018
0.028
0.7393876253
0.01
0.028
0.004
0.01
0.004
0.05976620725
0.02
0.1634645949
0.022
0.21
0
0.188
0.008
0.004
0.044
0.356
0.024
0.01
0.012
0.246
0.002
0.004
0.012
0.002
0.002
0.002
0.56
0.01
0.012
0.032
0.008
0.004
0.02
0.004
0.004
0.018
0.018
0.012
0.152
0
0.008
0.04
0.04
0.012
0.008
0.02393557282
0.09377093207
0.004
0.5697543853
0.04
0
0.002
0.012
0.05760318808
0.046
0.004
0.002
0.002
0.024
0.066
0.006
0.034
0.032
0.002
0.028
0.066
0.024
0.014
0.006
0.074
0.032
0.002
0.02
0
0.052
0.044
0.002
0.374
0.012
0.034
0
0.024
0.05
0.026
0.038
0.01
0.006
0.222
0
0.002
0.038
0.074
0.006
0.08
0.008
0.874
0.184
0.122
0
0.01
0.01
0.018
0.11
0.018
0.04
0.004
0.006
0.202
0.094
0.034
0.032
0.002
0.018
0.09987621183
0.022
0.2
0.002
0.012
0.008
0.01
0.008
0
0.006
0.038
0.044
0.006
0.006
0.058
0.406
0
0.18
0.004
0.786
0
0.014
0.038
0
0.806
0
0.028
0.054
0.614
0.026
0.546
0.016
0.032
0
0.002
0.004
0.006
0.002
0.14
0.032
0.01
0.0499359246
0.074
0.03
0.014
0.086
0.002
0.002
0.006
0
0.018
0.038
0
0.032
0.004
0.014
0.004
0.046
0.01
0.17
0.008
0.002
0.042
0.094
0.032
0.174
0.004
0.014
0.014
0.034
0.026
0.056
0.01
0.006
0.044
0.05
0.08187580768
0.046
0.006
0.02
0.198
0.014
0.014
0.01
0.002
0.004
0.004
0.07
0.018
0.01
0.02
0
0.012
0.276
0.008
0.028
0.022
0.074
0.032
0.054
0.046
0.004
0.004
0.056
0.074
0.006
0.04
0.036
0.012
0.1019675763
0.002
0.004
0.038
0.018
0.008
0.276
0.234
0.054
0.006
0.572
0.06
0.02
0
0.007936517622
0.224
0.034
0
0.2876123508
0.066
0.492
0.184
0.796
0
0.248
0.024
0.036
0.004
0.01
0.002
0.036
0.012
0.032
0.064
0.002
0.01
0.072
0.032
0.034
0.11
0.038
0.026
0.04
0.002
0.002
0.002
0.002
0.01
0.2293108287
0.004
0.012
0.002
0.928
0.002
0.002
0.029936292
0.008
0
0.102
0.03
0.004
0.282
0.036
0.002
0.01
0.002
0.1012565057
0.002
0.06
0.816
0
0.08
0.032
0.212
0.054
0.007767815857
0.132
0.02
0.012
0.008
0.002
0.12
0.092
0.794
0.022
0.142
0.002
0
0.098
0.012
0.008
0.016
0.03
0.004
0.012
0.012
0.008
0.088
0.004
0.006
0.002
0.014
0.22
0.004
0.002
0.08771304894
0
0.412
0.004
0.022
0.016
0.042
0.062
0.076
0.004
0
0.022
0.004
0.014
0.014
0
0.068
0.016
0
0.022
0
0.02
0
0.022
0.972
0.02
0
0.702
0.018
0.116
0.01
0.008
0.004
0.012
0.002
0.006
0.006
0.018
0.01396771714
0.138
0.028
0.004
0.002
0
0.006
0.006
0.1
0.01
0.096
0.024
0.006
0.004
0.012
0.894
0.004
0.008
0.886
0.008
0.004
0.016
0.014
0.004
0.004
0.048
0.006
0.014
0.018
0.006
0.008
0.004
0.69
0.0458761724
0.042
0.062
0.032
0.032
0.002
0.002
0.038
0.132
0.03
0.024
0
0
0.004
0.164
0.02
0.058
0.208
0.014
0.018
0.006
0.006
0.004
0.036
0.002
0.014
0.036
0.006
0
0.002
0.004
0.076
0.002
0.006
0.014
0.002
0.02
0
0.006
0.046
0.018
0.138
0.024
0.058
0.006
0.978
0.55
0.422
0
0.008
0.002
0
0
0
0.022
0.01
0.088
0.024
0.03
0.366
0.034
0.81
0.024
0.004
0.01
0.002
0.002
0.046
0.012
0.048
0.004
0.004
0.002
0.012
0.006
0.044
0.012
0
0.058
0.034
0.01
0.006
0.004
0.022
0.042
0.156
0
0.028
0.026
0.002
0.086
0.16
0.06
0.016
0.016
0.01
0.096
0.1098757978
0.75
0.018
0
0.042
0.036
0.014
0.018
0.02
0.04
0.424
0.2777686732
0.018
0.094
0.006
0.012
0.924
0.002
0.024
0.012
0.002
0.028
0.004
0.022
0.008
0.002
0.014
0.004
0
0.054
0.002
0.004
0.742
0.002
0.004
0.008
0.044
0.004
0.03
0
0.026
0.016
0.018
0.08
0.048
0.936
0.02
0.098
0.048
0.08
0.016
0.018
0.038
0.118
0.206
0.382
0.898
0.018
0
0.04
0.006
0.128
0.002
0.61
0.014
0.024
0.01
0.002
0.002
0.006
0.002
0.424
0
0.112
0.01
0.01
0.056
0.038
0.004
0.014
0.012
0.412
0.058
0.02
0.022
0.058
0.012
0.014
0.896
0.3
0.002
0.01
0.004
0.004
0.036
0.004
0.018
0.002
0.038
0.004
0.01
0.032
0.196
0.006
0.002
0.01
0
0.17
0.032
0.06366416744
0.002
0.076
0.004
0.014
0.024
0.016
0.116
0.038
0
0.018
0.004
0.046
0.008
0.024
0.004
0.01
0.046
0.01
0
0.012
0.03
0.004
0.014
0
0.002
0.02
0.006
0.002
0.024
0.002
0.04195674329
0.632
0.01
0.008
0.022
0.028
0.006
0
0.002
0.032
0.036
0.026
0.012
0.008
0.138
0.1019359403
0
0.174
0.002
0.064
0.034
0.022
0.028
0.044
0.01
0.002
0.02996765483
0.038
0.016
0.02
0.126
0.002
0.012
0.002
0.002
0.076
0.03
0.006
0.018
0.014
0.032
0.004
0.006
0.046
0.086
0.058
0.006
0.026
0.01
0.002
0.032
0.002
0.012
0.002
0.008
0.022
0.018
0.034
0.022
0.008
0.028
0
0.02
0.056
0.028
0.022
0.012
0.028
0.058
0.024
0.014
0.06
0.194
0
0.008
0.706
0.028
0.004
0.004
0.048
0.046
0.006
0.026
0.002
0.01
0.01
0.012
0.076
0.02
0.022
0.816
0.01
0.02
0.022
0.03
0.016
0.006
0.006
0.016
0.002
0.12
0.00576501916
0.004
0.01190644709
0.158
0.038
0.014
0.466
0.002
0.008
0.006
0.012
0
0.01
0.046
0.03
0.006
0.026
0.026
0.026
0.04
0.02
0.032
0.022
0.026
0.138
0.55
0.008
0.554
0.002
0.016
0.004
0.008
0.024
0.726
0.814
0.008
0.076
0.01
0.046
0.01
0.012
0.006
0.016
0.25
0.03
0.004
0
0.01387754257
0.006
0.056
0.018
0.004
0.002
0.004
0.162
0.264
0.008
0.858
0.038
0.01
0.014
0.074
0.006
0.018
0.01
0
0.052
0.018
0.036
0.006
0.038
0.05
0.022
0.03983694832
0.09
0.002
0.004
0.314
0.006
0
0.006
0.004
0.002
0.048
0
0.006
0.002
0.044
0.042
0.936
0.032
0.01
0.004
0.062
0.06
0.004
0.016
0.004
0.01
0.008
0
0.005309394751
0.036
0.006
0.036
0.118
0.008
0
0.002
0.036
0.012
0.008
0.042
0
0.006
0.078
0.042
0.004
0.016
0.004
0.012
0.004
0.012
0.002
0.008
0.056
0.004
0
0.02
0.03577002118
0.166
0.082
0.518
0.048
0.052
0.002
0.058
0.01
0.006
0.01
0.014
0.02
0.008
0.002
0.03
0.01
0.002
0.016
0
0.284
0.02
0.036
0.038
0
0.01
0.018
0
0.002
0.004
0.212
0.062
0.81
0.006
0.002
0.008
0.01
0.01
0.024
0
0.182
0.1477050266
0.002
0.018
0.034
0.002
0.046
0
0.008
0.722
0.008
0.012
0.004
0.022
0.006
0.006
0.014
0.004
0.006
0.004
0.84
0.126
0.01
0.012
0.01
0.042
0.05
0.002
0.114
0.024
0.004
0.014
0.002
0.552
0.012
0.014
0.19
0.234
0
0.056
0.01776393656
0.006
0.002
0.026
0.304
0.23
0.004
0.292
0.002
0.02
0.002
0.96
0.01787705956
0.004
0.134
0.006
0.094
0.618
0.02
0
0
0.01
0.012
0.084
0.012
0.004
0.01
0.014
0.152
0.066
0.05
0.902
0.018
0.002
0.006
0.03387797629
0.006
0.134
0.144
0.848
0.066
0.06
0.684
0.002
0.638
0.044
0.004
0.006
0.016
0.032
0.06784261909
0.014
0.026
0.006
0.3817669065
0.03
0
0.07
0.014
0.01
0.03
0.004
0.014
0.176
0.022
0.016
0.028
0.002
0
0.022
0.702
0.662
0.024
0.038
0.002
0.4
0.002
0.214
0.044
0
0
0.008
0.434
0.01
0.018
0.034
0.004
0.004
0.002
0.008
0.04
0.008
0.002
0.014
0.004
0.058
0.04
0.038
0.006
0
0.004
0.024
0.014
0.002
0.054
0
0.006
0.006
0.014
0
0.014
0.016
0.032
0.016
0.044
0.108
0.354
0.002
0.01182093513
0.032
0.004
0.01
0.004
0.004
0.044
0.016
0.018
0.002
0.438
0
0.016
0.008
0.014
0.004
0
0.01
0
0.056
0
0.012
0.032
0.022
0.01
0.12
0.002
0.002
0.008
0.006
0.0377669939
0.012
0.012
0.01
0.006
0
0.02
0.014
0.006
0.018
0.004
0.016
0.002
0.022
0.012
0.026
0.012
0.004
0.002
0.002
0.006
0
0.016
0
0
0.002
0.416
0.074
0.11
0.004
0.002
0.012
0.07
0.004
0.006
0.342
0
0.032
0.102
0.002
0
0.004
0.734
0
0.006
0.024
0.038
0.202
0.002
0.03
0.004
0.676
0.038
0.02
0.052
0.016
0.05
0.004
0.036
0.006
0.032
0
0.004
0.016
0.042
0.04
0
0.04
0.128
0.166
0.002
0.012
0.11
0.004
0.042
0.006
0.004
0.004
0.002
0.002
0.008
0.006
0
0.026
0.004
0.156
0.058
0.054
0.008
0.046
0.146
0.032
0.006
0.016
0.09
0.052
0.014
0.192
0.066
0.008
0.01
0.002
0.012
0.004
0.006
0.012
0.022
0.026
0.398
0.036
0.002
0.134
0.012
0.066
0.028
0.008
0
0.028
0.008
0.004
0.012
0.02
0.016
0.102
0.006
0.006
0.012
0
0.06
0.006
0.004
0.02
0.004
0.004
0.1437671338
0.008
0.052
0.002
0.02
0.006
0.042
0.01
0.002
0.048
0.006
0.026
0.008
0.002
0.036
0.004
0.004
0.006
0
0.006
0
0.024
0
0.018
0.034
0.014
0
0.026
0.104
0.088
0.006
0.256
0.01
0
0.008
0.002
0.004
0.008
0.014
0.078
0.172
0.004
0.004
0.012
0.06
0.01
0.004
0.006
0.002
0.03
0.028
0.024
0.016
0.002
0.004
0.002
0.006
0.116
0.008
0.004
0.008
0.002
0.038
0.002
0.002
0.108
0.016
0.07
0.004
0.002
0.098
0.024
0.016
0.09
0.02
0.04
0.046
0.01
0.01
0.018
0.004
0.028
0.008
0.012
0.744
0.004
0.028
0.008
0.004
0.182
0.012
0.016
0.05
0.088
0.03164427045
0.06964455429
0.026
0.014
0.044
0.048
0.01
0.048
0
0.034
0.206
0.024
0.05583596792
0.01
0.05350306242
0.034
0.028
0.014
0.018
0.008
0.002
0
0.038
0.012
0.014
0.062
0.032
0.076
0
0.024
0.046
0.036
0.028
0.006
0.03
0.086
0.046
0.006
0.082
0
0
0.2177645476
0.014
0.022
0.034
0.002
0
0.394
0.01
0.026
0.002
0.042
0.014
0.022
0.002
0.002
0.018
0.01
0.006
0
0
0.02
0.04
0.002
0.004
0.004
0.046
0.0138206429
0.002
0.102
0.032
0.028
0.064
0.022
0.018
0.014
0.01
0.06
0.006
0.004
0.006
0.008
0
0.056
0.008
0.066
0.074
0.004
0.106
0.014
0.1039675464
0.122
0
0.046
0.002
0.006
0.004
0
0.022
0.002
0.01
0.012
0
0.012
0.008
0.094
0.02
0.03
0.062
0.008
0.098
0
0.116
0.026
0.492
0.006
0.014
0.14
0.01
0.012
0.012
0.016
0.006
0.644
0.008
0.648
0.004
0.002
0.004
0.006
0.002
0.028
0.026
0.12
0
0.064
0.418
0.046
0.006
0.002
0.002
0.012
0.02
0.1355942303
0.01
0.002
0.012
0.064
0.01
0.012
0.024
0.014
0.932
0.034
0.012
0.038
0.024
0.002
0.01
0.386
0.042
0
0.006
0.002
0
0.01
0.002
0.002
0.02
0.052
0.01
0.028
0.01
0
0.028
0.002
0.018
0.008
0.7998765273
0
0
0.03
0.006
0.022
0.042
0.286
0.002
0.018
0.018
0.802
0.19
0.014
0.088
0.006
0.532
0.028
0.918
0.034
0.04
0.02
0.068
0.016
0.006
0.02
0.008
0.016
0.004
0
0.022
0.004
0.008
0.036
0.012
0
0.034
0.05391646219
0.014
0.004
0.01
0.038
0.01
0.006
0.004
0.018
0.036
0.006
0.002
0.1533245524
0.004
0.038
0.064
0.004
0.012
0.114
0.004
0.004
0.002
0
0.028
0.022
0.01567172172
0.016
0
0
0.046
0.034
0.014
0.082
0.002
0.06
0.008
0.036
0
0.076
0.01
0.01
0.142
0.012
0.006
0.028
0.008
0.01387774957
0
0.022
0.026
0
0.02
0.026
0.036
0.026
0.334
0
0.082
0.068
0.01
0.006
0
0.53
0.006
0.03
0
0.006
0.028
0.01
0.024
0.39
0.008
0
0.054
0.014
0.06787567954
0.008
0.096
0.016
0.018
0.004
0.264
0.058
0.028
0.002
0.048
0.008
0.008
0.012
0.002
0.004
0.022
0.004
0.008
0.092
0.078
0.01
0.038
0.056
0.028
0.006
0.006
0.004
0.014
0.002
0.032
0.03187694128
0.036
0.032
0.006
0.04
0.038
0.074
0
0.014
0.004
0.022
0
0.228
0.024
0.306
0.006
0.044
0.004
0.014
0.74
0.006
0.048
0.02
0.004
0.008
0.174
0
0.016
0.008
0.3
0.044
0.404
0.126
0.896
0.006
0.094
0
0.004
0
0.034
0.026
0.052
0.03
0.006
0.032
0.014
0.002
0.108
0.01
0.058
0.004
0.018
0.004
0
0.012
0
0.108
0.036
0.004
0.09544741369
0.484
0.006
0.868
0.186
0.018
0.008
0.022
0.366
0.01
0.014
0.004
0.002
0.012
0.004
0.014
0.016
0.008
0.004
0.006
0.052
0.01587724685
0.008
0.026
0.006
0.018
0.018
0.018
0.02
0.038
0.004
0.006
0.102
0.04
0.006
0.024
0.016
0.02387736514
0.026
0.006
0.01
0.006
0.014
0.052
0.044
0.02
0.886
0.012
0.002
0.016
0.012
0.062
0.022
0.016
0.054
0.038
0.018
0.014
0.002
0.002
0.002
0.01967064326
0.038
0
0.002
0.008
0.05
0
0.024
0.038
0.002
0.014
0.012
0.002
0.026
0
0.136
0.002
0.036
0
0.008
0.02
0.004
0.154
0.014
0.04
0.006
0.018
0.052
0.006
0.164
0.026
0.03
0.09
0.004
0.02
0.07
0.032
0.018
0.004
0.012
0.01
0
0.086
0.04
0.002
0.02
0
0.02
0.006
0.036
0.006
0.132
0.012
0.008
0.002
0.082
0.034
0.1
0.024
0.02
0.004
0.004
0.062
0.008
0.066
0.008
0.008
0.028
0.268
0.286
0.682
0.006
0.004
0.02187661598
0.158
0.028
0.046
0
0.048
0.002
0.056
0.018
0.03187447695
0.008
0
0.072
0.116
0
0.004
0.012
0.02
0.004
0.008
0.004
0
0.02962675901
0.022
0.038
0.044
0.144
0.084
0
0.094
0
0.072
0.056
0
0.046
0.006
0.006
0.006
0.056
0.038
0.052
0.01987504867
0.002
0.006
0.006
0.01
0.014
0.11
0.46
0.008
0.02187544296
0.022
0.006
0
0.002
0
0.002
0.048
0.014
0.006
0
0.338
0.024
0.342
0.008
0.018
0.044
0.008
0.006
0
0
0.016
0.004
0.002
0
0.796
0.024
0.03
0.05
0.002
0.05381851465
0.003765123961
0.002
0.018
0.002
0.008
0.006
0.016
0.074
0.032
0
0.002
0.074
0.01
0.018
0
0.006
0.12
0.018
0.002
0.002
0.016
0
0.032
0.09
0.014
0.006
0
0
0.002
0.014
0.03
0.004
0.002
0
0.106
0.038
0.008
0
0.06
0.052
0.024
0.946
0.016
0
0.024
0.022
0.016
0
0.024
0.006
0.024
0.002
0.038
0.204
0.01
0.007413750131
0.014
0.08395651436
0.028
0.062
0.022
0
0.01
0.242
0.248
0.007936276255
0.01
0
0.072
0.158
0.006
0.032
0.014
0.004
0.04995750089
0.002
0.014
0.016
0.002
0.036
0.0075832318
0
0.132
0.87
0.014
0.002
0.146
0
0.01
0.008
0
0.012
0.01
0.1
0.01
0.026
0.04
0.008
0
0.028
0.014
0.01
0.004
0.01
0.018
0.01
0.038
0.026
0
0.078
0.00357916933
0.008
0.052
0.012
0
0.006
0.06
0.004
0.008
0.01
0.01
0.04
0
0.02
0.014
0.166
0.01187614283
0.014
0.02
0.118
0.078
0.024
0.026
0.008
0.026
0.004
0.02
0.038
0.034
0.012
0.01
0.028
0.008
0.044
0.014
0.396
0.6814344937
0.006
0.003669050615
0.036
0.018
0.024
0.008
0.024
0.094
0
0
0.012
0.3038742601
0.236
0.076
0.014
0.016
0
0
0.008
0.004
0.01
0.414
0.182
0.05
0.01
0
0.194
0.016
0.02
0.018
0
0.382
0.006
0.038
0.004
0.026
0.006
0.038
0.002
0.05187747357
0.004
0.004
0.014
0.046
0.038
0.008
0.018
0
0.062
0.006
0.8578375033
0.07
0.004
0.054
0.038
0
0
0.002
0.024
0.004
0.016
0.9478138541
0.008
0.422
0
0.728
0.014
0.038
0.012
0.082
0.006
0.004
0.022
0.008
0.004
0.008
0.004
0.002
0.02
0.01
0.004
0.126
0.022
0.076
0.012
0.094
0.002
0.05
0.044
0.014
0.018
0.018
0.048
0.01
0.004
0.074
0.026
0.004
0.058
0.028
0.152
0.012
0.002
0.01
0.004
0.73
0.012
0.002
0.516
0.01
0.004
0.004
0.01
0.034
0.01
0.068
0.052
0.002
0.06
0.018
0.008
0.08
0.028
0.024
0.026
0.794
0.016
0.02
0.6536454939
0.012
0.002
0.008
0.02
0
0.006
0.008
0
0.014
0.038
0.008
0.002
0.008
0
0.222
0.03
0.026
0.036
0.01
0.008
0.008
0.026
0.02
0.004
0.014
0.01
0.016
0.004
0.01
0.006
0.064
0.002
0.004
0.008
0.032
0.014
0.042
0.04
0
0.02
0.11
0.002
0.034
0.084
0.006
0.058
0.002
0.07787650755
0
0.042
0.004
0.004
0.004
0.112
0.006
0.004
0.004
0.002
0
0.078
0.426
0
0.002
0.016
0.002
0.092
0.004
0.028
0.014
0.008
0.006
0.002
0.006
0.02
0.028
0.014
0.48
0.064
0.02
0.012
0.006
0.004
0.02
0.01
0.03
0.01
0.03
0.002
0.024
0.024
0.136
0.012
0.014
0.04
0.005876882131
0.008
0.002
0.012
0.012
0.018
0.052
0.002
0.098
0.108
0.1
0.09
0.012
0.032
0.006
0.008
0.03
0.07
0.004
0.024
0.012
0.012
0.008
0.018
0.014
0.024
0.012
0.056
0.02987755243
0.306
0.046
0.004
0.006
0.092
0.004
0.032
0.022
0.112
0.004
0.042
0.002
0.298
0.002
0.002
0.01
0.01
0.006
0.84
0.004
0.006
0.004
0.818
0.002
0.356
0.016
0.002
0.078
0.018
0.264
0.062
0.006
0.038
0.004
0
0.008
0.002
0.03
0.052
0.648
0.11
0.012
0.006
0.028
0.002
0.05
0
0.374
0.004
0.026
0.008
0.002
0.006
0
0.044
0.002
0.01
0.004
0.012
0.034
0.028
0.01
0.024
0.012
0.024
0.078
0.016
0.01
0
0.009875827398
0.168
0.016
0.024
0.05
0.762
0.022
0.016
0.018
0.001935740847
0.026
0.116
0.004
0.016
0
0.016
0.022
0.32
0.026
0.18
0.028
0.008
0.01
0.024
0.02
0.002
0.062
0
0.008
0.002
0.006
0.02195741518
0.002
0
0.002
0.01
0.012
0.754
0.002
0.018
0.41
0.008
0.196
0.024
0.02
0.012
0.052
0.006
0.002
0.006
0.004
0.03
0.008
0.002
0
0
0.122
0.038
0.022
0.012
0.02991575663
0.018
0.422
0.516
0.008
0.012
0.024
0.142
0.006
0.018
0.842
0.012
0.004
0.006
0.01
0.344
0.064
0.024
0.01
0.002
0.012
0.206
0.004
0.01
0.056
0.03
0.004
0
0.008
0.01
0.072
0.016
0.038
0.064
0
0.022
0.004
0.04
0.02
0
0.016
0.016
0.206
0.444
0.016
0.464
0.118
0.012
0.022
0.044
0.004
0.002
0.006
0.7
0.002
0.046
0.012
0.01
0.004
0.028
0.022
0.01
0.022
0.168
0.032
0.012
0.003876763843
0.23
0.012
0.004
0.092
0.048
0.004
0.078
0.008
0.042
0.004
0.032
0.002
0.026
0.018
0.064
0.004
0.002
0.04
0
0.1
0.016
0.11
0.066
0.006
0.828
0.004
0.128
0.004
0
0.006
0.007671463745
0.028
0
0
0.018
0.004
0.018
0
0.002
0.008
0.386
0.016
0.01
0.004
0
0.038
0.002
0.056
0.034
0.572
0.196
0.006
0.004
0.014
0.032
0.002
0.008
0.022
0.002
0.004
0.008
0.038
0.014
0
0.006
0.038
0.034
0.03
0.01
0.06
0.394
0
0.018
0.096
0
0.004
0.02183932024
0.11
0.004
0.006
0
0.002
0.32
0.006
0.014
0.018
0.002
0.002
0.002
0.116
0.008
0.026
0.002
0.004
0.022
0.014
0.006
0.008
0.024
0.024
0.046
0.046
0.048
0.1057538333
0.016
0.042
0.042
0.016
0.01
0.096
0
0
0.024
0.016
0.01
0.018
0.004
0.062
0.016
0.016
0.024
0.028
0.07
0.002
0
0.018
0.008
0.2757678333
0.004
0.006
0.004
0
0
0.058
0.003877503142
0.086
0.01
0.008
0.036
0.022
0.006
0.152
0.01
0.026
0.016
0.01987764114
0.484
0.008
0.002
0.01
0
0
0.002
0.002
0.02
0.002
0.022
0.014
0.004
0.024
0.008
0.312
0.006
0.026
0
0
0.014
0.012
0.004
0.018
0.018
0.816
0.012
0.002
0.026
0.004
0.006
0.006
0.016
0.15
0.056
0
0.066
0.002
0.98
0.048
0.04
0.006
0.002
0.04396769547
0.012
0.008
0
0.04
0.1899370002
0.014
0.014
0.024
0.006
0.676
0.018
0
0.826
0.008
0.018
0.018
0.07
0.004
0.082
0.02
0.906
0.03376163373
0.396
0.146
0.004
0.042
0.044
0.004
0.012
0.018
0.01
0.018
0.748
0.01
0.026
0.002
0
0
0.076
0.036
0.01
0.236
0.042
0.012
0.012
0
0.02
0.008
0.094
0.002
0.01
0.02
0
0.034
0.01
0.012
0.016
0.016
0.122
0.008
0.034
0.006
0.44
0.004
0.7591613882
0.226
0
0.01
0.014
0.02
0.012
0.02
0.03
0.25
0.026
0.006
0.008
0.008
0.03752117229
0.016
0.038
0.01
0.106
0.028
0.02174772268
0.008
0.004
0.01
0.132
0
0.01
0.012
0.07187623155
0.628
0.028
0.014
0.018
0
0.002
0.038
0.09
0.004
0.016
0.088
0.064
0.02
0.026
0.004
0.008
0.034
0.016
0.024
0.002
0.012
0.016
0.004
0.004
0.078
0.006
0.114
0.008
0.038
0.012
0.002
0.004
0
0.036
0.062
0.006
0.048
0.004
0.022
0.342
0.03
0
0.004
0.01
0
0.03176788583
0.008
0.072
0.08
0.016
0.03
0.076
0.084
0.016
0.008
0.008
0.014
0.034
0.05
0.022
0.014
0.106
0.026
0.004
0.014
0.756
0
0.152
0
0.034
0.002
0.52
0.022
0.84
0.05987705956
0.004
0.002
0.024
0.002
0.044
0
0.004
0.004
0.01
0.002
0.006
0.024
0.04
0.002
0.06
0.008
0.016
0.028
0.006
0.076
0.066
0.068
0.006
0.028
0.02
0.046
0.214
0.012
0
0.028
0.03
0.006
0.14
0.41
0.036
0.004
0.006
0.026
0.416
0.03
0
0
0.004
0.01195741518
0.006
0.044
0.004
0.658
0.094
0.018
0.012
0.004
0.114
0.018
0.076
0.024
0.002
0.028
0.044
0.012
0.002
0.078
0.196
0.034
0.006
0.004
0.044
0.022
0.036
0.084
0.032
0.002
0.002
0.008
0.004
0.016
0.004
0.026
0.024
0.066
0.026
0.102
0.052
0.102
0.014
0.634
0.07
0.018
0.008
0.01371743945
0.006
0.004
0.022
0.002
0.006
0.09587694128
0.002
0.032
0
0.008
0.01
0.056
0.006
0.002
0.042
0.022
0.002
0.004
0.046
0.012
0.006
0.066
0.02787767072
0.044
0.026
0.002
0.042
0.08
0.008
0.012
0.002
0.008
0.008
0.042
0.006
0.106
0.024
0.006
0.012
0.002
0.002
0.448
0.03
0.1528587157
0.01
0.016
0.002
0.01
0.04
0.022
0.024
0.11
0.01
0.014
0.004
0.02
0.006
0.02993612931
0.052
0.002
0.442
0.092
0.016
0
0.006
0.016
0.564
0.012
0.002
0.016
0.014
0.004
0.872
0.04
0.01
0
0.002
0.006
0.02593675893
0.042
0.01
0.92
0.002
0.0538760344
0.01
0.03
0.008
0.01
0.024
0.004
0.084
0.01
0.058
0.212
0.008
0.04
0.052
0.008
0.046
0
0.004
0.002
0
0.004
0.002
0
0.01
0.288
0.038
0.04
0.01
0.004
0.804
0.012
0.01
0.006
0.026
0.032
0.012
0.024
0.072
0.024
0.004
0.5
0.004
0.12
0.49
0.008
0.03
0.948
0.006
0.016
0.026
0.044
0.018
0.028
0.018
0.006
0.006
0.022
0.008
0
0.004
0.004
0
0
0.028
0.02
0.026
0.002
0.012
0.172
0.05
0.003877759432
0.022
0.11
0.134
0.004
0.018
0.016
0.022
0.07
0.002
0.014
0.04
0.276
0
0.002
0.002
0.004
0.008
0.046
0.094
0.052
0.008
0.03579170781
0.01
0.028
0.006
0.02787581754
0.002
0.014
0.01
0.006
0.008
0
0.318
0.016
0.004
0.024
0.01
0.004
0.012
0.006
0.018
0.092
0.058
0.08
0.006
0.5456381005
0.054
0.062
0
0.064
0.022
0.012
0.004
0.028
0.088
0.184
0
0.254
0.026
0.164
0.044
0.012
0.016
0.01
0.01376869068
0.004
0.094
0.01
0.002
0
0.014
0.004
0.042
0.008
0.076
0.152
0.006
0.08
0.022
0
0.06
0.002
0.004
0.506
0.026
0.032
0.004
0.014
0.006
0.01
0.008
0.006
0.012
0.004
0.084
0.006
0.032
0.314
0.004
0.002
0.02
0
0.004
0.002
0.008
0.018
0.07
0.032
0.398
0
0.044
0.006
0.11
0.01
0.178
0.052
0.01
0.016
0.01
0.002
0.002
0.016
0.05393645466
0.002
0.004
0.01
0.014
0.08
0.034
0.072
0.04
0.066
0
0.454
0.008
0.004
0.82
0.022
0
0.752
0.02
0.018
0.002
0.034
0.012
0.004
0
0.02944328236
0.028
0.018
0.01
0.014
0.006
0.102
0.036
0.698
0.074
0.038
0.05
0.004
0.016
0.006
0.256
0.788
0.03
0.03
0.03
0.036
0.052
0.032
0.014
0.028
0.022
0.03
0.006
0.032
0.114
0.05
0.006
0.006
0.02
0.03
0.006
0.012
0.014
0.05
0.003767361111
0.016
0.028
0.008
0.002
0
0.048
0.026
0
0.408
0.004
0
0.014
0
0.01787773972
0.088
0.004
0.018
0.008
0.018
0.122
0.016
0.014
0.006
0.688
0.25
0.004
0.02
0.008
0.038
0.006
0.1219359403
0.084
0.03
0.142
0.006
0.006
0.144
0.004
0.01
0.004
0.014
0.456
0.038
0.012
0.004
0.192
0.008
0.538
0.007875206388
0.008
0.02176650439
0.006
0.052
0.002
0.014
0.008
0.002
0.074
0.002
0
0.012
0.022
0.018
0.032
0.02
0.022
0.014
0.008
0.006
0.186
0.044
0.014
0.024
0.102
0.006
0.006
0.032
0.294
0.006
0
0.03
0.008
0.008
0.028
0.87
0.028
0.004
0.01
0.012
0.012
0.004
0.03567052609
0.008
0.01
0.002
0.22
0
0.014
0.2819361398
0.012
0.77
0.008
0.024
0.012
0.044
0.092
0.01
0.044
0.064
0.008
0.014
0.006
0.008
0.01
0
0.8118765273
0.004
0.01587528525
0.002
0.484
0.02
0.026
0.004
0.008
0.008
0.344
0.022
0.012
0.01
0.008
0.024
0
0.596
0.018
0.006
0.006
0.536
0.118
0.024
0.008
0.076
0.006
0.004
0.496
0
0.004
0.002
0.012
0.034
0.02
0.006
0
0.01
0.002
0.06
0.022
0.018
0.086
0.008
0.1978778481
0.01
0.906
0
0.012
0.062
0.412
0.498
0.006
0.002
0.052
0.002
0.004
0
0.008
0.056
0.028
0.016
0.004
0.018
0
0.006
0.002
0.01966921448
0.008
0.116
0.002
0.012
0.03
0.478
0.03177049409
0.142
0
0.014
0
0.01
0.01
0.002
0.01
0.042
0.018
0.1079360401
0.002
0.012
0.02369478071
0.004
0.026
0.01
0.0158767047
0.014
0.02
0.096
0
0.024
0.042
0.002
0.006
0.008
0.116
0.012
0.33
0.6557662946
0.004
0.01
0.076
0.062
0.038
0.466
0.034
0.006
0.024
0.096
0.082
0.014
0
0.002
0.028
0.934
0.672
0
0
0.004
0.024
0.002
0.03
0.012
0.006
0.034
0
0.002
0.0358209073
0.176
0.008
0.012
0.116
0.058
0.01
0.1
0.074
0.002
0.002
0.01
0.654
0.702
0.002
0.004
0.022
0.002
0.052
0.018
0.008
0.014
0.004
0.034
0.338
0.856
0.006
0.048
0.014
0.004
0.03
0.11
0.012
0.01
0.96
0.032
0.002
0.06
0.004
0.028
0.026
0.014
0.02
0.022
0.008
0.004
0.082
0.026
0.15
0
0.02
0.006
0.064
0.004
0
0.038
0.018
0.032
0.036
0.01
0.02
0.034
0.026
0.014
0.008
0.014
0.012
0.01
0.006
0.002
0.032
0.002
0.03587661598
0
0.006
0.016
0.024
0.176
0.3097687607
0.062
0.012
0.01
0.014
0
0.016
0.012
0.052
0.01
0.988
0.06
0.006
0
0.038
0.086
0.006
0.01
0.04
0.038
0.02
0.474
0.02
0.05
0
0.034
0.038
0.022
0
0.012
0.006
0.022
0.04
0.01
0.014
0.008
0.052
0.546
0.15
0.01
0.206
0.06993562533
0.004
0.014
0.008
0.008
0.004
0.004
0.038
0.07
0.012
0.02
0.326
0.01
0.058
0.004
0.03
0.796
0.004
0.006
0.058
0.034
0.002
0.01
0.016
0
0.008
0.232
0.162
0.012
0.002
0.016
0.01
0.014
0.178
0.038
0.006
0.016
0
0.002
0.01
0.016
0.312
0.006
0.002
0.022
0.044
0.004
0.082
0.116
0.028
0.056
0.006
0
0.008
0.016
0.138
0.066
0.01
0.004
0.012
0.184
0.116
0.026
0.04
0.02
0.006
0
0.012
0.124
0.01
0
0
0.004
0.248
0.018
0.184
0.096
0.012
0.012
0.02
0.014
0.228
0.008
0.002
0.008
0.018
0.01
0.006
0.058
0
0.032
0.07
0
0.014
0.002
0.008
0.534
0.176
0.016
0.01
0.528
0.014
0
0.004
0.034
0.028
0.016
0.044
0.046
0.284
0.016
0
0.002
0.002
0.018
0.03
0.004
0.00562495358
0.006
0.022
0.022
0.758
0.01
0.002
0.3515728666
0.1
0.058
0.01
0.004
0.072
0.004
0.018
0.026
0.136
0.016
0.91
0.188
0.012
0.024
0.294
0.006
0.04793645466
0
0.004
0.01
0.004
0.002
0.014
0.01
0.048
0.114
0.032
0.004
0.034
0.008
0.03
0.056
0.006
0
0.006
0.014
0.048
0
0.018
0.008
0.008
0.024
0.006
0.04
0.028
0.056
0.004
0
0.008
0.004
0.002
0.012
0.65
0.008
0.614
0.084
0.012
0.186
0.016
0.4881134003
0.046
0.374
0.008
0.012
0.016
0.078
0.052
0.04
0.01
0.004
0.016
0.14
0.024
0.034
0.072
0.018
0.25
0
0.252
0.06
0.01
0.0658221322
0.03
0.008
0.02
0.014
0.008
0.042
0.002
0.002
0.024
0.004
0.002
0.004
0.02
0
0.972
0.006
0.028
0.006
0.008
0.02
0.326
0.034
0.032
0.002
0.018
0.7546623792
0.004
0.028
0.04
0.002
0.032
0.002
0
0.05587633012
0.016
0.006
0.53
0.01
0.03
0.002
0.006
0.01166961251
0.184
0.002
0.084
0.006
0.022
0.046
0.02
0
0.016
0.548
0.01
0
0.004
0.002
0.04555906228
0.024
0.034
0.018
0.002
0.124
0.03
0.084
0.068
0.002
0
0
0.218
0.002
0.044
0.012
0.006
0
0.7639362972
0.028
0.002
0.004
0.01387624141
0.618
0.00387736514
0.134
0.004
0
0.006
0.044
0.042
0.048
0.022
0.008
0.012
0.052
0.002
0.014
0.012
0.005878587447
0.026
0
0.006
0.014
0.02
0.946
0.018
0
0.002
0.004
0.068
0.086
0.042
0.002
0.004
0.056
0.002
0.16
0.012
0.01
0.026
0.008
0.006
0.104
0.03587696099
0.02
0
0.048
0.044
0.852
0.012
0
0.034
0.008
0.012
0.016
0.042
0.146
0.232
0.012
0.008
0.02
0.074
0.1930745346
0.002
0.014
0.014
0.02
0.164
0.01
0.004
0.018
0.004
0.016
0.016
0.026
0.086
0
0.012
0.006
0.02
0.006
0.026
0.02
0
0.058
0.182
0.368
0.062
0.008
0.006
0.004
0.05
0.048
0.786
0
0.004
0.002
0.006
0.012
0.008
0.022
0
0.016
0.65
0.024
0.058
0.006
0
0.038
0.008
0.02
0.064
0.004
0.846
0.004
0.01
0.366
0.006
0.002
0.022
0.042
0.034
0.02
0.244
0.018
0
0.034
0.032
0.03
0.028
0.002
0.032
0.008
0
0.005876359693
0.002
0.02787526553
0.008
0.018
0.02
0.01
0.006
0.01
0.02
0.004
0.03
0.01
0.014
0.01
0.006
0.058
0.004
0.016
0.01
0.012
0.378
0.01
0.016
0.016
0.026
0.004
0.008
0.014
0.056
0.006
0.018
0.024
0.002
0.04
0.014
0.002
0.174
0.096
0.002
0.036
0.018
0.016
0.02
0.02551783822
0.002
0.044
0.022
0.016
0.002
0.276
0.012
0.01
0.024
0.022
0.044
0.012
0.054
0
0.002
0.006
0.012
0.006
0.044
0.006
0.018
0.002
0.05
0.002
0.004
0.018
0.002
0.132
0.076
0.044
0.012
0.014
0.004
0.01
0.008
0.02
0.026
0.018
0.006
0.02
0.018
0.084
0.04481340799
0.004
0.012
0.868
0
0.034
0.024
0.012
0.02376937332
0.012
0.004
0
0
0
0
0.004
0.012
0.01966661848
0.042
0
0.04
0.068
0.028
0.01
0.014
0.004
0.004
0.006
0.384
0.008
0.034
0.558
0.002
0
0.042
0
0.852
0.012
0.024
0.002
0.054
0.004
0.014
0.278
0.006
0.002
0.084
0.016
0.022
0.002
0.036
0.016
0.1918756007
0.056
0.004
0.004
0.12
0
0.024
0.47
0.008
0.006
0.014
0.006
0.03
0
0.026
0.006
0.002
0.008
0.008
0.002
0.03
0.02
0.012
0.004
0.002
0.01
0.002
0.022
0.002
0.072
0.006
0.04
0.562
0.018
0.064
0.258
0.002
0.002
0.072
0.016
0.34
0.008
0
0.056
0.004
0
0.002
0.01
0
0.006
0.022
0.026
0.052
0.002
0.016
0.038
0.007766294638
0
0.022
0.02
0.008
0.042
0.008
0.004
0.022
0.004
0.032
0.676
0.884
0.13
0.01
0.006
0
0.012
0.02387528525
0.006
0.004
0.006
0.044
0.022
0
0.022
0.016
0.006
0
0.014
0.024
0.026
0.026
0.005936129308
0.016
0.012
0.068
0.022
0.01
0.022
0.006
0.004
0.006
0.922
0.028
0.018
0.03
0.43
0.09
0.05
0.022
0.112
0.028
0.03
0.002
0.002
0.01
0.014
0.002
0
0.016
0.006
0.012
0.012
0
0.322
0
0
0.006
0.008
0
0.01
0.004
0.004
0.004
0.004
0.018
0.008
0.006
0
0
0.016
0.024
0.072
0.006
0
0.038
0.01
0.03
0.01
0.088
0.038
0.014
0.04
0
0.004
0.002
0.008
0.048
0.004
0.004
0.046
0.004
0.01
0.022
0.006
0.044
0
0.02
0.002
0.078
0.008
0.018
0.004
0.004
0.01
0.006
0.012
0.086
0.146
0.01381900137
0.1
0.022
0.02
0.006
0.428
0.018
0.032
0.02
0.006
0.002
0.014
0.012
0.008
0.002
0.004
0.04
0.008
0.01
0.02
0.476
0.69
0.002
0.01
0.026
0.026
0.002
0
0.008
0.012
0
0.002
0.026
0.004
0.062
0.002
0.054
0.048
0.036
0.054
0.036
0.02
0.214
0.006
0.012
0
0.004
0.064
0.046
0.032
0.004
0.014
0.09
0.094
0.01
0.006
0.01
0.008
0.024
0.02
0.052
0.872
0.534
0.004
0.01
0.032
0.046
0.006
0.042
0.904
0.004
0.006
0.02
0.006
0.038
0.02
0.214
0.012
0.366
0.012
0
0.006
0.008
0.016
0.016
0.006
0.044
0.102
0.034
0.024
0.03
0.002
0.068
0.046
0.008
0.004
0.014
0.018
0.016
0.004
0
0.02
0.034
0.04
0.012
0.008
0.01
0.014
0.002
0.016
0.064
0.046
0.05
0.004
0.06
0.006
0.008
0.056
0.02
0.038
0.01
0.03
0.004
0.006
0.018
0.774
0.004
0.006
0.026
0.002
0.008
0.02
0.02
0.016
0.448
0.008
0.6648960066
0.016
0.004
0.012
0.008
0.016
0.01
0.002
0.01
0.068
0.362
0.024
0.006
0.006
0.034
0.006
0
0.092
0.03
0.006
0.004
0.012
0.01181976637
0.002
0.004
0
0.408
0.04
0.002
0.048
0.01
0.676
0.016
0.024
0.01
0.014
0.028
0
0.03
0.004
0.968
0.004
0.002
0.01
0.016
0
0.014
0.016
0.014
0.004
0
0.01
0.028
0.496
0
0.004
0.01
0.056
0.004
0.008
0.004
0.004
0.034
0.004
0.016
0.002
0
0.022
0.004
0.54
0.024
0.024
0.812
0.042
0
0.02
0.064
0.002
0.014
0.002
0.022
0.034
0.018
0.012
0.004
0.046
0.016
0.03
0.008
0.808
0.034
0.048
0.13
0.04
0.016
0.058
0.028
0.01
0.12
0.006
0.02
0.036
0
0.052
0.026
0.07
0.002
0
0.01
0
0.004
0.7378201837
0.008
0.034
0
0.194
0.006
0.014
0.006
0.006
0.002
0
0.004
0.114
0.022
0
0.0319365491
0.192
0.004
0.004
0.008
0.012
0.01
0.006
0.052
0.2445390879
0.036
0.028
0.064
0.538
0.006
0.144
0.022
0.004
0.014
0.018
0.022
0.006
0.004
0.008
0
0.3019360926
0.004
0.024
0.004
0.002
0.022
0.024
0.082
0.008
0.002
0.014
0.018
0.022
0.022
0.004
0.016
0.014
0.01
0.008
0.298
0.02
0.01
0.38
0
0.168
0.016
0.008
0.006
0.002
0.014
0
0.028
0
0.036
0.034
0.018
0
0.028
0.012
0.016
0.088
0.01951986764
0.048
0.03593651762
0.008
0.008
0
0.018
0.038
0.032
0.076
0.006
0.018
0.014
0.018
0.396
0.004
0.016
0
0.006
0.022
0.01
0.002
0
0.062
0.018
0
0
0.018
0.004
0.002
0.012
0.002
0.016
0.92
0.006
0.086
0.002
0.006
0.008
0.006
0.006
0.16
0.002
0.008
0.022
0.004
0.036
0.002
0.01
0.008
0.012
0.028
0.032
0.146
0.012
0.002
0.002
0.008
0
0.004
0.03
0.018
0.058
0.004
0.166
0.006
0.016
0.192
0.032
0.026
0.002
0.05179118072
0.124
0.004
0.002
0.054
0.104
0.432
0.008
0.122
0.008
0.284
0.002
0.06
0.002
0.136
0.006
0
0.1
0.01
0.004
0.028
0.006
0.162
0.002
0.096
0
0.084
0.002
0.018
0.01
0.06376618977
0.008
0.03
0.112
0.02131266996
0.004
0.006
0.032
0
0.042
0.014
0.014
0.038
0.282
0.03
0
0.08366834858
0.032
0.02593594035
0.006
0.2314464514
0.018
0.012
0.118
0.016
0.01
0.036
0.044
0
0.022
0.004
0
0.078
0.712
0.008
0.014
0.048
0.008
0.01
0.004
0.022
0
0.002
0.132
0.007171522301
0.022
0.006
0.008
0.024
0.01
0.094
0.022
0.02
0.026
0.01
0.012
0
0.01
0.048
0.006
0.014
0.01566921448
0.012
0.1039159553
0.04
0.016
0.026
0.006
0.002
0.016
0.309666782
0.002
0.002
0.006
0.006
0.002
0.004
0.066
0.012
0
0.008
0.016
0.222
0.04
0.042
0.028
0.058
0.124
0.052
0.004
0.002
0.02
0.006
0.026
0.004
0.022
0.026
0.004
0.012
0.028
0.08
0.002
0.014
0.002
0.008
0.292
0.034
0.008
0.29
0.146
0.004
0.006
0.062
0.1607727539
0.01
0.048
0.206
0.044
0.02
0.002
0
0.028
0.018
0
0.03990753732
0
0.004
0.004
0.086
0.01
0.008
0.012
0.026
0.312
0.01987679342
0
0.036
0
0
0.012
0.026
0.028
0.038
0.896
0.022
0.02
0.024
0.35
0.016
0.008
0.016
0.002
0.202
0.014
0.032
0.086
0
0.02
0.01
0.002
0.006
0.004
0.024
0
0.04
0.034
0.006
0.038
0.042
0.088
0.25
0.012
0.008
0.006
0.008
0.022
0.004
0.02
0.012
0.008
0.014
0.24
0.004
0.028
0.02
0.18
0.136
0.002
0.012
0.006
0.004
0.004
0.008
0.15
0.004
0.144
0.762
0.002
0.066
0.034
0.02787807487
0.016
0.01
0.006
0.016
0
0.014
0.234
0.174
0.036
0.01795698998
0.008
0.024
0
0.008
0.034
0.622
0.498
0.024
0.004
0.032
0.01
0.014
0.03
0.034
0.17
0.02
0
0.032
0
0.008
0.006
0.012
0.03
0.07
0.06
0.046
0.01
0
0.006
0.018
0.046
0.002
0
0.004
0.018
0.004
0.044
0.04
0.014
0.008
0.016
0.002
0
0.032
0.012
0.042
0.004
0.084
0.112
0.03387674413
0.008
0.004
0.046
0.084
0.022
0.01
0.008
0.006
0.062
0.004
0
0.014
0.014
0.08
0.856
0.034
0.044
0.008
0.028
0.018
0.02
0.004
0.006
0.018
0.008
0.002
0.02187750314
0.004
0.046
0.06
0.462
0.008
0.01
0.008
0.168
0.044
0.002
0.004
0.004
0.032
0.014
0
0.026
0.034
0.022
0.018
0.01
0
0.008
0.016
0.308
0.08976751851
0.056
0.008
0.01
0.008
0.004
0.752
0.052
0.38
0.01
0.046
0.032
0.004
0.012
0
0
0.016
0.02
0.886
0.008
0.014
0
0.026
0.012
0.036
0.794
0.008
0.044
0.082
0.032
0.008
0.02
0.026
0.034
0.036
0.006
0.07
0.012
0.022
0.012
0
0.01
0.014
0.014
0.02
0.006
0.008
0.002
0.006
0.002
0.014
0.018
0.046
0.022
0.012
0.002
0.018
0.04
0.002
0.018
0.042
0
0.022
0.002
0.088
0
0.024
0.58
0.004
0.4073818547
0.016
0.016
0.4
0.0157669939
0.024
0.016
0.1
0.036
0.016
0.018
0.012
0.008
0.012
0.01
0.028
0.046
0.322
0.016
0.496
0.028
0.002
0.052
0.064
0.02
0.08
0.018
0.008
0.082
0.052
0.972
0.014
0.026
0.008
0.004
0.02
0.028
0.534
0.02
0
0.022
0.022
0.002
0.01
0.75
0.008
0.008
0.014
0.044
0.05
0.028
0.004
0.01
0.002
0.024
0.026
0.01193644417
0.004
0.01187560068
0
0.014
0.086
0.034
0.012
0.014
0.044
0.002
0.004
0.014
0.016
0
0.062
0.04
0.024
0.022
0.016
0.06
0.02
0.004
0.008
0.018
0.006
0.048
0.144
0.004
0.008
0.006
0.018
0.06
0
0.002
0.006
0
0.008
0.012
0.002
0.016
0.984
0.008
0.008
0.01
0.016
0.01
0.076
0
0.002
0.024
0.024
0.022
0.02
0.022
0.006
0.068
0.008
0.008
0.004
0
0.012
0.014
0.02
0.002
0.018
0.02
0.024
0.02
0.008
0.026
0.01
0.014
0.964
0.016
0.026
0.006
0.012
0.028
0.004
0.032
0.006
0.308
0.01
0.008
0.002
0.02
0.02
0.008
0.008
0.008
0.034
0
0.024
0.01
0.05
0.002
0.066
0.006
0.002
0.012
0.006
0.006
0.022
0.046
0.028
0.032
0.016
0.004
0.024
0.056
0.004
0.008
0.022
0.004
0.008
0.014
0.01
0.112
0
0.02
0.006
0.02
0.02
0.006
0.3777524532
0.014
0.256
0.006
0.02
0.01
0.022
0.004
0.012
0.028
0.018
0.014
0.01
0.02
0.012
0.008
0.074
0.11
0.064
0.012
0.01
0.008
0.008
0.016
0.03
0.014
0.006
0.012
0.006
0.008
0.004
0.01
0.168
0.048
0.012
0.022
0.104
0.008
0.006
0.044
0.018
0.014
0.002
0.044
0.002
0.022
0.008
0.02
0.102
0.042
0.024
0.026
0.004
0.048
0.002
0.05
0.048
0.008
0.004
0.008
0.024
0.054
0.004
0.008
0.004
0.086
0.02
0.042
0.006
0.338
0.276
0.024
0.014
0.064
0.006
0.032
0.07
0.006
0.03
0.016
0.002
0.188
0.024
0.03
0.008
0.436
0.008
0.01
0.01
0.004
0.018
0.004
0.1
0.024
0.042
0.006
0.07593643892
0.034
0.026
0.038
0.014
0.086
0.006
0.376
0.01
0.002
0.236
0.018
0.008
0.002
0.024
0.006
0.04993718896
0.018
0.024
0.014
0.048
0.134
0.018
0.01
0.492
0.022
0.544
0.194
0.01383799532
0.788
0.008
0.01
0.046
0.034
0.002
0.03191570867
0.066
0.03
0.002
0.008
0.05
0.002
0
0.002
0.1078756795
0
0.006
0.002
0.022
0.006
0.482
0.312
0.004
0.03
0.038
0
0.008
0.002
0.006
0.082
0.912
0.008
0.006
0.066
0.02
0.008
0.004
0.006
0
0.004
0.002
0.03
0.002
0.014
0.026
0.006
0.01
0.01
0.002
0.016
0.012
0
0.002
0.048
0.054
0.482
0.002
0.05
0.006
0.016
0.042
0.004
0
0.004
0.27
0.006
0.55
0
0.028
0.116
0.026
0.038
0.012
0.01
0.016
0.594
0.004
0.018
0.022
0.05
0.076
0.01
0.046
0.012
0.026
0.034
0.768
0.032
0.014
0.004
0.052
0.016
0.026
0.018
0
0.016
0.002
0.012
0.006
0.258
0.124
0.012
0.006
0.058
0
0.002
0.056
0.002
0
0.032
0.006
0
0.002
0.008
0.0899358406
0.008
0.024
0.014
0.016
0.01
0.02
0.026
0.008
0.03796758168
0.42
0.02
0.006
0.002
0.002
0.1438773651
0.024
0
0.5439676386
0.016
0.006
0.012
0.002
0.008
0.018
0
0.07
0.024
0.408
0.002
0.002
0.006
0.016
0.002
0.006
0.002
0
0.028
0.006
0.004
0.034
0.002
0.8008534985
0
0.074
0.24
0.028
0.466
0.008
0.002
0.004
0.006
0.006
0.014
0.022
0.008
0.006
0
0.004
0.002
0.394
0.24
0.002
0.062
0.004
0
0.168
0.058
0.004
0.892
0.106
0.004
0.002
0.02
0.052
0.01
0.02
0.014
0.012
0.014
0.024
0
0.094
0
0.016
0.01
0.006
0.01
0.006
0
0.02
0.01
0
0.008
0.004
0.014
0.02
0.152
0.006
0.606
0.048
0.024
0.004
0.01
0.026
0.026
0.006
0.056
0
0.028
0.016
0.002
0.052
0.02
0
0.018
0.002
0.022
0.028
0.006
0.074
0.104
0.01
0.018
0.076
0.008
0.03
0.1
0.002
0.148
0
0.062
0.004
0.144
0.02
0.116
0.128
0.036
0.014
0.01
0.004
0.018
0.014
0.278
0.6179566503
0
0.022
0.024
0.022
0.162
0.58
0.002
0.007669987235
0.008
0.002
0.004
0.002
0.072
0.018
0.016
0.002
0
0
0.018
0.012
0.002
0.01
0.002
0.038
0.01
0.008
0.002
0.006
0.004
0.014
0.008
0.034
0.002
0.006
0.006
0
0.014
0.012
0.004
0.018
0.04
0.008
0.326
0.016
0.016
0.024
0.084
0.004
0.028
0.01
0.018
0.31
0.004
0.01
0.004
0.084
0.206
0.01
0.086
0.008
0.024
0.008
0.014
0.002
0.002
0.002
0.02
0.01987564011
0.006
0.944
0
0.062
0
0.002
0.038
0.134
0.076
0.07
0.024
0
0.004
0.15
0
0.008
0.008
0
0.002
0
0.002
0.018
0.142
0.018
0.002
0.02167228473
0.016
0.01
0.07
0.034
0.004
0.096
0.002
0.012
0.02991614711
0.176
0.01
0.016
0.028
0.002
0.076
0.004
0.016
0.004
0.01
0.028
0.034
0.034
0.02
0.004
0.25
0.97
0.02
